<?xml version="1.0" encoding="UTF-8" ?>
<!-- This is a WordPress eXtended RSS file generated by WordPress as an export of your site. -->
<!-- It contains information about your site's posts, pages, comments, categories, and other content. -->
<!-- You may use this file to transfer that content from one site to another. -->
<!-- This file is not intended to serve as a complete backup of your site. -->

<!-- To import this information into a WordPress site follow these steps: -->
<!-- 1. Log in to that site as an administrator. -->
<!-- 2. Go to Tools: Import in the WordPress admin panel. -->
<!-- 3. Install the "WordPress" importer from the list. -->
<!-- 4. Activate & Run Importer. -->
<!-- 5. Upload this file using the form provided on that page. -->
<!-- 6. You will first be asked to map the authors in this export file to users -->
<!--    on the site. For each author, you may choose to map to an -->
<!--    existing user on the site or to create a new user. -->
<!-- 7. WordPress will then import each of the posts, pages, comments, categories, etc. -->
<!--    contained in this file into your site. -->

<!-- generator="WordPress/4.4.2" created="2016-02-27 14:03" -->
<rss version="2.0"
	xmlns:excerpt="http://wordpress.org/export/1.2/excerpt/"
	xmlns:content="http://purl.org/rss/1.0/modules/content/"
	xmlns:wfw="http://wellformedweb.org/CommentAPI/"
	xmlns:dc="http://purl.org/dc/elements/1.1/"
	xmlns:wp="http://wordpress.org/export/1.2/"
>

<channel>
	<title>Dummy 3</title>
	<link>http://xtemos.com/dummy/basel3</link>
	<description>Just another WordPress site</description>
	<pubDate>Sat, 27 Feb 2016 14:03:17 +0000</pubDate>
	<language>en-US</language>
	<wp:wxr_version>1.2</wp:wxr_version>
	<wp:base_site_url>http://xtemos.com/dummy/basel3</wp:base_site_url>
	<wp:base_blog_url>http://xtemos.com/dummy/basel3</wp:base_blog_url>

	<wp:author><wp:author_id>1</wp:author_id><wp:author_login>admin</wp:author_login><wp:author_email>admin@basel.as</wp:author_email><wp:author_display_name><![CDATA[admin]]></wp:author_display_name><wp:author_first_name><![CDATA[]]></wp:author_first_name><wp:author_last_name><![CDATA[]]></wp:author_last_name></wp:author>


	<generator>https://wordpress.org/?v=4.4.2</generator>

	<item>
		<title>logo-1</title>
		<link>http://xtemos.com/dummy/basel3/home/logo-1/</link>
		<pubDate>Sat, 13 Feb 2016 09:35:35 +0000</pubDate>
		<dc:creator><![CDATA[admin]]></dc:creator>
		<guid isPermaLink="false">http://xtemos.com/dummy/basel3/wp-content/uploads/2015/12/logo-1.png</guid>
		<description></description>
		<content:encoded><![CDATA[]]></content:encoded>
		<excerpt:encoded><![CDATA[]]></excerpt:encoded>
		<wp:post_id>121</wp:post_id>
		<wp:post_date>2016-02-13 09:35:35</wp:post_date>
		<wp:post_date_gmt>2016-02-13 09:35:35</wp:post_date_gmt>
		<wp:comment_status>open</wp:comment_status>
		<wp:ping_status>closed</wp:ping_status>
		<wp:post_name>logo-1</wp:post_name>
		<wp:status>inherit</wp:status>
		<wp:post_parent>11</wp:post_parent>
		<wp:menu_order>0</wp:menu_order>
		<wp:post_type>attachment</wp:post_type>
		<wp:post_password></wp:post_password>
		<wp:is_sticky>0</wp:is_sticky>
		<wp:attachment_url>http://xtemos.com/dummy/basel3/wp-content/uploads/2015/12/logo-1.png</wp:attachment_url>
		<wp:postmeta>
			<wp:meta_key>_wp_attached_file</wp:meta_key>
			<wp:meta_value><![CDATA[2015/12/logo-1.png]]></wp:meta_value>
		</wp:postmeta>
	</item>
	<item>
		<title>logo-3</title>
		<link>http://xtemos.com/dummy/basel3/home/logo-3/</link>
		<pubDate>Sat, 13 Feb 2016 09:35:35 +0000</pubDate>
		<dc:creator><![CDATA[admin]]></dc:creator>
		<guid isPermaLink="false">http://xtemos.com/dummy/basel3/wp-content/uploads/2015/12/logo-3.png</guid>
		<description></description>
		<content:encoded><![CDATA[]]></content:encoded>
		<excerpt:encoded><![CDATA[]]></excerpt:encoded>
		<wp:post_id>122</wp:post_id>
		<wp:post_date>2016-02-13 09:35:35</wp:post_date>
		<wp:post_date_gmt>2016-02-13 09:35:35</wp:post_date_gmt>
		<wp:comment_status>open</wp:comment_status>
		<wp:ping_status>closed</wp:ping_status>
		<wp:post_name>logo-3</wp:post_name>
		<wp:status>inherit</wp:status>
		<wp:post_parent>11</wp:post_parent>
		<wp:menu_order>0</wp:menu_order>
		<wp:post_type>attachment</wp:post_type>
		<wp:post_password></wp:post_password>
		<wp:is_sticky>0</wp:is_sticky>
		<wp:attachment_url>http://xtemos.com/dummy/basel3/wp-content/uploads/2015/12/logo-3.png</wp:attachment_url>
		<wp:postmeta>
			<wp:meta_key>_wp_attached_file</wp:meta_key>
			<wp:meta_value><![CDATA[2015/12/logo-3.png]]></wp:meta_value>
		</wp:postmeta>
	</item>
	<item>
		<title>logo-4</title>
		<link>http://xtemos.com/dummy/basel3/home/logo-4/</link>
		<pubDate>Sat, 13 Feb 2016 09:35:36 +0000</pubDate>
		<dc:creator><![CDATA[admin]]></dc:creator>
		<guid isPermaLink="false">http://xtemos.com/dummy/basel3/wp-content/uploads/2015/12/logo-4.png</guid>
		<description></description>
		<content:encoded><![CDATA[]]></content:encoded>
		<excerpt:encoded><![CDATA[]]></excerpt:encoded>
		<wp:post_id>123</wp:post_id>
		<wp:post_date>2016-02-13 09:35:36</wp:post_date>
		<wp:post_date_gmt>2016-02-13 09:35:36</wp:post_date_gmt>
		<wp:comment_status>open</wp:comment_status>
		<wp:ping_status>closed</wp:ping_status>
		<wp:post_name>logo-4</wp:post_name>
		<wp:status>inherit</wp:status>
		<wp:post_parent>11</wp:post_parent>
		<wp:menu_order>0</wp:menu_order>
		<wp:post_type>attachment</wp:post_type>
		<wp:post_password></wp:post_password>
		<wp:is_sticky>0</wp:is_sticky>
		<wp:attachment_url>http://xtemos.com/dummy/basel3/wp-content/uploads/2015/12/logo-4.png</wp:attachment_url>
		<wp:postmeta>
			<wp:meta_key>_wp_attached_file</wp:meta_key>
			<wp:meta_value><![CDATA[2015/12/logo-4.png]]></wp:meta_value>
		</wp:postmeta>
	</item>
	<item>
		<title>logo-5</title>
		<link>http://xtemos.com/dummy/basel3/home/logo-5/</link>
		<pubDate>Sat, 13 Feb 2016 09:35:36 +0000</pubDate>
		<dc:creator><![CDATA[admin]]></dc:creator>
		<guid isPermaLink="false">http://xtemos.com/dummy/basel3/wp-content/uploads/2015/12/logo-5.png</guid>
		<description></description>
		<content:encoded><![CDATA[]]></content:encoded>
		<excerpt:encoded><![CDATA[]]></excerpt:encoded>
		<wp:post_id>124</wp:post_id>
		<wp:post_date>2016-02-13 09:35:36</wp:post_date>
		<wp:post_date_gmt>2016-02-13 09:35:36</wp:post_date_gmt>
		<wp:comment_status>open</wp:comment_status>
		<wp:ping_status>closed</wp:ping_status>
		<wp:post_name>logo-5</wp:post_name>
		<wp:status>inherit</wp:status>
		<wp:post_parent>11</wp:post_parent>
		<wp:menu_order>0</wp:menu_order>
		<wp:post_type>attachment</wp:post_type>
		<wp:post_password></wp:post_password>
		<wp:is_sticky>0</wp:is_sticky>
		<wp:attachment_url>http://xtemos.com/dummy/basel3/wp-content/uploads/2015/12/logo-5.png</wp:attachment_url>
		<wp:postmeta>
			<wp:meta_key>_wp_attached_file</wp:meta_key>
			<wp:meta_value><![CDATA[2015/12/logo-5.png]]></wp:meta_value>
		</wp:postmeta>
	</item>
	<item>
		<title>logo-6</title>
		<link>http://xtemos.com/dummy/basel3/home/logo-6/</link>
		<pubDate>Sat, 13 Feb 2016 09:35:37 +0000</pubDate>
		<dc:creator><![CDATA[admin]]></dc:creator>
		<guid isPermaLink="false">http://xtemos.com/dummy/basel3/wp-content/uploads/2015/12/logo-6.png</guid>
		<description></description>
		<content:encoded><![CDATA[]]></content:encoded>
		<excerpt:encoded><![CDATA[]]></excerpt:encoded>
		<wp:post_id>125</wp:post_id>
		<wp:post_date>2016-02-13 09:35:37</wp:post_date>
		<wp:post_date_gmt>2016-02-13 09:35:37</wp:post_date_gmt>
		<wp:comment_status>open</wp:comment_status>
		<wp:ping_status>closed</wp:ping_status>
		<wp:post_name>logo-6</wp:post_name>
		<wp:status>inherit</wp:status>
		<wp:post_parent>11</wp:post_parent>
		<wp:menu_order>0</wp:menu_order>
		<wp:post_type>attachment</wp:post_type>
		<wp:post_password></wp:post_password>
		<wp:is_sticky>0</wp:is_sticky>
		<wp:attachment_url>http://xtemos.com/dummy/basel3/wp-content/uploads/2015/12/logo-6.png</wp:attachment_url>
		<wp:postmeta>
			<wp:meta_key>_wp_attached_file</wp:meta_key>
			<wp:meta_value><![CDATA[2015/12/logo-6.png]]></wp:meta_value>
		</wp:postmeta>
	</item>
	<item>
		<title>Home hero-slider</title>
		<link>http://xtemos.com/dummy/basel3/home-hero-slider/</link>
		<pubDate>Sat, 27 Feb 2016 13:56:34 +0000</pubDate>
		<dc:creator><![CDATA[admin]]></dc:creator>
		<guid isPermaLink="false">http://xtemos.com/dummy/basel3/?page_id=151</guid>
		<description></description>
		<content:encoded><![CDATA[[vc_row css=".vc_custom_1450286889453{margin-bottom: 50px !important;}"][vc_column][rev_slider_vc alias="slider-hero"][/vc_column][/vc_row][vc_row css=".vc_custom_1450370607231{margin-bottom: 80px !important;}"][vc_column][basel_title size="large" title="<strong>SHOP CATEGORIES</strong>" after_title="Ullamcper aliquam praesent suspendisse platea ullamcorper
cras condimentum nequ taciti lorem enim." css=".vc_custom_1450287776472{margin-bottom: 40px !important;}"][basel_categories orderby="" order="" columns="4" style="masonry" number="4" ids=""][/vc_column][/vc_row][vc_row full_width="stretch_row" video_bg="yes" video_bg_url="https://www.youtube.com/watch?v=VH7__ZLzUGw" css=".vc_custom_1450370616623{margin-bottom: 40px !important;background-color: #0a0a0a !important;background-position: center !important;background-repeat: no-repeat !important;background-size: cover !important;}"][vc_column basel_color_scheme="light" css=".vc_custom_1450371171661{padding-top: 70px !important;padding-bottom: 70px !important;}"][vc_column_text css=".vc_custom_1450371163021{border-top-width: 0px !important;border-right-width: 0px !important;border-bottom-width: 0px !important;border-left-width: 0px !important;padding-right: 20px !important;padding-left: 20px !important;border-left-color: #ffffff !important;border-left-style: solid !important;border-right-color: #ffffff !important;border-right-style: solid !important;border-top-color: #ffffff !important;border-top-style: solid !important;border-bottom-color: #ffffff !important;border-bottom-style: solid !important;}" el_class="text-center"]<span style="font-size: 23px; color: white;">#MyStylesheet</span>
<h2 class="font-title" style="font-size: 58px; margin: -15px 0 10px; line-height: 1.2;">Dusty <span style="color: #1aada3;">Cromwell</span>
<span class="vc_hidden-xs">provide a New Collection</span></h2>
<p style="text-align: center; font-size: 15px; color: rgba(255,255,255,1); margin-bottom: 25px;">Commodo pulvinar amet parturient mus sociis dis parturient conubia suspendisse turient
mus sociis dis parturient conubia suspendisse nullam

<a class="btn btn-size-small btn-color-white" href="#">PURCHASE BASEL</a>[/vc_column_text][/vc_column][/vc_row][vc_row full_width="stretch_row"][vc_column][basel_title size="large" title="<strong>FEATURED PRODUCTS</strong>" after_title="Adipiscing hac nam a condimentum vitae vulputate adipiscing
penatibus est nam id praesent consectetur." css=".vc_custom_1450287788941{margin-bottom: 40px !important;}"][recent_products per_page="8" columns="4" orderby="" order=""][/vc_column][/vc_row][vc_row full_width="stretch_row" css=".vc_custom_1450288024856{margin-top: 0px !important;margin-bottom: 40px !important;background-color: #f9f9f9 !important;}"][vc_column][vc_images_carousel images="125,123,124,121,122" img_size="full" slides_per_view="5" hide_pagination_control="yes" hide_prev_next_buttons="yes" css=".vc_custom_1456577584814{margin-bottom: 0px !important;}"][/vc_column][/vc_row][vc_row full_width="stretch_row" css=".vc_custom_1450288358574{margin-bottom: 80px !important;}"][vc_column][basel_title size="large" title="<strong>FASHION MAGAZIN</strong>" after_title="Ullamcper aliquam praesent suspendisse platea ullamcorper
cras condimentum nequ taciti lorem enim." css=".vc_custom_1450287801988{margin-bottom: 40px !important;}"][basel_posts slides_per_view="3" posts_query="size:3|post_type:post" img_size="500x350"][/vc_column][/vc_row][vc_row css=".vc_custom_1456577605681{margin-top: 30px !important;margin-bottom: 70px !important;padding-top: 120px !important;padding-bottom: 120px !important;background-image: url(http://xtemos.com/dummy/basel3/wp-content/uploads/2016/02/fashing-store-baner-12.jpg?id=176) !important;background-position: center !important;background-repeat: no-repeat !important;background-size: cover !important;}"][vc_column][vc_row_inner][vc_column_inner width="1/4" offset="vc_col-lg-4 vc_col-md-4"][/vc_column_inner][vc_column_inner width="5/6" offset="vc_col-lg-4 vc_col-md-4"][vc_column_text css=".vc_custom_1448985697109{margin-right: 20px !important;margin-left: 20px !important;padding-top: 40px !important;padding-right: 20px !important;padding-bottom: 40px !important;padding-left: 20px !important;background-color: #ffffff !important;}" el_class="text-center"]
<h4 class="font-title" style="margin-bottom: 10px;">VISIT OUR STORE IN PARIS</h4>

<hr style="margin-bottom: 10px;" />

<h5 style="margin-bottom: 10px;"><i class="fa fa-clock-o" style="opacity: 0.5; margin-right: 5px;"></i> OPENING HOURS:</h5>
Mon - Fri    <strong style="color: black;">8am - 6.30pm</strong>
Saturday    <strong style="color: black;">8am - 6pm</strong>
Sunday    <strong style="color: black;">CLOSED</strong>[/vc_column_text][/vc_column_inner][vc_column_inner width="2/3" offset="vc_col-lg-4 vc_col-md-4"][/vc_column_inner][/vc_row_inner][/vc_column][/vc_row][vc_row full_width="stretch_row_content_no_spaces" css=".vc_custom_1448986155989{margin-bottom: -40px !important;}"][vc_column][vc_column_text]
<h3 style="text-align: center; color: black;"><strong><i class="icon-social-instagram icons" style="margin-right: 7px; font-size: 18px;"></i>FOLLOW @INSTAGRAM</strong></h3>
[/vc_column_text][basel_instagram per_row="6" number="6" username="joeylondonstyle"][/vc_column][/vc_row]]]></content:encoded>
		<excerpt:encoded><![CDATA[]]></excerpt:encoded>
		<wp:post_id>151</wp:post_id>
		<wp:post_date>2016-02-27 13:56:34</wp:post_date>
		<wp:post_date_gmt>2016-02-27 13:56:34</wp:post_date_gmt>
		<wp:comment_status>closed</wp:comment_status>
		<wp:ping_status>closed</wp:ping_status>
		<wp:post_name>home-hero-slider</wp:post_name>
		<wp:status>publish</wp:status>
		<wp:post_parent>0</wp:post_parent>
		<wp:menu_order>0</wp:menu_order>
		<wp:post_type>page</wp:post_type>
		<wp:post_password></wp:post_password>
		<wp:is_sticky>0</wp:is_sticky>
		<wp:postmeta>
			<wp:meta_key>_wp_page_template</wp:meta_key>
			<wp:meta_value><![CDATA[default]]></wp:meta_value>
		</wp:postmeta>
		<wp:postmeta>
			<wp:meta_key>_basel_main_layout</wp:meta_key>
			<wp:meta_value><![CDATA[full-width]]></wp:meta_value>
		</wp:postmeta>
		<wp:postmeta>
			<wp:meta_key>_basel_header_color_scheme</wp:meta_key>
			<wp:meta_value><![CDATA[light]]></wp:meta_value>
		</wp:postmeta>
		<wp:postmeta>
			<wp:meta_key>_wpb_shortcodes_custom_css</wp:meta_key>
			<wp:meta_value><![CDATA[.vc_custom_1450286889453{margin-bottom: 50px !important;}.vc_custom_1450370607231{margin-bottom: 80px !important;}.vc_custom_1450370616623{margin-bottom: 40px !important;background-color: #0a0a0a !important;background-position: center !important;background-repeat: no-repeat !important;background-size: cover !important;}.vc_custom_1450288024856{margin-top: 0px !important;margin-bottom: 40px !important;background-color: #f9f9f9 !important;}.vc_custom_1450288358574{margin-bottom: 80px !important;}.vc_custom_1456577605681{margin-top: 30px !important;margin-bottom: 70px !important;padding-top: 120px !important;padding-bottom: 120px !important;background-image: url(http://xtemos.com/dummy/basel3/wp-content/uploads/2016/02/fashing-store-baner-12.jpg?id=176) !important;background-position: center !important;background-repeat: no-repeat !important;background-size: cover !important;}.vc_custom_1448986155989{margin-bottom: -40px !important;}.vc_custom_1450287776472{margin-bottom: 40px !important;}.vc_custom_1450371171661{padding-top: 70px !important;padding-bottom: 70px !important;}.vc_custom_1450371163021{border-top-width: 0px !important;border-right-width: 0px !important;border-bottom-width: 0px !important;border-left-width: 0px !important;padding-right: 20px !important;padding-left: 20px !important;border-left-color: #ffffff !important;border-left-style: solid !important;border-right-color: #ffffff !important;border-right-style: solid !important;border-top-color: #ffffff !important;border-top-style: solid !important;border-bottom-color: #ffffff !important;border-bottom-style: solid !important;}.vc_custom_1450287788941{margin-bottom: 40px !important;}.vc_custom_1456577584814{margin-bottom: 0px !important;}.vc_custom_1450287801988{margin-bottom: 40px !important;}.vc_custom_1448985697109{margin-right: 20px !important;margin-left: 20px !important;padding-top: 40px !important;padding-right: 20px !important;padding-bottom: 40px !important;padding-left: 20px !important;background-color: #ffffff !important;}]]></wp:meta_value>
		</wp:postmeta>
		<wp:postmeta>
			<wp:meta_key>_basel_header-overlap</wp:meta_key>
			<wp:meta_value><![CDATA[on]]></wp:meta_value>
		</wp:postmeta>
		<wp:postmeta>
			<wp:meta_key>_basel_title_off</wp:meta_key>
			<wp:meta_value><![CDATA[on]]></wp:meta_value>
		</wp:postmeta>
	</item>
</channel>
</rss>
