<?xml version="1.0" encoding="UTF-8" ?>
<!-- This is a WordPress eXtended RSS file generated by WordPress as an export of your site. -->
<!-- It contains information about your site's posts, pages, comments, categories, and other content. -->
<!-- You may use this file to transfer that content from one site to another. -->
<!-- This file is not intended to serve as a complete backup of your site. -->

<!-- To import this information into a WordPress site follow these steps: -->
<!-- 1. Log in to that site as an administrator. -->
<!-- 2. Go to Tools: Import in the WordPress admin panel. -->
<!-- 3. Install the "WordPress" importer from the list. -->
<!-- 4. Activate & Run Importer. -->
<!-- 5. Upload this file using the form provided on that page. -->
<!-- 6. You will first be asked to map the authors in this export file to users -->
<!--    on the site. For each author, you may choose to map to an -->
<!--    existing user on the site or to create a new user. -->
<!-- 7. WordPress will then import each of the posts, pages, comments, categories, etc. -->
<!--    contained in this file into your site. -->

<!-- generator="WordPress/4.5.3" created="2016-07-18 20:21" -->
<rss version="2.0"
	xmlns:excerpt="http://wordpress.org/export/1.2/excerpt/"
	xmlns:content="http://purl.org/rss/1.0/modules/content/"
	xmlns:wfw="http://wellformedweb.org/CommentAPI/"
	xmlns:dc="http://purl.org/dc/elements/1.1/"
	xmlns:wp="http://wordpress.org/export/1.2/"
>

<channel>
	<title>Dummy 3</title>
	<link>http://xtemos.com/dummy/basel3</link>
	<description>Just another WordPress site</description>
	<pubDate>Mon, 18 Jul 2016 20:21:46 +0000</pubDate>
	<language>en-US</language>
	<wp:wxr_version>1.2</wp:wxr_version>
	<wp:base_site_url>http://xtemos.com/dummy/basel3</wp:base_site_url>
	<wp:base_blog_url>http://xtemos.com/dummy/basel3</wp:base_blog_url>

	<wp:author><wp:author_id>1</wp:author_id><wp:author_login>admin</wp:author_login><wp:author_email>admin@basel.as</wp:author_email><wp:author_display_name><![CDATA[admin]]></wp:author_display_name><wp:author_first_name><![CDATA[]]></wp:author_first_name><wp:author_last_name><![CDATA[]]></wp:author_last_name></wp:author>


	<generator>https://wordpress.org/?v=4.5.3</generator>

	<item>
		<title>Home wine</title>
		<link>http://xtemos.com/dummy/basel3/home-wine/</link>
		<pubDate>Mon, 18 Jul 2016 18:52:31 +0000</pubDate>
		<dc:creator><![CDATA[admin]]></dc:creator>
		<guid isPermaLink="false">http://xtemos.com/dummy/basel3/?page_id=306</guid>
		<description></description>
		<content:encoded><![CDATA[[vc_row css=".vc_custom_1468867063259{margin-top: -40px !important;margin-bottom: 2vh !important;}"][vc_column][rev_slider_vc alias="wine-slider"][/vc_column][/vc_row][vc_row css=".vc_custom_1468867058076{margin-bottom: 4px !important;}"][vc_column width="1/2"][promo_banner image="322" vertical_alignment="middle" img_size="full" link="http://demo.xtemos.com/basel/shop/"]
<h5 class="font-alt" style="margin-bottom: 10px; text-align: left;">New Arrivals</h5>
<h1 class="color-alt" style="margin-bottom: 10px;"><strong>Merlot Red</strong></h1>
<p style="margin-bottom: 10px;">Adipiscing dignissim euismod
volutpat sociis feugiat purus.</p>
<a class="btn btn-color-white btn-style-link btn-size-default" href="http://demo.xtemos.com/basel/shop/">Continue Reading</a>[/promo_banner][/vc_column][vc_column width="1/2"][promo_banner image="322" vertical_alignment="middle" img_size="full" link="http://demo.xtemos.com/basel/shop/"]
<h5 class="font-alt" style="margin-bottom: 10px; text-align: left;">New Arrivals</h5>
<h1 class="color-alt" style="margin-bottom: 10px;"><strong>Cabernet Sauvignon</strong></h1>
<p style="margin-bottom: 10px;">Adipiscing dignissim euismod
volutpat sociis feugiat purus.</p>
<a class="btn btn-color-white btn-style-link btn-size-default" href="http://demo.xtemos.com/basel/shop/">Continue Reading</a>[/promo_banner][/vc_column][/vc_row][vc_row][vc_column][basel_title style="simple" size="large" title="Popular Red Wine" after_title="Id nunc senectus duis nunc a adipiscing facilisis lorem dignissim senectus
duis eu scelerisque nec proin quam mus velit raesent euismod."][/vc_column][/vc_row][vc_row css=".vc_custom_1468867051196{margin-bottom: 3vh !important;}"][vc_column][basel_products items_per_page="4" columns="4"][/vc_column][/vc_row][vc_row full_width="stretch_row" content_placement="middle" css=".vc_custom_1468867044843{margin-bottom: 4vh !important;padding-top: 50px !important;padding-bottom: 50px !important;background-color: #f9f9f9 !important;}"][vc_column width="2/3" css=".vc_custom_1468844358127{padding-top: 50px !important;padding-bottom: 50px !important;background-image: url(http://dev.xtemos.com/new/wp-content/uploads/2016/07/red-wine-big-aner.png?id=23707) !important;background-position: center !important;background-repeat: no-repeat !important;background-size: cover !important;}"][vc_single_image image="319" img_size="full" alignment="center" css=".vc_custom_1468871946723{margin-bottom: 0px !important;}"][/vc_column][vc_column width="1/3"][vc_column_text css=".vc_custom_1468865845761{margin-bottom: 0px !important;}"]
<h1 style="margin-bottom: -25px; font-size: 36px; color: #851635;">French</h1>
<h1 style="font-size: 100px; margin-bottom: 0px; color: #a22c4d;">Malbec</h1>
[/vc_column_text][vc_column_text css=".vc_custom_1468862504227{padding-right: 10px !important;padding-left: 10px !important;}"]A dictum condimentum parturient quam euismod venenatis a cursus iaculis vehicula pharetra dolor a vehicula integer ullamcorper suspendisse.[/vc_column_text][/vc_column][/vc_row][vc_row css=".vc_custom_1468844518777{margin-bottom: 30px !important;}"][vc_column][basel_title style="simple" size="large" title="Popular White Wine" after_title="Id nunc senectus duis nunc a adipiscing facilisis lorem dignissim senectus
duis eu scelerisque nec proin quam mus velit raesent euismod."][/vc_column][/vc_row][vc_row css=".vc_custom_1468867038278{margin-bottom: 5vh !important;}"][vc_column][basel_products items_per_page="4" columns="4"][/vc_column][/vc_row][vc_row full_width="stretch_row" css=".vc_custom_1468873104955{margin-bottom: 5vh !important;padding-top: 50px !important;padding-bottom: 50px !important;background: #f9f9f9 url(http://xtemos.com/dummy/basel3/wp-content/uploads/2016/07/demo-wine-big-baner.jpg?id=329) !important;background-position: center !important;background-repeat: no-repeat !important;background-size: cover !important;}"][vc_column css=".vc_custom_1468744765146{padding-top: 0px !important;}"][vc_row_inner][vc_column_inner width="2/3" offset="vc_col-lg-offset-4 vc_col-md-offset-4"][basel_title style="simple" size="large" align="left" title="Chef Recommends" css=".vc_custom_1468866255194{margin-bottom: 40px !important;}"][/vc_column_inner][/vc_row_inner][vc_row_inner css=".vc_custom_1468866948546{margin-bottom: 20px !important;}"][vc_column_inner width="1/2" offset="vc_col-lg-offset-4 vc_col-lg-4 vc_col-md-offset-4 vc_col-xs-12"][basel_menu_price img_id="317" title="Lux Sparkling" description="granny Smith apple, citrus" price="$39.99"][basel_menu_price img_id="317" title="Lux Sparkling" description="granny Smith apple, citrus" price="$39.99"][basel_menu_price img_id="317" title="Lux Sparkling" description="granny Smith apple, citrus" price="$39.99"][/vc_column_inner][vc_column_inner width="1/2" offset="vc_col-lg-4 vc_col-xs-12"][basel_menu_price img_id="317" title="Lux Sparkling" description="granny Smith apple, citrus" price="$39.99"][basel_menu_price img_id="317" title="Lux Sparkling" description="granny Smith apple, citrus" price="$39.99"][basel_menu_price img_id="317" title="Lux Sparkling" description="granny Smith apple, citrus" price="$39.99"][/vc_column_inner][/vc_row_inner][vc_row_inner][vc_column_inner width="2/3" offset="vc_col-lg-offset-4 vc_col-md-offset-4"][basel_button color="primary" title="go to shop" link="http://demo.xtemos.com/basel/shop/"][/vc_column_inner][/vc_row_inner][/vc_column][/vc_row][vc_row css=".vc_custom_1468867032390{margin-bottom: 5vh !important;}"][vc_column][basel_title style="simple" size="large" title="Wine News" after_title="Id nunc senectus duis nunc a adipiscing facilisis lorem dignissim senectus
duis eu scelerisque nec proin quam mus velit raesent euismod."][basel_blog items_per_page="3" blog_design="masonry" blog_columns="3" parts_title="1" parts_meta="1" parts_text="1" parts_btn="1" img_size="full"][/vc_column][/vc_row][vc_row full_width="stretch_row_content_no_spaces" css=".vc_custom_1468864185734{margin-top: 40px !important;margin-bottom: -40px !important;background-color: #f9f9f9 !important;}"][vc_column css=".vc_custom_1468864281572{padding-top: 30px !important;}"][basel_title size="large" title="Wine on Instagram" css=".vc_custom_1468866290470{margin-bottom: 30px !important;}"][basel_instagram per_row="6" username="winestyr" number="12"][/vc_column][/vc_row]]]></content:encoded>
		<excerpt:encoded><![CDATA[]]></excerpt:encoded>
		<wp:post_id>306</wp:post_id>
		<wp:post_date>2016-07-18 18:52:31</wp:post_date>
		<wp:post_date_gmt>2016-07-18 18:52:31</wp:post_date_gmt>
		<wp:comment_status>closed</wp:comment_status>
		<wp:ping_status>closed</wp:ping_status>
		<wp:post_name>home-wine</wp:post_name>
		<wp:status>publish</wp:status>
		<wp:post_parent>0</wp:post_parent>
		<wp:menu_order>0</wp:menu_order>
		<wp:post_type>page</wp:post_type>
		<wp:post_password></wp:post_password>
		<wp:is_sticky>0</wp:is_sticky>
		<wp:postmeta>
			<wp:meta_key>_wp_page_template</wp:meta_key>
			<wp:meta_value><![CDATA[default]]></wp:meta_value>
		</wp:postmeta>
		<wp:postmeta>
			<wp:meta_key>_wpb_shortcodes_custom_css</wp:meta_key>
			<wp:meta_value><![CDATA[.vc_custom_1468867063259{margin-top: -40px !important;margin-bottom: 2vh !important;}.vc_custom_1468867058076{margin-bottom: 4px !important;}.vc_custom_1468867051196{margin-bottom: 3vh !important;}.vc_custom_1468867044843{margin-bottom: 4vh !important;padding-top: 50px !important;padding-bottom: 50px !important;background-color: #f9f9f9 !important;}.vc_custom_1468844518777{margin-bottom: 30px !important;}.vc_custom_1468867038278{margin-bottom: 5vh !important;}.vc_custom_1468873104955{margin-bottom: 5vh !important;padding-top: 50px !important;padding-bottom: 50px !important;background: #f9f9f9 url(http://xtemos.com/dummy/basel3/wp-content/uploads/2016/07/demo-wine-big-baner.jpg?id=329) !important;background-position: center !important;background-repeat: no-repeat !important;background-size: cover !important;}.vc_custom_1468867032390{margin-bottom: 5vh !important;}.vc_custom_1468864185734{margin-top: 40px !important;margin-bottom: -40px !important;background-color: #f9f9f9 !important;}.vc_custom_1468844358127{padding-top: 50px !important;padding-bottom: 50px !important;background-image: url(http://dev.xtemos.com/new/wp-content/uploads/2016/07/red-wine-big-aner.png?id=23707) !important;background-position: center !important;background-repeat: no-repeat !important;background-size: cover !important;}.vc_custom_1468871946723{margin-bottom: 0px !important;}.vc_custom_1468865845761{margin-bottom: 0px !important;}.vc_custom_1468862504227{padding-right: 10px !important;padding-left: 10px !important;}.vc_custom_1468744765146{padding-top: 0px !important;}.vc_custom_1468866948546{margin-bottom: 20px !important;}.vc_custom_1468866255194{margin-bottom: 40px !important;}.vc_custom_1468864281572{padding-top: 30px !important;}.vc_custom_1468866290470{margin-bottom: 30px !important;}]]></wp:meta_value>
		</wp:postmeta>
		<wp:postmeta>
			<wp:meta_key>_basel_main_layout</wp:meta_key>
			<wp:meta_value><![CDATA[full-width]]></wp:meta_value>
		</wp:postmeta>
		<wp:postmeta>
			<wp:meta_key>_basel_header</wp:meta_key>
			<wp:meta_value><![CDATA[simple]]></wp:meta_value>
		</wp:postmeta>
		<wp:postmeta>
			<wp:meta_key>_basel_header-overlap</wp:meta_key>
			<wp:meta_value><![CDATA[on]]></wp:meta_value>
		</wp:postmeta>
		<wp:postmeta>
			<wp:meta_key>_basel_header_color_scheme</wp:meta_key>
			<wp:meta_value><![CDATA[light]]></wp:meta_value>
		</wp:postmeta>
		<wp:postmeta>
			<wp:meta_key>_basel_title_off</wp:meta_key>
			<wp:meta_value><![CDATA[on]]></wp:meta_value>
		</wp:postmeta>
		<wp:postmeta>
			<wp:meta_key>_basel_title_image_id</wp:meta_key>
			<wp:meta_value><![CDATA[0]]></wp:meta_value>
		</wp:postmeta>
	</item>
	<item>
		<title>bottle-wine</title>
		<link>http://xtemos.com/dummy/basel3/home-wine/bottle-wine/</link>
		<pubDate>Mon, 18 Jul 2016 20:02:04 +0000</pubDate>
		<dc:creator><![CDATA[admin]]></dc:creator>
		<guid isPermaLink="false">http://xtemos.com/dummy/basel3/wp-content/uploads/2016/07/bottle-wine.png</guid>
		<description></description>
		<content:encoded><![CDATA[]]></content:encoded>
		<excerpt:encoded><![CDATA[]]></excerpt:encoded>
		<wp:post_id>319</wp:post_id>
		<wp:post_date>2016-07-18 20:02:04</wp:post_date>
		<wp:post_date_gmt>2016-07-18 20:02:04</wp:post_date_gmt>
		<wp:comment_status>open</wp:comment_status>
		<wp:ping_status>closed</wp:ping_status>
		<wp:post_name>bottle-wine</wp:post_name>
		<wp:status>inherit</wp:status>
		<wp:post_parent>306</wp:post_parent>
		<wp:menu_order>0</wp:menu_order>
		<wp:post_type>attachment</wp:post_type>
		<wp:post_password></wp:post_password>
		<wp:is_sticky>0</wp:is_sticky>
		<wp:attachment_url>http://xtemos.com/dummy/basel3/wp-content/uploads/2016/07/bottle-wine.png</wp:attachment_url>
		<wp:postmeta>
			<wp:meta_key>_wp_attached_file</wp:meta_key>
			<wp:meta_value><![CDATA[2016/07/bottle-wine.png]]></wp:meta_value>
		</wp:postmeta>
	</item>
	<item>
		<title>demo-content-wine-baners (1)</title>
		<link>http://xtemos.com/dummy/basel3/home-wine/demo-content-wine-baners-1/</link>
		<pubDate>Mon, 18 Jul 2016 20:06:08 +0000</pubDate>
		<dc:creator><![CDATA[admin]]></dc:creator>
		<guid isPermaLink="false">http://xtemos.com/dummy/basel3/wp-content/uploads/2016/07/demo-content-wine-baners-1.jpg</guid>
		<description></description>
		<content:encoded><![CDATA[]]></content:encoded>
		<excerpt:encoded><![CDATA[]]></excerpt:encoded>
		<wp:post_id>322</wp:post_id>
		<wp:post_date>2016-07-18 20:06:08</wp:post_date>
		<wp:post_date_gmt>2016-07-18 20:06:08</wp:post_date_gmt>
		<wp:comment_status>open</wp:comment_status>
		<wp:ping_status>closed</wp:ping_status>
		<wp:post_name>demo-content-wine-baners-1</wp:post_name>
		<wp:status>inherit</wp:status>
		<wp:post_parent>306</wp:post_parent>
		<wp:menu_order>0</wp:menu_order>
		<wp:post_type>attachment</wp:post_type>
		<wp:post_password></wp:post_password>
		<wp:is_sticky>0</wp:is_sticky>
		<wp:attachment_url>http://xtemos.com/dummy/basel3/wp-content/uploads/2016/07/demo-content-wine-baners-1.jpg</wp:attachment_url>
		<wp:postmeta>
			<wp:meta_key>_wp_attached_file</wp:meta_key>
			<wp:meta_value><![CDATA[2016/07/demo-content-wine-baners-1.jpg]]></wp:meta_value>
		</wp:postmeta>
	</item>
</channel>
</rss>
