<?xml version="1.0" encoding="UTF-8" ?>
<!-- This is a WordPress eXtended RSS file generated by WordPress as an export of your site. -->
<!-- It contains information about your site's posts, pages, comments, categories, and other content. -->
<!-- You may use this file to transfer that content from one site to another. -->
<!-- This file is not intended to serve as a complete backup of your site. -->

<!-- To import this information into a WordPress site follow these steps: -->
<!-- 1. Log in to that site as an administrator. -->
<!-- 2. Go to Tools: Import in the WordPress admin panel. -->
<!-- 3. Install the "WordPress" importer from the list. -->
<!-- 4. Activate & Run Importer. -->
<!-- 5. Upload this file using the form provided on that page. -->
<!-- 6. You will first be asked to map the authors in this export file to users -->
<!--    on the site. For each author, you may choose to map to an -->
<!--    existing user on the site or to create a new user. -->
<!-- 7. WordPress will then import each of the posts, pages, comments, categories, etc. -->
<!--    contained in this file into your site. -->

<!-- generator="WordPress/4.4.2" created="2016-03-23 18:33" -->
<rss version="2.0"
	xmlns:excerpt="http://wordpress.org/export/1.2/excerpt/"
	xmlns:content="http://purl.org/rss/1.0/modules/content/"
	xmlns:wfw="http://wellformedweb.org/CommentAPI/"
	xmlns:dc="http://purl.org/dc/elements/1.1/"
	xmlns:wp="http://wordpress.org/export/1.2/"
>

<channel>
	<title>Xtemos New</title>
	<link>http://demo.xtemos.com/basel</link>
	<description>Just another WordPress site</description>
	<pubDate>Wed, 23 Mar 2016 18:33:46 +0000</pubDate>
	<language>en-US</language>
	<wp:wxr_version>1.2</wp:wxr_version>
	<wp:base_site_url>http://demo.xtemos.com/basel</wp:base_site_url>
	<wp:base_blog_url>http://demo.xtemos.com/basel</wp:base_blog_url>

	<wp:author><wp:author_id>1</wp:author_id><wp:author_login>admin</wp:author_login><wp:author_email>adad@adad.ad</wp:author_email><wp:author_display_name><![CDATA[admin]]></wp:author_display_name><wp:author_first_name><![CDATA[]]></wp:author_first_name><wp:author_last_name><![CDATA[]]></wp:author_last_name></wp:author>


	<generator>https://wordpress.org/?v=4.4.2</generator>

	<item>
		<title>FaQs</title>
		<link>http://demo.xtemos.com/basel/faqs/</link>
		<pubDate>Sat, 20 Jun 2015 14:57:32 +0000</pubDate>
		<dc:creator><![CDATA[admin]]></dc:creator>
		<guid isPermaLink="false">http://xtemos.com/demo/?page_id=314</guid>
		<description></description>
		<content:encoded><![CDATA[[vc_row full_width="stretch_row" css=".vc_custom_1449400331017{padding-top: 150px !important;padding-bottom: 100px !important;background-image: url(http://demo.xtemos.com/basel/wp-content/uploads/2015/06/faqs-page.jpg?id=21283) !important;background-position: center !important;background-repeat: no-repeat !important;background-size: cover !important;}"][vc_column][vc_column_text basel_color_scheme="light"]
<h1 style="text-align: center; font-size: 78px; margin-bottom: 0;">FAQS</h1>
[/vc_column_text][vc_row_inner css=".vc_custom_1449399886258{margin-bottom: 15px !important;padding-right: 50px !important;padding-left: 50px !important;}"][vc_column_inner width="1/4"][vc_column_text el_class="color-white"]<span class="vc_icon_element-icon icon-envelope icons" style="color: #ffffff!important; float: left; font-size: 38px; margin: 0 10px 0;"> </span><span style="color: white;">Tel: 877-45-44-33
E-Mail: shop@store.uk</span>[/vc_column_text][/vc_column_inner][vc_column_inner width="1/4"][vc_column_text css=".vc_custom_1449328046586{margin-bottom: 35px !important;}"]<span class="vc_icon_element-icon icon-cursor icons" style="color: #ffffff!important; float: left; font-size: 38px; margin: 0 10px 0;"> </span><span style="color: white;">20 Margaret St, London
Great Britain, 3NM98-LK</span>[/vc_column_text][/vc_column_inner][vc_column_inner width="1/4"][vc_column_text]<span class="vc_icon_element-icon icon-rocket icons" style="color: #ffffff!important; float: left; font-size: 38px; margin: 0 10px 0;"> </span><span style="color: white;">Free standard shipping
on all orders in New York.</span>[/vc_column_text][/vc_column_inner][vc_column_inner width="1/4"][vc_column_text]<span class="vc_icon_element-icon icon-clock icons" style="color: #ffffff!important; float: left; font-size: 38px; margin: 0 10px 0;"> </span><span style="color: white;">Support forum provide
for over 24h, every day.</span>[/vc_column_text][/vc_column_inner][/vc_row_inner][/vc_column][/vc_row][vc_row full_width="stretch_row" css=".vc_custom_1451149883930{margin-bottom: 50px !important;padding-top: 10px !important;padding-bottom: 40px !important;background-color: #f9f9f9 !important;}"][vc_column][vc_column_text]
<h1 style="font-size: 38px;"><strong>FaQs. General Information</strong></h1>
[/vc_column_text][vc_row_inner][vc_column_inner width="1/2"][vc_column_text]
<h5><strong>Eu dictumst cum at sed euismod condimentum?</strong></h5>
Justo est cum sit fames ac convallis est non leo rhoncus feugiat scelerisque tempus nec sapien vestibulum dis parturient felis a taciti.[/vc_column_text][vc_column_text]
<h5><strong>Odio molestie hac eros consectetur scelerisque?</strong></h5>
Eu tincidunt magnis erat malesuada vulputate parturient nisl a nisl in a facilisis porttitor ullamcorper nec a a lectus eget non leo ad ad parturient pretium magna.A ligula dis vestibulum dapibus.[/vc_column_text][/vc_column_inner][vc_column_inner width="1/2"][vc_column_text]
<h5><strong>Vestibulum ullamcorper auctor ornare iaculis?</strong></h5>
Facilisi malesuada in penatibus a torquent at a parturient suspendisse suspendisse per a augue fames commodo ullamcorper duis.[/vc_column_text][vc_column_text]
<h5><strong>Elit id blandit bibendum velit non vulputate?</strong></h5>
Parturient lectus malesuada condimentum suspendisse urna a dis convallis adipiscing vestibulum elit amet porta quis parturient a id facilisis arcu eleifend.A purus nulla suspendisse ullamcorper orci fames.[/vc_column_text][/vc_column_inner][/vc_row_inner][/vc_column][/vc_row][vc_row css=".vc_custom_1451149853822{margin-top: 30px !important;margin-bottom: 30px !important;}"][vc_column width="7/12" css=".vc_custom_1434813322976{padding-right: 50px !important;}"][vc_tabs interval="0"][vc_tab title="Sales" tab_id="53d27ee9-552d-0"][vc_toggle title="I haven't received my item. What can I do? " style="arrow" color="grey" open="true" el_id="1434812500434-4c69bb45-6aab"]Sed primis eu conubia erat ut nam vitae a habitant dui adipiscing a dignissim eu a ad venenatis. Non vivamus enim himenaeos porta id morbi montes ut sem scelerisque in litora id scelerisque consectetur eget cras hac nascetur sociis in feugiat mi platea odio pretium ullamcorper.

Non vivamus enim himenaeos porta id morbi montes ut sem scelerisque in litora id scelerisque consectetur eget cras hac nascetur sociis in feugiat mi platea odio pretium ullamcorper.[/vc_toggle][vc_toggle title="Ipsum ac erat cursus rutrum parturient a a nostra?" style="arrow" color="grey"]Sed primis eu conubia erat ut nam vitae a habitant dui adipiscing a dignissim eu a ad venenatis. Non vivamus enim himenaeos porta id morbi montes ut sem scelerisque in litora id scelerisque consectetur eget cras hac nascetur sociis in feugiat mi platea odio pretium ullamcorper.

Non vivamus enim himenaeos porta id morbi montes ut sem scelerisque in litora id scelerisque consectetur eget cras hac nascetur sociis in feugiat mi platea odio pretium ullamcorper.[/vc_toggle][vc_toggle title="Tellus ridiculus non tempus laoreet nec diam eleifend id ullamcorper?" style="arrow" color="grey"]Sed primis eu conubia erat ut nam vitae a habitant dui adipiscing a dignissim eu a ad venenatis. Non vivamus enim himenaeos porta id morbi montes ut sem scelerisque in litora id scelerisque consectetur eget cras hac nascetur sociis in feugiat mi platea odio pretium ullamcorper.

Non vivamus enim himenaeos porta id morbi montes ut sem scelerisque in litora id scelerisque consectetur eget cras hac nascetur sociis in feugiat mi platea odio pretium ullamcorper.[/vc_toggle][vc_toggle title="Ad a dui a lacinia nec nec non volutpat?" style="arrow" color="grey"]Sed primis eu conubia erat ut nam vitae a habitant dui adipiscing a dignissim eu a ad venenatis. Non vivamus enim himenaeos porta id morbi montes ut sem scelerisque in litora id scelerisque consectetur eget cras hac nascetur sociis in feugiat mi platea odio pretium ullamcorper.

Non vivamus enim himenaeos porta id morbi montes ut sem scelerisque in litora id scelerisque consectetur eget cras hac nascetur sociis in feugiat mi platea odio pretium ullamcorper.[/vc_toggle][vc_toggle title="Dui nisi in cum augue adipiscing nibh taciti mollis condimentum risus?" style="arrow" color="grey" el_id="1434812676973-869e4c06-739d"]Sed primis eu conubia erat ut nam vitae a habitant dui adipiscing a dignissim eu a ad venenatis. Non vivamus enim himenaeos porta id morbi montes ut sem scelerisque in litora id scelerisque consectetur eget cras hac nascetur sociis in feugiat mi platea odio pretium ullamcorper.

Non vivamus enim himenaeos porta id morbi montes ut sem scelerisque in litora id scelerisque consectetur eget cras hac nascetur sociis in feugiat mi platea odio pretium ullamcorper.[/vc_toggle][vc_toggle title="Tellus ridiculus non tempus laoreet nec diam eleifend id ullamcorper?" style="arrow" color="grey" el_id="1434812654630-1c73b021-bc01"]Sed primis eu conubia erat ut nam vitae a habitant dui adipiscing a dignissim eu a ad venenatis. Non vivamus enim himenaeos porta id morbi montes ut sem scelerisque in litora id scelerisque consectetur eget cras hac nascetur sociis in feugiat mi platea odio pretium ullamcorper.

Non vivamus enim himenaeos porta id morbi montes ut sem scelerisque in litora id scelerisque consectetur eget cras hac nascetur sociis in feugiat mi platea odio pretium ullamcorper.[/vc_toggle][/vc_tab][vc_tab title="Terms &amp; Conditions" tab_id="1434812694167-2-7"][vc_toggle title="Ipsum ac erat cursus rutrum parturient a a nostra?" style="arrow" color="grey" el_id="1434812694689-279629f1-f672"]Sed primis eu conubia erat ut nam vitae a habitant dui adipiscing a dignissim eu a ad venenatis. Non vivamus enim himenaeos porta id morbi montes ut sem scelerisque in litora id scelerisque consectetur eget cras hac nascetur sociis in feugiat mi platea odio pretium ullamcorper.

Non vivamus enim himenaeos porta id morbi montes ut sem scelerisque in litora id scelerisque consectetur eget cras hac nascetur sociis in feugiat mi platea odio pretium ullamcorper.[/vc_toggle][vc_toggle title="I haven't received my item. What can I do? " style="arrow" color="grey"]Sed primis eu conubia erat ut nam vitae a habitant dui adipiscing a dignissim eu a ad venenatis. Non vivamus enim himenaeos porta id morbi montes ut sem scelerisque in litora id scelerisque consectetur eget cras hac nascetur sociis in feugiat mi platea odio pretium ullamcorper.

Non vivamus enim himenaeos porta id morbi montes ut sem scelerisque in litora id scelerisque consectetur eget cras hac nascetur sociis in feugiat mi platea odio pretium ullamcorper.[/vc_toggle][vc_toggle title="Tellus ridiculus non tempus laoreet nec diam eleifend id ullamcorper?" style="arrow" color="grey"]Sed primis eu conubia erat ut nam vitae a habitant dui adipiscing a dignissim eu a ad venenatis. Non vivamus enim himenaeos porta id morbi montes ut sem scelerisque in litora id scelerisque consectetur eget cras hac nascetur sociis in feugiat mi platea odio pretium ullamcorper.

Non vivamus enim himenaeos porta id morbi montes ut sem scelerisque in litora id scelerisque consectetur eget cras hac nascetur sociis in feugiat mi platea odio pretium ullamcorper.[/vc_toggle][vc_toggle title="Ad a dui a lacinia nec nec non volutpat?" style="arrow" color="grey" el_id="1434812695225-e62bbed3-effc"]Sed primis eu conubia erat ut nam vitae a habitant dui adipiscing a dignissim eu a ad venenatis. Non vivamus enim himenaeos porta id morbi montes ut sem scelerisque in litora id scelerisque consectetur eget cras hac nascetur sociis in feugiat mi platea odio pretium ullamcorper.

Non vivamus enim himenaeos porta id morbi montes ut sem scelerisque in litora id scelerisque consectetur eget cras hac nascetur sociis in feugiat mi platea odio pretium ullamcorper.[/vc_toggle][vc_toggle title="Dui nisi in cum augue adipiscing nibh taciti mollis condimentum risus?" style="arrow" color="grey"]Sed primis eu conubia erat ut nam vitae a habitant dui adipiscing a dignissim eu a ad venenatis. Non vivamus enim himenaeos porta id morbi montes ut sem scelerisque in litora id scelerisque consectetur eget cras hac nascetur sociis in feugiat mi platea odio pretium ullamcorper.

Non vivamus enim himenaeos porta id morbi montes ut sem scelerisque in litora id scelerisque consectetur eget cras hac nascetur sociis in feugiat mi platea odio pretium ullamcorper.[/vc_toggle][/vc_tab][vc_tab title="Privacy Policy" tab_id="1434812717511-2-6"][vc_toggle title="Dui nisi in cum augue adipiscing nibh taciti mollis condimentum risus?" style="arrow" color="grey" el_id="1434812718938-dc7476ad-88fc"]Sed primis eu conubia erat ut nam vitae a habitant dui adipiscing a dignissim eu a ad venenatis. Non vivamus enim himenaeos porta id morbi montes ut sem scelerisque in litora id scelerisque consectetur eget cras hac nascetur sociis in feugiat mi platea odio pretium ullamcorper.

Non vivamus enim himenaeos porta id morbi montes ut sem scelerisque in litora id scelerisque consectetur eget cras hac nascetur sociis in feugiat mi platea odio pretium ullamcorper.[/vc_toggle][vc_toggle title="Ad a dui a lacinia nec nec non volutpat?" style="arrow" color="grey"]Sed primis eu conubia erat ut nam vitae a habitant dui adipiscing a dignissim eu a ad venenatis. Non vivamus enim himenaeos porta id morbi montes ut sem scelerisque in litora id scelerisque consectetur eget cras hac nascetur sociis in feugiat mi platea odio pretium ullamcorper.

Non vivamus enim himenaeos porta id morbi montes ut sem scelerisque in litora id scelerisque consectetur eget cras hac nascetur sociis in feugiat mi platea odio pretium ullamcorper.[/vc_toggle][vc_toggle title="Tellus ridiculus non tempus laoreet nec diam eleifend id ullamcorper?" style="arrow" color="grey" el_id="1434812718348-9e8e0d41-a38d"]Sed primis eu conubia erat ut nam vitae a habitant dui adipiscing a dignissim eu a ad venenatis. Non vivamus enim himenaeos porta id morbi montes ut sem scelerisque in litora id scelerisque consectetur eget cras hac nascetur sociis in feugiat mi platea odio pretium ullamcorper.

Non vivamus enim himenaeos porta id morbi montes ut sem scelerisque in litora id scelerisque consectetur eget cras hac nascetur sociis in feugiat mi platea odio pretium ullamcorper.[/vc_toggle][vc_toggle title="Ipsum ac erat cursus rutrum parturient a a nostra?" style="arrow" color="grey"]Sed primis eu conubia erat ut nam vitae a habitant dui adipiscing a dignissim eu a ad venenatis. Non vivamus enim himenaeos porta id morbi montes ut sem scelerisque in litora id scelerisque consectetur eget cras hac nascetur sociis in feugiat mi platea odio pretium ullamcorper.

Non vivamus enim himenaeos porta id morbi montes ut sem scelerisque in litora id scelerisque consectetur eget cras hac nascetur sociis in feugiat mi platea odio pretium ullamcorper.[/vc_toggle][vc_toggle title="I haven't received my item. What can I do? " style="arrow" color="grey" el_id="1434812718069-7df10eef-e758"]Sed primis eu conubia erat ut nam vitae a habitant dui adipiscing a dignissim eu a ad venenatis. Non vivamus enim himenaeos porta id morbi montes ut sem scelerisque in litora id scelerisque consectetur eget cras hac nascetur sociis in feugiat mi platea odio pretium ullamcorper.

Non vivamus enim himenaeos porta id morbi montes ut sem scelerisque in litora id scelerisque consectetur eget cras hac nascetur sociis in feugiat mi platea odio pretium ullamcorper.[/vc_toggle][/vc_tab][/vc_tabs][/vc_column][vc_column width="5/12" css=".vc_custom_1450202410260{margin-top: 30px !important;border-top-width: 5px !important;border-right-width: 5px !important;border-bottom-width: 5px !important;border-left-width: 5px !important;padding-top: 20px !important;padding-right: 20px !important;padding-bottom: 10px !important;padding-left: 20px !important;border-left-color: #f4f4f4 !important;border-left-style: solid !important;border-right-color: #f4f4f4 !important;border-right-style: solid !important;border-top-color: #f4f4f4 !important;border-top-style: solid !important;border-bottom-color: #f4f4f4 !important;border-bottom-style: solid !important;}"][contact-form-7 id="333" title="Ask a Question"][/vc_column][/vc_row][vc_row full_width="stretch_row" css=".vc_custom_1451149847743{margin-bottom: -40px !important;padding-top: 65px !important;padding-bottom: 40px !important;background-image: url(http://demo.xtemos.com/basel/wp-content/uploads/2015/06/faq2.jpg?id=331) !important;background-position: center !important;background-repeat: no-repeat !important;background-size: cover !important;}"][vc_column width="1/4" basel_color_scheme="light" css=".vc_custom_1438781105157{margin-bottom: 60px !important;}"][vc_icon type="linecons" icon_linecons="vc_li vc_li-clip" color="white" background_style="rounded-outline" background_color="white" size="lg" align="center" css=".vc_custom_1451149488933{margin-bottom: 20px !important;}"][basel_counter label="TOPICS CREATED" value="3200" initial_value="1"][/vc_column][vc_column width="1/4" basel_color_scheme="light" css=".vc_custom_1438781109604{margin-bottom: 60px !important;}"][vc_icon type="linecons" icon_linecons="vc_li vc_li-star" color="white" background_style="rounded-outline" background_color="white" size="lg" align="center" css=".vc_custom_1451149520687{margin-bottom: 20px !important;}"][basel_counter label="HAPPY CUSTOMERS" value="180" initial_value="1"][/vc_column][vc_column width="1/4" basel_color_scheme="light" css=".vc_custom_1438781113387{margin-bottom: 60px !important;}"][vc_icon type="linecons" icon_linecons="vc_li vc_li-diamond" color="white" background_style="rounded-outline" background_color="white" size="lg" align="center" css=".vc_custom_1451149533686{margin-bottom: 20px !important;}"][basel_counter label="YEAR OF DEVELOPING" value="5" initial_value="1"][/vc_column][vc_column width="1/4" basel_color_scheme="light" css=".vc_custom_1438781117571{margin-bottom: 60px !important;}"][vc_icon type="linecons" icon_linecons="vc_li vc_li-bubble" color="white" background_style="rounded-outline" background_color="white" size="lg" align="center" css=".vc_custom_1451149542087{margin-bottom: 20px !important;}"][basel_counter label="ANSWERED QUESTIONS" value="5000" initial_value="1"][/vc_column][/vc_row]]]></content:encoded>
		<excerpt:encoded><![CDATA[]]></excerpt:encoded>
		<wp:post_id>314</wp:post_id>
		<wp:post_date>2015-06-20 14:57:32</wp:post_date>
		<wp:post_date_gmt>2015-06-20 14:57:32</wp:post_date_gmt>
		<wp:comment_status>closed</wp:comment_status>
		<wp:ping_status>closed</wp:ping_status>
		<wp:post_name>faqs</wp:post_name>
		<wp:status>publish</wp:status>
		<wp:post_parent>0</wp:post_parent>
		<wp:menu_order>0</wp:menu_order>
		<wp:post_type>page</wp:post_type>
		<wp:post_password></wp:post_password>
		<wp:is_sticky>0</wp:is_sticky>
		<wp:postmeta>
			<wp:meta_key>_wp_page_template</wp:meta_key>
			<wp:meta_value><![CDATA[default]]></wp:meta_value>
		</wp:postmeta>
		<wp:postmeta>
			<wp:meta_key>_basel_main_layout</wp:meta_key>
			<wp:meta_value><![CDATA[full-width]]></wp:meta_value>
		</wp:postmeta>
		<wp:postmeta>
			<wp:meta_key>_basel_title_color</wp:meta_key>
			<wp:meta_value><![CDATA[light]]></wp:meta_value>
		</wp:postmeta>
		<wp:postmeta>
			<wp:meta_key>_basel_title_image_id</wp:meta_key>
			<wp:meta_value><![CDATA[317]]></wp:meta_value>
		</wp:postmeta>
		<wp:postmeta>
			<wp:meta_key>_basel_title_image</wp:meta_key>
			<wp:meta_value><![CDATA[http://xtemos.com/demo/wp-content/uploads/2015/06/faq.jpg]]></wp:meta_value>
		</wp:postmeta>
		<wp:postmeta>
			<wp:meta_key>_wpb_post_custom_css</wp:meta_key>
			<wp:meta_value><![CDATA[.vc_custom_1434891432101 {display:none;}

.vc_custom_1434813010874 { background-attachment:fixed;}

.page-title-default {background-size:cover;background-position:center center; background-attachment:scroll;}]]></wp:meta_value>
		</wp:postmeta>
		<wp:postmeta>
			<wp:meta_key>_wpb_shortcodes_custom_css</wp:meta_key>
			<wp:meta_value><![CDATA[.vc_custom_1449400331017{padding-top: 150px !important;padding-bottom: 100px !important;background-image: url(http://demo.xtemos.com/basel/wp-content/uploads/2015/06/faqs-page.jpg?id=21283) !important;background-position: center !important;background-repeat: no-repeat !important;background-size: cover !important;}.vc_custom_1451149883930{margin-bottom: 50px !important;padding-top: 10px !important;padding-bottom: 40px !important;background-color: #f9f9f9 !important;}.vc_custom_1451149853822{margin-top: 30px !important;margin-bottom: 30px !important;}.vc_custom_1451149847743{margin-bottom: -40px !important;padding-top: 65px !important;padding-bottom: 40px !important;background-image: url(http://demo.xtemos.com/basel/wp-content/uploads/2015/06/faq2.jpg?id=331) !important;background-position: center !important;background-repeat: no-repeat !important;background-size: cover !important;}.vc_custom_1449399886258{margin-bottom: 15px !important;padding-right: 50px !important;padding-left: 50px !important;}.vc_custom_1449328046586{margin-bottom: 35px !important;}.vc_custom_1434813322976{padding-right: 50px !important;}.vc_custom_1450202410260{margin-top: 30px !important;border-top-width: 5px !important;border-right-width: 5px !important;border-bottom-width: 5px !important;border-left-width: 5px !important;padding-top: 20px !important;padding-right: 20px !important;padding-bottom: 10px !important;padding-left: 20px !important;border-left-color: #f4f4f4 !important;border-left-style: solid !important;border-right-color: #f4f4f4 !important;border-right-style: solid !important;border-top-color: #f4f4f4 !important;border-top-style: solid !important;border-bottom-color: #f4f4f4 !important;border-bottom-style: solid !important;}.vc_custom_1438781105157{margin-bottom: 60px !important;}.vc_custom_1438781109604{margin-bottom: 60px !important;}.vc_custom_1438781113387{margin-bottom: 60px !important;}.vc_custom_1438781117571{margin-bottom: 60px !important;}.vc_custom_1451149488933{margin-bottom: 20px !important;}.vc_custom_1451149520687{margin-bottom: 20px !important;}.vc_custom_1451149533686{margin-bottom: 20px !important;}.vc_custom_1451149542087{margin-bottom: 20px !important;}]]></wp:meta_value>
		</wp:postmeta>
		<wp:postmeta>
			<wp:meta_key>_basel_page-title-size</wp:meta_key>
			<wp:meta_value><![CDATA[large]]></wp:meta_value>
		</wp:postmeta>
		<wp:postmeta>
			<wp:meta_key>_basel_header</wp:meta_key>
			<wp:meta_value><![CDATA[shop]]></wp:meta_value>
		</wp:postmeta>
		<wp:postmeta>
			<wp:meta_key>_basel_header-overlap</wp:meta_key>
			<wp:meta_value><![CDATA[on]]></wp:meta_value>
		</wp:postmeta>
		<wp:postmeta>
			<wp:meta_key>_basel_header_color_scheme</wp:meta_key>
			<wp:meta_value><![CDATA[light]]></wp:meta_value>
		</wp:postmeta>
		<wp:postmeta>
			<wp:meta_key>_basel_title_off</wp:meta_key>
			<wp:meta_value><![CDATA[on]]></wp:meta_value>
		</wp:postmeta>
		<wp:postmeta>
			<wp:meta_key>_post_restored_from</wp:meta_key>
			<wp:meta_value><![CDATA[a:3:{s:20:"restored_revision_id";i:21295;s:16:"restored_by_user";i:3;s:13:"restored_time";i:1449400252;}]]></wp:meta_value>
		</wp:postmeta>
	</item>
<item>
		<title>Ask a question</title>
		<link>http://demo.xtemos.com/basel/?post_type=wpcf7_contact_form&#038;p=333</link>
		<pubDate>Sat, 20 Jun 2015 15:14:18 +0000</pubDate>
		<dc:creator><![CDATA[admin]]></dc:creator>
		<guid isPermaLink="false">http://xtemos.com/demo/?post_type=wpcf7_contact_form&#038;p=333</guid>
		<description></description>
		<content:encoded><![CDATA[<span style="color:#383838; font-size:18px; font-weight:bold;">Ask a Question</span>
<p style="color:#b4b4b4;">Sed primis eu conubia erat ut nam vitae a habitant dui adipiscing a dignissim eu a ad venenatis. Non vivamus enim himenaeos porta id morbi montes ut sem scelerisque in </p>

<p><label>Your Name (required)</label> [text* your-name] </p>

<p><label>Your Message</label> [textarea your-message] </p>

[submit class:btn-color-primary class:btn "ASK A QUESTION"]
[your-subject]
[your-name] <wordpress@xtemos.com>
From: [your-name] <[your-email]>
Subject: [your-subject]

Message Body:
[your-message]

--
This e-mail was sent from a contact form on Admin (http://xtemos.com/demo)
xtemos.sio@gmail.com
Reply-To: [your-email]




[your-subject]
Admin <wordpress@xtemos.com>
Message Body:
[your-message]

--
This e-mail was sent from a contact form on Admin (http://xtemos.com/demo)
[your-email]
Reply-To: xtemos.io@gmail.com



Your message was sent successfully. Thanks.
Failed to send your message. Please try later or contact the administrator by another method.
Validation errors occurred. Please confirm the fields and submit it again.
Failed to send your message. Please try later or contact the administrator by another method.
Please accept the terms to proceed.
Please fill in the required field.
This input is too long.
This input is too short.
Your entered code is incorrect.
Number format seems invalid.
This number is too small.
This number is too large.
Email address seems invalid.
URL seems invalid.
Telephone number seems invalid.
Your answer is not correct.
Date format seems invalid.
This date is too early.
This date is too late.
Failed to upload file.
This file type is not allowed.
This file is too large.
Failed to upload file. Error occurred.]]></content:encoded>
		<excerpt:encoded><![CDATA[]]></excerpt:encoded>
		<wp:post_id>333</wp:post_id>
		<wp:post_date>2015-06-20 15:14:18</wp:post_date>
		<wp:post_date_gmt>2015-06-20 15:14:18</wp:post_date_gmt>
		<wp:comment_status>open</wp:comment_status>
		<wp:ping_status>open</wp:ping_status>
		<wp:post_name>ask-a-question</wp:post_name>
		<wp:status>publish</wp:status>
		<wp:post_parent>0</wp:post_parent>
		<wp:menu_order>0</wp:menu_order>
		<wp:post_type>wpcf7_contact_form</wp:post_type>
		<wp:post_password></wp:post_password>
		<wp:is_sticky>0</wp:is_sticky>
		<wp:postmeta>
			<wp:meta_key>_form</wp:meta_key>
			<wp:meta_value><![CDATA[<span style="color:#383838; font-size:18px; font-weight:bold;">Ask a Question</span>
<p style="color:#b4b4b4;">Sed primis eu conubia erat ut nam vitae a habitant dui adipiscing a dignissim eu a ad venenatis. Non vivamus enim himenaeos porta id morbi montes ut sem scelerisque in </p>

<p><label>Your Name (required)</label> [text* your-name] </p>

<p><label>Your Message</label> [textarea your-message] </p>

[submit class:btn-color-primary class:btn "ASK A QUESTION"]]]></wp:meta_value>
		</wp:postmeta>
		<wp:postmeta>
			<wp:meta_key>_mail</wp:meta_key>
			<wp:meta_value><![CDATA[a:8:{s:7:"subject";s:14:"[your-subject]";s:6:"sender";s:34:"[your-name] <wordpress@xtemos.com>";s:4:"body";s:165:"From: [your-name] <[your-email]>
Subject: [your-subject]

Message Body:
[your-message]

--
This e-mail was sent from a contact form on Admin (http://xtemos.com/demo)";s:9:"recipient";s:23:"xtemos.studio@gmail.com";s:18:"additional_headers";s:22:"Reply-To: [your-email]";s:11:"attachments";s:0:"";s:8:"use_html";b:0;s:13:"exclude_blank";b:0;}]]></wp:meta_value>
		</wp:postmeta>
		<wp:postmeta>
			<wp:meta_key>_mail_2</wp:meta_key>
			<wp:meta_value><![CDATA[a:9:{s:6:"active";b:0;s:7:"subject";s:14:"[your-subject]";s:6:"sender";s:28:"Admin <wordpress@xtemos.com>";s:4:"body";s:107:"Message Body:
[your-message]

--
This e-mail was sent from a contact form on Admin (http://xtemos.com/demo)";s:9:"recipient";s:12:"[your-email]";s:18:"additional_headers";s:33:"Reply-To: xtemos.studio@gmail.com";s:11:"attachments";s:0:"";s:8:"use_html";b:0;s:13:"exclude_blank";b:0;}]]></wp:meta_value>
		</wp:postmeta>
		<wp:postmeta>
			<wp:meta_key>_messages</wp:meta_key>
			<wp:meta_value><![CDATA[a:23:{s:12:"mail_sent_ok";s:43:"Your message was sent successfully. Thanks.";s:12:"mail_sent_ng";s:93:"Failed to send your message. Please try later or contact the administrator by another method.";s:16:"validation_error";s:74:"Validation errors occurred. Please confirm the fields and submit it again.";s:4:"spam";s:93:"Failed to send your message. Please try later or contact the administrator by another method.";s:12:"accept_terms";s:35:"Please accept the terms to proceed.";s:16:"invalid_required";s:34:"Please fill in the required field.";s:16:"invalid_too_long";s:23:"This input is too long.";s:17:"invalid_too_short";s:24:"This input is too short.";s:17:"captcha_not_match";s:31:"Your entered code is incorrect.";s:14:"invalid_number";s:28:"Number format seems invalid.";s:16:"number_too_small";s:25:"This number is too small.";s:16:"number_too_large";s:25:"This number is too large.";s:13:"invalid_email";s:28:"Email address seems invalid.";s:11:"invalid_url";s:18:"URL seems invalid.";s:11:"invalid_tel";s:31:"Telephone number seems invalid.";s:23:"quiz_answer_not_correct";s:27:"Your answer is not correct.";s:12:"invalid_date";s:26:"Date format seems invalid.";s:14:"date_too_early";s:23:"This date is too early.";s:13:"date_too_late";s:22:"This date is too late.";s:13:"upload_failed";s:22:"Failed to upload file.";s:24:"upload_file_type_invalid";s:30:"This file type is not allowed.";s:21:"upload_file_too_large";s:23:"This file is too large.";s:23:"upload_failed_php_error";s:38:"Failed to upload file. Error occurred.";}]]></wp:meta_value>
		</wp:postmeta>
		<wp:postmeta>
			<wp:meta_key>_additional_settings</wp:meta_key>
			<wp:meta_value><![CDATA[]]></wp:meta_value>
		</wp:postmeta>
		<wp:postmeta>
			<wp:meta_key>_locale</wp:meta_key>
			<wp:meta_value><![CDATA[en_US]]></wp:meta_value>
		</wp:postmeta>
	</item>
</channel>
</rss>
