<?xml version="1.0" encoding="UTF-8" ?>
<!-- This is a WordPress eXtended RSS file generated by WordPress as an export of your site. -->
<!-- It contains information about your site's posts, pages, comments, categories, and other content. -->
<!-- You may use this file to transfer that content from one site to another. -->
<!-- This file is not intended to serve as a complete backup of your site. -->

<!-- To import this information into a WordPress site follow these steps: -->
<!-- 1. Log in to that site as an administrator. -->
<!-- 2. Go to Tools: Import in the WordPress admin panel. -->
<!-- 3. Install the "WordPress" importer from the list. -->
<!-- 4. Activate & Run Importer. -->
<!-- 5. Upload this file using the form provided on that page. -->
<!-- 6. You will first be asked to map the authors in this export file to users -->
<!--    on the site. For each author, you may choose to map to an -->
<!--    existing user on the site or to create a new user. -->
<!-- 7. WordPress will then import each of the posts, pages, comments, categories, etc. -->
<!--    contained in this file into your site. -->

<!-- generator="WordPress/4.5.3" created="2016-08-03 09:16" -->
<rss version="2.0"
	xmlns:excerpt="http://wordpress.org/export/1.2/excerpt/"
	xmlns:content="http://purl.org/rss/1.0/modules/content/"
	xmlns:wfw="http://wellformedweb.org/CommentAPI/"
	xmlns:dc="http://purl.org/dc/elements/1.1/"
	xmlns:wp="http://wordpress.org/export/1.2/"
>

<channel>
	<title>Dummy 3</title>
	<link>http://xtemos.com/dummy/basel3</link>
	<description>Just another WordPress site</description>
	<pubDate>Wed, 03 Aug 2016 09:16:44 +0000</pubDate>
	<language>en-US</language>
	<wp:wxr_version>1.2</wp:wxr_version>
	<wp:base_site_url>http://xtemos.com/dummy/basel3</wp:base_site_url>
	<wp:base_blog_url>http://xtemos.com/dummy/basel3</wp:base_blog_url>

	<wp:author><wp:author_id>1</wp:author_id><wp:author_login>admin</wp:author_login><wp:author_email>admin@basel.as</wp:author_email><wp:author_display_name><![CDATA[admin]]></wp:author_display_name><wp:author_first_name><![CDATA[]]></wp:author_first_name><wp:author_last_name><![CDATA[]]></wp:author_last_name></wp:author>


	<generator>https://wordpress.org/?v=4.5.3</generator>

	<item>
		<title>Home fashion-flat</title>
		<link>http://xtemos.com/dummy/basel3/home-fashion-flat/</link>
		<pubDate>Tue, 02 Aug 2016 21:39:10 +0000</pubDate>
		<dc:creator><![CDATA[admin]]></dc:creator>
		<guid isPermaLink="false">http://xtemos.com/dummy/basel3/?page_id=340</guid>
		<description></description>
		<content:encoded><![CDATA[[vc_row css=".vc_custom_1469951636852{margin-top: -40px !important;margin-bottom: 30px !important;}"][vc_column width="1/4" offset="vc_hidden-md vc_hidden-sm vc_hidden-xs"][basel_mega_menu nav_menu="categories-icons" basel_color_scheme="light" title="Browse Categories"][/vc_column][vc_column offset="vc_col-lg-9 vc_col-md-12 vc_col-xs-12"][rev_slider_vc alias="flat-slider"][/vc_column][/vc_row][vc_row css=".vc_custom_1469956670703{margin-bottom: 10px !important;}"][vc_column width="1/2" css=".vc_custom_1438264230625{margin-bottom: 30px !important;}" offset="vc_col-lg-4 vc_col-md-4"][promo_banner image="343" alignment="center" vertical_alignment="middle" hover="1" style="2" xz_color_scheme="light" img_size="360x205" link="http://demo.xtemos.com/basel/shop/"]
<h3 style="margin-bottom: 0;"><strong>SALE</strong>
<strong>HANDMADE SHOES</strong></h3>
[/promo_banner][/vc_column][vc_column width="1/3" css=".vc_custom_1438264239438{margin-bottom: 30px !important;}" offset="vc_hidden-sm"][promo_banner image="343" alignment="center" vertical_alignment="middle" hover="1" style="2" xz_color_scheme="light" img_size="360x205" link="http://demo.xtemos.com/basel/shop/"]
<h2 style="margin-bottom: 0;"><strong>WOMAN</strong>
<strong> COLLECTION</strong></h2>
[/promo_banner][/vc_column][vc_column width="1/2" css=".vc_custom_1438264244236{margin-bottom: 30px !important;}" offset="vc_col-lg-4 vc_col-md-4"][promo_banner image="343" alignment="center" vertical_alignment="middle" hover="1" style="2" xz_color_scheme="light" img_size="360x205" link="http://demo.xtemos.com/basel/shop/"]
<h3 style="margin-bottom: 0;"><strong>2016</strong>
<strong>ACCESORIES</strong></h3>
[/promo_banner][/vc_column][/vc_row][vc_row css=".vc_custom_1469980809710{margin-bottom: 20px !important;}"][vc_column css=".vc_custom_1469980706418{padding-top: 0px !important;}"][basel_title style="simple" title="<strong>LATEST PRODUCTS</strong>" after_title="Lorem ipsum dolor sit amet, consectetur adipiscin
lorem solo tempor incididunt ut labore et"][basel_products items_per_page="8" columns="4" img_size="full" exclude="19548"][/vc_column][/vc_row][vc_row css=".vc_custom_1457457817898{margin-bottom: 40px !important;}"][vc_column][basel_title style="simple" title="<strong>TOP CATEGORIES</strong>" after_title="Lorem ipsum dolor sit amet, consectetur adipiscin
lorem solo tempor incididunt ut labore et"][basel_categories orderby="" order="" style="carousel" categories_design="alt" slides_per_view="4" number="6" ids=""][/vc_column][/vc_row][vc_row css=".vc_custom_1457457817898{margin-bottom: 40px !important;}"][vc_column][basel_title style="simple" title="<strong>FASHION MAGAZINE</strong>" after_title="Lorem ipsum dolor sit amet, consectetur adipiscin
lorem solo tempor incididunt ut labore et"][basel_blog items_per_page="3" blog_design="mask" blog_columns="3" parts_title="1" parts_meta="1" parts_text="1" parts_btn="1" img_size="370x270"][/vc_column][/vc_row][vc_row full_width="stretch_row" css=".vc_custom_1469980902227{margin-bottom: 0px !important;border-top-width: 1px !important;padding-top: 25px !important;border-top-color: #f2f2f2 !important;border-top-style: solid !important;}"][vc_column width="1/4" basel_color_scheme="light" el_class="text-center" css=".vc_custom_1457360468761{margin-bottom: 0px !important;}"][vc_icon icon_fontawesome="fa fa-thumbs-up" color="custom" size="xl" align="center" custom_color="#e6e6e6" css=".vc_custom_1469968583488{margin-bottom: 15px !important;}"][vc_column_text basel_color_scheme="dark" css=".vc_custom_1469968196358{padding-right: 10px !important;padding-left: 10px !important;background-position: center !important;background-repeat: no-repeat !important;background-size: contain !important;}"]
<h5 style="margin-bottom: 10px;"><strong>20,000+SATISFIED CUSTOMERS</strong></h5>
<p style="margin-bottom: 10px;">Non fames duis fusce egestas dis convallis cras.</p>
<a class="btn btn-style-link btn-size-small btn-color-" href="#">Read More</a>[/vc_column_text][/vc_column][vc_column width="1/4" basel_color_scheme="light" el_class="text-center" css=".vc_custom_1457360472441{margin-bottom: 0px !important;}"][vc_icon icon_fontawesome="fa fa-rocket" color="custom" size="xl" align="center" custom_color="#e6e6e6" css=".vc_custom_1469968630897{margin-bottom: 15px !important;}"][vc_column_text basel_color_scheme="dark" css=".vc_custom_1469968379790{padding-right: 10px !important;padding-left: 10px !important;background-position: center !important;background-repeat: no-repeat !important;background-size: contain !important;}"]
<h5 style="margin-bottom: 10px;"><strong>FREE WORLDWIDE
SHIPPING</strong></h5>
<p style="margin-bottom: 10px;">Non fames duis fusce egestas dis convallis cras.</p>
<a class="btn btn-style-link btn-size-small btn-color-" href="#">Read More</a>[/vc_column_text][/vc_column][vc_column width="1/4" basel_color_scheme="light" el_class="text-center" css=".vc_custom_1457360476048{margin-bottom: 0px !important;}"][vc_icon icon_fontawesome="fa fa-reply" color="custom" size="xl" align="center" custom_color="#e6e6e6" css=".vc_custom_1469968672306{margin-bottom: 15px !important;}"][vc_column_text basel_color_scheme="dark" css=".vc_custom_1469968301496{padding-right: 10px !important;padding-left: 10px !important;background-position: center !important;background-repeat: no-repeat !important;background-size: contain !important;}"]
<h5 style="margin-bottom: 10px;"><strong>30-DAY
RETURN POLICY</strong></h5>
<p style="margin-bottom: 10px;">Non fames duis fusce egestas dis convallis cras.</p>
<a class="btn btn-style-link btn-size-small btn-color-" href="#">Read More</a>[/vc_column_text][/vc_column][vc_column width="1/4" basel_color_scheme="light" el_class="text-center" css=".vc_custom_1457360479976{margin-bottom: 0px !important;}"][vc_icon icon_fontawesome="fa fa-truck" color="custom" size="xl" align="center" custom_color="#e6e6e6" css=".vc_custom_1469968723129{margin-bottom: 15px !important;}"][vc_column_text basel_color_scheme="dark" css=".vc_custom_1469968318279{padding-right: 10px !important;padding-left: 10px !important;background-position: center !important;background-repeat: no-repeat !important;background-size: contain !important;}"]
<h5 style="margin-bottom: 10px;"><strong>TAX FREE
SHOPPING</strong></h5>
<p style="margin-bottom: 10px;">Non fames duis fusce egestas dis convallis cras.</p>
<a class="btn btn-style-link btn-size-small btn-color-" href="#">Read More</a>[/vc_column_text][/vc_column][/vc_row][vc_row css=".vc_custom_1470214915778{border-bottom-width: 0px !important;}"][vc_column css=".vc_custom_1470215023141{border-bottom-width: 10px !important;}" offset="vc_hidden-lg vc_hidden-md"][vc_column_text css=".vc_custom_1470214988285{margin-bottom: 0px !important;}"]
<h4 style="text-align: center;">INSTAGRAM</h4>
[/vc_column_text][/vc_column][/vc_row][vc_row full_width="stretch_row_content_no_spaces" css=".vc_custom_1470146074795{margin-bottom: -40px !important;}"][vc_column][basel_instagram per_row="6" username="whowhatwear" number="12"]
<h2 style="text-align: center; margin-bottom: 10px;">INSTAGRAM</h2>

<hr style="text-align: center; margin-bottom: 10px; border-width: 3px; border-color: black;" />
<p style="text-align: center;">Posuere eget ut sed consectetur litora lobortis cras</p>
<p style="text-align: center;"><a class="btn btn-size-small btn-color-primary" style="text-align: center;" href="#">VIEW PROFILE</a></p>
[/basel_instagram][/vc_column][/vc_row]]]></content:encoded>
		<excerpt:encoded><![CDATA[]]></excerpt:encoded>
		<wp:post_id>340</wp:post_id>
		<wp:post_date>2016-08-02 21:39:10</wp:post_date>
		<wp:post_date_gmt>2016-08-02 21:39:10</wp:post_date_gmt>
		<wp:comment_status>closed</wp:comment_status>
		<wp:ping_status>closed</wp:ping_status>
		<wp:post_name>home-fashion-flat</wp:post_name>
		<wp:status>publish</wp:status>
		<wp:post_parent>0</wp:post_parent>
		<wp:menu_order>0</wp:menu_order>
		<wp:post_type>page</wp:post_type>
		<wp:post_password></wp:post_password>
		<wp:is_sticky>0</wp:is_sticky>
		<wp:postmeta>
			<wp:meta_key>_wp_page_template</wp:meta_key>
			<wp:meta_value><![CDATA[default]]></wp:meta_value>
		</wp:postmeta>
		<wp:postmeta>
			<wp:meta_key>_wpb_shortcodes_custom_css</wp:meta_key>
			<wp:meta_value><![CDATA[.vc_custom_1469951636852{margin-top: -40px !important;margin-bottom: 30px !important;}.vc_custom_1469956670703{margin-bottom: 10px !important;}.vc_custom_1469980809710{margin-bottom: 20px !important;}.vc_custom_1457457817898{margin-bottom: 40px !important;}.vc_custom_1457457817898{margin-bottom: 40px !important;}.vc_custom_1469980902227{margin-bottom: 0px !important;border-top-width: 1px !important;padding-top: 25px !important;border-top-color: #f2f2f2 !important;border-top-style: solid !important;}.vc_custom_1470214915778{border-bottom-width: 0px !important;}.vc_custom_1470146074795{margin-bottom: -40px !important;}.vc_custom_1438264230625{margin-bottom: 30px !important;}.vc_custom_1438264239438{margin-bottom: 30px !important;}.vc_custom_1438264244236{margin-bottom: 30px !important;}.vc_custom_1469980706418{padding-top: 0px !important;}.vc_custom_1457360468761{margin-bottom: 0px !important;}.vc_custom_1457360472441{margin-bottom: 0px !important;}.vc_custom_1457360476048{margin-bottom: 0px !important;}.vc_custom_1457360479976{margin-bottom: 0px !important;}.vc_custom_1469968583488{margin-bottom: 15px !important;}.vc_custom_1469968196358{padding-right: 10px !important;padding-left: 10px !important;background-position: center !important;background-repeat: no-repeat !important;background-size: contain !important;}.vc_custom_1469968630897{margin-bottom: 15px !important;}.vc_custom_1469968379790{padding-right: 10px !important;padding-left: 10px !important;background-position: center !important;background-repeat: no-repeat !important;background-size: contain !important;}.vc_custom_1469968672306{margin-bottom: 15px !important;}.vc_custom_1469968301496{padding-right: 10px !important;padding-left: 10px !important;background-position: center !important;background-repeat: no-repeat !important;background-size: contain !important;}.vc_custom_1469968723129{margin-bottom: 15px !important;}.vc_custom_1469968318279{padding-right: 10px !important;padding-left: 10px !important;background-position: center !important;background-repeat: no-repeat !important;background-size: contain !important;}.vc_custom_1470215023141{border-bottom-width: 10px !important;}.vc_custom_1470214988285{margin-bottom: 0px !important;}]]></wp:meta_value>
		</wp:postmeta>
		<wp:postmeta>
			<wp:meta_key>_basel_main_layout</wp:meta_key>
			<wp:meta_value><![CDATA[full-width]]></wp:meta_value>
		</wp:postmeta>
		<wp:postmeta>
			<wp:meta_key>_basel_header_color_scheme</wp:meta_key>
			<wp:meta_value><![CDATA[inherit]]></wp:meta_value>
		</wp:postmeta>
		<wp:postmeta>
			<wp:meta_key>_basel_title_image_id</wp:meta_key>
			<wp:meta_value><![CDATA[0]]></wp:meta_value>
		</wp:postmeta>
		<wp:postmeta>
			<wp:meta_key>_basel_title_off</wp:meta_key>
			<wp:meta_value><![CDATA[on]]></wp:meta_value>
		</wp:postmeta>
	</item>
	<item>
		<title>demo-baner-fashing-alt</title>
		<link>http://xtemos.com/dummy/basel3/home-fashion-flat/demo-baner-fashing-alt/</link>
		<pubDate>Wed, 03 Aug 2016 09:12:59 +0000</pubDate>
		<dc:creator><![CDATA[admin]]></dc:creator>
		<guid isPermaLink="false">http://xtemos.com/dummy/basel3/wp-content/uploads/2016/08/demo-baner-fashing-alt.jpg</guid>
		<description></description>
		<content:encoded><![CDATA[]]></content:encoded>
		<excerpt:encoded><![CDATA[]]></excerpt:encoded>
		<wp:post_id>343</wp:post_id>
		<wp:post_date>2016-08-03 09:12:59</wp:post_date>
		<wp:post_date_gmt>2016-08-03 09:12:59</wp:post_date_gmt>
		<wp:comment_status>open</wp:comment_status>
		<wp:ping_status>closed</wp:ping_status>
		<wp:post_name>demo-baner-fashing-alt</wp:post_name>
		<wp:status>inherit</wp:status>
		<wp:post_parent>340</wp:post_parent>
		<wp:menu_order>0</wp:menu_order>
		<wp:post_type>attachment</wp:post_type>
		<wp:post_password></wp:post_password>
		<wp:is_sticky>0</wp:is_sticky>
		<wp:attachment_url>http://xtemos.com/dummy/basel3/wp-content/uploads/2016/08/demo-baner-fashing-alt.jpg</wp:attachment_url>
		<wp:postmeta>
			<wp:meta_key>_wp_attached_file</wp:meta_key>
			<wp:meta_value><![CDATA[2016/08/demo-baner-fashing-alt.jpg]]></wp:meta_value>
		</wp:postmeta>
	</item>
</channel>
</rss>
