<?xml version="1.0" encoding="UTF-8" ?>
<!-- This is a WordPress eXtended RSS file generated by WordPress as an export of your site. -->
<!-- It contains information about your site's posts, pages, comments, categories, and other content. -->
<!-- You may use this file to transfer that content from one site to another. -->
<!-- This file is not intended to serve as a complete backup of your site. -->

<!-- To import this information into a WordPress site follow these steps: -->
<!-- 1. Log in to that site as an administrator. -->
<!-- 2. Go to Tools: Import in the WordPress admin panel. -->
<!-- 3. Install the "WordPress" importer from the list. -->
<!-- 4. Activate & Run Importer. -->
<!-- 5. Upload this file using the form provided on that page. -->
<!-- 6. You will first be asked to map the authors in this export file to users -->
<!--    on the site. For each author, you may choose to map to an -->
<!--    existing user on the site or to create a new user. -->
<!-- 7. WordPress will then import each of the posts, pages, comments, categories, etc. -->
<!--    contained in this file into your site. -->

<!-- generator="WordPress/4.6.1" created="2016-10-17 20:17" -->
<rss version="2.0"
	xmlns:excerpt="http://wordpress.org/export/1.2/excerpt/"
	xmlns:content="http://purl.org/rss/1.0/modules/content/"
	xmlns:wfw="http://wellformedweb.org/CommentAPI/"
	xmlns:dc="http://purl.org/dc/elements/1.1/"
	xmlns:wp="http://wordpress.org/export/1.2/"
>

<channel>
	<title>Dummy 3</title>
	<link>http://xtemos.com/dummy/basel3</link>
	<description>Just another WordPress site</description>
	<pubDate>Mon, 17 Oct 2016 20:17:25 +0000</pubDate>
	<language>en-US</language>
	<wp:wxr_version>1.2</wp:wxr_version>
	<wp:base_site_url>http://xtemos.com/dummy/basel3</wp:base_site_url>
	<wp:base_blog_url>http://xtemos.com/dummy/basel3</wp:base_blog_url>

	<wp:author><wp:author_id>1</wp:author_id><wp:author_login>admin</wp:author_login><wp:author_email>admin@basel.as</wp:author_email><wp:author_display_name><![CDATA[admin]]></wp:author_display_name><wp:author_first_name><![CDATA[]]></wp:author_first_name><wp:author_last_name><![CDATA[]]></wp:author_last_name></wp:author>


	<generator>https://wordpress.org/?v=4.6.1</generator>

	<item>
		<title>Home parallax</title>
		<link>http://xtemos.com/dummy/basel3/home-parallax/</link>
		<pubDate>Mon, 17 Oct 2016 20:05:43 +0000</pubDate>
		<dc:creator><![CDATA[admin]]></dc:creator>
		<guid isPermaLink="false">http://xtemos.com/dummy/basel3/?page_id=462</guid>
		<description></description>
		<content:encoded><![CDATA[[vc_row css=".vc_custom_1476645381373{margin-bottom: 0px !important;}"][vc_column][rev_slider_vc alias="slider-parallax"][/vc_column][/vc_row][vc_row full_width="stretch_row" full_height="yes" basel_parallax="1" css=".vc_custom_1476734607810{padding-top: 40px !important;padding-bottom: 40px !important;background-image: url(http://xtemos.com/dummy/basel3/wp-content/uploads/2016/10/parallax-1.jpg?id=465) !important;}"][vc_column width="1/2" css=".vc_custom_1476728420982{padding-right: 30px !important;padding-left: 30px !important;}"][vc_custom_heading text="BASEL PARALLAX IMAGES. AMAZING EFFECT FOR YOUR LANDING PAGE" font_container="tag:h2|font_size:40|text_align:left|color:%23ffffff" google_fonts="font_family:Lato%3A100%2C100italic%2C300%2C300italic%2Cregular%2Citalic%2C700%2C700italic%2C900%2C900italic|font_style:900%20bold%20regular%3A900%3Anormal" css=".vc_custom_1476728492997{margin-bottom: 15px !important;}"][vc_column_text basel_color_scheme="light" css=".vc_custom_1476728028961{margin-bottom: 25px !important;}"]
<p style="text-align: left; line-height: 1.8;">Cum rhoncus adipiscing a vestibulum blandit suspendisse a diam maecenas habitant sit in pretium rutrum ac luctus duis vulputate parturient parturient.</p>
[/vc_column_text][vc_btn title="VIEW MORE" shape="square" color="white" link="url:http%3A%2F%2Fxtemos.com%2Fdummy%2Fbasel3%2Fshop%2F|||" el_class="weight-bold"][/vc_column][vc_column width="1/2"][/vc_column][/vc_row][vc_row full_width="stretch_row" full_height="yes" basel_parallax="1" css=".vc_custom_1476734242636{padding-top: 40px !important;padding-bottom: 40px !important;background-image: url(http://xtemos.com/dummy/basel3/wp-content/uploads/2016/10/parallax-2.jpg?id=466) !important;}"][vc_column width="1/2"][/vc_column][vc_column width="1/2" css=".vc_custom_1476728425389{padding-right: 30px !important;padding-left: 30px !important;}"][vc_custom_heading text="Premium WordPress theme" font_container="tag:p|font_size:22|text_align:left|color:%23f7f7f7" google_fonts="font_family:Satisfy%3Aregular|font_style:400%20regular%3A400%3Anormal" css=".vc_custom_1476731966341{margin-bottom: 10px !important;}"][vc_custom_heading text="COLORFUL PICTURES MAKE IMPRESSION" font_container="tag:h2|font_size:42|text_align:left|color:%23ffffff" google_fonts="font_family:Lato%3A100%2C100italic%2C300%2C300italic%2Cregular%2Citalic%2C700%2C700italic%2C900%2C900italic|font_style:900%20bold%20regular%3A900%3Anormal" css=".vc_custom_1476728345949{margin-bottom: 15px !important;}"][vc_column_text basel_color_scheme="light" css=".vc_custom_1476728028961{margin-bottom: 25px !important;}"]
<p style="text-align: left; line-height: 1.8;">Cum rhoncus adipiscing a vestibulum blandit suspendisse a diam maecenas habitant sit in pretium rutrum ac luctus duis vulputate parturient parturient.</p>
[/vc_column_text][vc_btn title="VIEW MORE" shape="square" color="white" link="url:http%3A%2F%2Fxtemos.com%2Fdummy%2Fbasel3%2Fshop%2F|||" el_class="weight-bold"][/vc_column][/vc_row][vc_row full_width="stretch_row" full_height="yes" basel_parallax="1" css=".vc_custom_1476734255664{padding-top: 40px !important;padding-bottom: 40px !important;background-image: url(http://xtemos.com/dummy/basel3/wp-content/uploads/2016/10/parallax-1.jpg?id=465) !important;}"][vc_column width="1/2" css=".vc_custom_1476731152124{padding-right: 30px !important;padding-left: 30px !important;}"][vc_custom_heading text="Fashion collection 2017" font_container="tag:p|font_size:22|text_align:left|color:%23f7f7f7" google_fonts="font_family:Satisfy%3Aregular|font_style:400%20regular%3A400%3Anormal" css=".vc_custom_1476731971780{margin-bottom: 10px !important;}"][vc_custom_heading text="STYLED MODELS &amp; CREATIVE DESIGNERS" font_container="tag:h2|font_size:42|text_align:left|color:%23ffffff" google_fonts="font_family:Lato%3A100%2C100italic%2C300%2C300italic%2Cregular%2Citalic%2C700%2C700italic%2C900%2C900italic|font_style:900%20bold%20regular%3A900%3Anormal" css=".vc_custom_1476729023802{margin-bottom: 15px !important;}"][vc_column_text basel_color_scheme="light" css=".vc_custom_1476728028961{margin-bottom: 25px !important;}"]
<p style="text-align: left; line-height: 1.8;">Cum rhoncus adipiscing a vestibulum blandit suspendisse a diam maecenas habitant sit in pretium rutrum ac luctus duis vulputate parturient parturient.</p>
[/vc_column_text][vc_btn title="VIEW MORE" shape="square" color="white" link="url:http%3A%2F%2Fxtemos.com%2Fdummy%2Fbasel3%2Fshop%2F|||" el_class="weight-bold"][/vc_column][vc_column width="1/2"][/vc_column][/vc_row][vc_row full_width="stretch_row" full_height="yes" basel_parallax="1" css=".vc_custom_1476734442968{margin-bottom: -40px !important;padding-top: 40px !important;padding-bottom: 40px !important;background-image: url(http://xtemos.com/dummy/basel3/wp-content/uploads/2016/10/parallax-2.jpg?id=466) !important;}"][vc_column width="1/2"][/vc_column][vc_column width="1/2" css=".vc_custom_1476731161082{padding-right: 30px !important;padding-left: 30px !important;}"][vc_custom_heading text="Premium WordPress theme" font_container="tag:p|font_size:22|text_align:left|color:%23f7f7f7" google_fonts="font_family:Satisfy%3Aregular|font_style:400%20regular%3A400%3Anormal" css=".vc_custom_1476731977372{margin-bottom: 10px !important;}"][vc_custom_heading text="INSPIRATION PICTURES MAKE IMPRESSION" font_container="tag:h2|font_size:42|text_align:left|color:%23ffffff" google_fonts="font_family:Lato%3A100%2C100italic%2C300%2C300italic%2Cregular%2Citalic%2C700%2C700italic%2C900%2C900italic|font_style:900%20bold%20regular%3A900%3Anormal" css=".vc_custom_1476729319879{margin-bottom: 15px !important;}"][vc_column_text basel_color_scheme="light" css=".vc_custom_1476728028961{margin-bottom: 25px !important;}"]
<p style="text-align: left; line-height: 1.8;">Cum rhoncus adipiscing a vestibulum blandit suspendisse a diam maecenas habitant sit in pretium rutrum ac luctus duis vulputate parturient parturient.</p>
[/vc_column_text][vc_btn title="VIEW MORE" shape="square" color="white" link="url:http%3A%2F%2Fxtemos.com%2Fdummy%2Fbasel3%2Fshop%2F|||" el_class="weight-bold"][/vc_column][/vc_row]]]></content:encoded>
		<excerpt:encoded><![CDATA[]]></excerpt:encoded>
		<wp:post_id>462</wp:post_id>
		<wp:post_date>2016-10-17 20:05:43</wp:post_date>
		<wp:post_date_gmt>2016-10-17 20:05:43</wp:post_date_gmt>
		<wp:comment_status>closed</wp:comment_status>
		<wp:ping_status>closed</wp:ping_status>
		<wp:post_name>home-parallax</wp:post_name>
		<wp:status>publish</wp:status>
		<wp:post_parent>0</wp:post_parent>
		<wp:menu_order>0</wp:menu_order>
		<wp:post_type>page</wp:post_type>
		<wp:post_password></wp:post_password>
		<wp:is_sticky>0</wp:is_sticky>
		<wp:postmeta>
			<wp:meta_key>_wp_page_template</wp:meta_key>
			<wp:meta_value><![CDATA[default]]></wp:meta_value>
		</wp:postmeta>
		<wp:postmeta>
			<wp:meta_key>_wpb_shortcodes_custom_css</wp:meta_key>
			<wp:meta_value><![CDATA[.vc_custom_1476645381373{margin-bottom: 0px !important;}.vc_custom_1476734607810{padding-top: 40px !important;padding-bottom: 40px !important;background-image: url(http://xtemos.com/dummy/basel3/wp-content/uploads/2016/10/parallax-1.jpg?id=465) !important;}.vc_custom_1476734242636{padding-top: 40px !important;padding-bottom: 40px !important;background-image: url(http://xtemos.com/dummy/basel3/wp-content/uploads/2016/10/parallax-2.jpg?id=466) !important;}.vc_custom_1476734255664{padding-top: 40px !important;padding-bottom: 40px !important;background-image: url(http://xtemos.com/dummy/basel3/wp-content/uploads/2016/10/parallax-1.jpg?id=465) !important;}.vc_custom_1476734442968{margin-bottom: -40px !important;padding-top: 40px !important;padding-bottom: 40px !important;background-image: url(http://xtemos.com/dummy/basel3/wp-content/uploads/2016/10/parallax-2.jpg?id=466) !important;}.vc_custom_1476728420982{padding-right: 30px !important;padding-left: 30px !important;}.vc_custom_1476728492997{margin-bottom: 15px !important;}.vc_custom_1476728028961{margin-bottom: 25px !important;}.vc_custom_1476728425389{padding-right: 30px !important;padding-left: 30px !important;}.vc_custom_1476731966341{margin-bottom: 10px !important;}.vc_custom_1476728345949{margin-bottom: 15px !important;}.vc_custom_1476728028961{margin-bottom: 25px !important;}.vc_custom_1476731152124{padding-right: 30px !important;padding-left: 30px !important;}.vc_custom_1476731971780{margin-bottom: 10px !important;}.vc_custom_1476729023802{margin-bottom: 15px !important;}.vc_custom_1476728028961{margin-bottom: 25px !important;}.vc_custom_1476731161082{padding-right: 30px !important;padding-left: 30px !important;}.vc_custom_1476731977372{margin-bottom: 10px !important;}.vc_custom_1476729319879{margin-bottom: 15px !important;}.vc_custom_1476728028961{margin-bottom: 25px !important;}]]></wp:meta_value>
		</wp:postmeta>
		<wp:postmeta>
			<wp:meta_key>_basel_main_layout</wp:meta_key>
			<wp:meta_value><![CDATA[full-width]]></wp:meta_value>
		</wp:postmeta>
		<wp:postmeta>
			<wp:meta_key>_basel_header_color_scheme</wp:meta_key>
			<wp:meta_value><![CDATA[light]]></wp:meta_value>
		</wp:postmeta>
		<wp:postmeta>
			<wp:meta_key>_basel_title_image_id</wp:meta_key>
			<wp:meta_value><![CDATA[0]]></wp:meta_value>
		</wp:postmeta>
		<wp:postmeta>
			<wp:meta_key>_wpb_post_custom_css</wp:meta_key>
			<wp:meta_value><![CDATA[.main-header {
    background-color: rgba(0,0,0,0.2);
}]]></wp:meta_value>
		</wp:postmeta>
		<wp:postmeta>
			<wp:meta_key>_basel_header-overlap</wp:meta_key>
			<wp:meta_value><![CDATA[on]]></wp:meta_value>
		</wp:postmeta>
		<wp:postmeta>
			<wp:meta_key>_basel_title_off</wp:meta_key>
			<wp:meta_value><![CDATA[on]]></wp:meta_value>
		</wp:postmeta>
	</item>
</channel>
</rss>
