<?xml version="1.0" encoding="UTF-8" ?>
<!-- This is a WordPress eXtended RSS file generated by WordPress as an export of your site. -->
<!-- It contains information about your site's posts, pages, comments, categories, and other content. -->
<!-- You may use this file to transfer that content from one site to another. -->
<!-- This file is not intended to serve as a complete backup of your site. -->

<!-- To import this information into a WordPress site follow these steps: -->
<!-- 1. Log in to that site as an administrator. -->
<!-- 2. Go to Tools: Import in the WordPress admin panel. -->
<!-- 3. Install the "WordPress" importer from the list. -->
<!-- 4. Activate & Run Importer. -->
<!-- 5. Upload this file using the form provided on that page. -->
<!-- 6. You will first be asked to map the authors in this export file to users -->
<!--    on the site. For each author, you may choose to map to an -->
<!--    existing user on the site or to create a new user. -->
<!-- 7. WordPress will then import each of the posts, pages, comments, categories, etc. -->
<!--    contained in this file into your site. -->

<!-- generator="WordPress/4.5.3" created="2016-07-05 20:36" -->
<rss version="2.0"
	xmlns:excerpt="http://wordpress.org/export/1.2/excerpt/"
	xmlns:content="http://purl.org/rss/1.0/modules/content/"
	xmlns:wfw="http://wellformedweb.org/CommentAPI/"
	xmlns:dc="http://purl.org/dc/elements/1.1/"
	xmlns:wp="http://wordpress.org/export/1.2/"
>

<channel>
	<title>Dummy 3</title>
	<link>http://xtemos.com/dummy/basel3</link>
	<description>Just another WordPress site</description>
	<pubDate>Tue, 05 Jul 2016 20:36:22 +0000</pubDate>
	<language>en-US</language>
	<wp:wxr_version>1.2</wp:wxr_version>
	<wp:base_site_url>http://xtemos.com/dummy/basel3</wp:base_site_url>
	<wp:base_blog_url>http://xtemos.com/dummy/basel3</wp:base_blog_url>

	<wp:author><wp:author_id>1</wp:author_id><wp:author_login>admin</wp:author_login><wp:author_email>admin@basel.as</wp:author_email><wp:author_display_name><![CDATA[admin]]></wp:author_display_name><wp:author_first_name><![CDATA[]]></wp:author_first_name><wp:author_last_name><![CDATA[]]></wp:author_last_name></wp:author>


	<generator>https://wordpress.org/?v=4.5.3</generator>

	<item>
		<title>Home furniture</title>
		<link>http://xtemos.com/dummy/basel3/home-furniture/</link>
		<pubDate>Sat, 05 Mar 2016 17:53:17 +0000</pubDate>
		<dc:creator><![CDATA[admin]]></dc:creator>
		<guid isPermaLink="false">http://xtemos.com/dummy/basel3/?page_id=189</guid>
		<description></description>
		<content:encoded><![CDATA[[vc_row css=".vc_custom_1457036765246{margin-top: -55px !important;margin-bottom: 40px !important;}"][vc_column][rev_slider_vc alias="furniture-slider"][/vc_column][/vc_row][vc_row css=".vc_custom_1457171432801{margin-bottom: 35px !important;padding-top: 20px !important;padding-bottom: 20px !important;}"][vc_column width="1/4" offset="vc_hidden-sm"][promo_banner image="203" alignment="center" vertical_alignment="bottom" hover="1"]
<div style="background: rgba(0,0,0,0.6); padding: 15px 30px; display: inline-block;">
<h2 class="font-title" style="font-style: italic; margin-bottom: 3px; border-bottom: 1px solid rgba(255, 255, 255, 0.68);">Design idea</h2>
<span style="color: #efefef;">Choice for you</span>

</div>
[/promo_banner][/vc_column][vc_column width="2/3" offset="vc_col-lg-6 vc_col-md-6"][promo_banner image="204" vertical_alignment="bottom" hover="1"]
<div style="background: rgba(0,0,0,0.6); padding: 15px 30px; display: inline-block;">
<h2 class="font-title" style="font-style: italic; margin-bottom: 3px; border-bottom: 1px solid rgba(255, 255, 255, 0.68);">Furniture de Lus</h2>
<span style="color: #efefef;">Look at entire collection</span>

</div>
[/promo_banner][/vc_column][vc_column width="1/3" offset="vc_col-lg-3 vc_col-md-3"][promo_banner image="203" alignment="center" vertical_alignment="middle" hover="1" style="2"]<span style="display: inline-block; background: #339059; color: white; padding: 3px 8px;">Interesting</span>
<strong style="font-size: 28px; margin: 5px 0; display: inline-block; color: white;">SHOPPER GUIDE</strong>
<a class="btn btn-style-link btn-color-white" href="#">Read More</a>[/promo_banner][/vc_column][/vc_row][vc_row css=".vc_custom_1457087383027{margin-bottom: 60px !important;}"][vc_column][basel_title style="simple" title="FEATURED PRODUCTS" subtitle="MADE THE HARD WAY"][basel_posts slides_per_view="4" hide_pagination_control="yes" posts_query="size:10|order_by:date|order:ASC|post_type:,product"][/vc_column][/vc_row][vc_row content_placement="middle" css=".vc_custom_1457188050295{margin-bottom: 40px !important;padding-top: 25px !important;padding-right: 20px !important;padding-left: 20px !important;background: #2f8653 url(http://demo.xtemos.com/basel/wp-content/uploads/2016/03/gift-newslater.png?id=22520) !important;background-position: 0 0 !important;background-repeat: no-repeat !important;}"][vc_column width="1/2" css=".vc_custom_1457188092515{margin-bottom: 25px !important;padding-top: 0px !important;}"][vc_column_text basel_color_scheme="light" css=".vc_custom_1457187974606{margin-bottom: 0px !important;}"]
<h3 style="text-align: left; text-transform: capitalize;">Subscribe to our newsletter and receive a discount</h3>
[/vc_column_text][/vc_column][vc_column width="1/2" basel_color_scheme="light" el_class="text-right" css=".vc_custom_1457188084371{margin-bottom: 25px !important;padding-top: 0px !important;}"][social_buttons size="large" align="right"][/vc_column][/vc_row][vc_row css=".vc_custom_1457196425617{margin-bottom: 60px !important;}"][vc_column][vc_tta_tabs shape="square" spacing="" alignment="center" active_section="1" no_fill_content_area="true"][vc_tta_section title="wood chair" tab_id="1457087706205-4d1b10e5-41a1"][vc_row_inner content_placement="middle"][vc_column_inner el_class="text-right" width="1/2" offset="vc_col-lg-4 vc_col-md-4"][vc_column_text css_animation="left-to-right" css=".vc_custom_1457096685859{margin-bottom: 15px !important;}"]
<p style="margin-bottom: 5px; text-transform: uppercase; letter-spacing: 0.4px; font-size: 12px; color: #b1b1b1;">Designers: Valentino Rachelli</p>

<h1 style="margin-bottom: -10px; font-weight: bold; text-transform: uppercase; font-size: 42px;">Eames Sofa</h1>
<h1 style="margin-bottom: 0px; font-weight: bold; text-transform: uppercase; font-size: 42px;">Compact</h1>
<h1 style="margin-bottom: 10px; font-weight: bold; text-transform: uppercase; font-size: 48px; line-height: 1; color: #2f8653;">$800</h1>
Vel himenaeos quam fringilla a interdum blandit adipiscing ullamcorper per consequat in ut a enim suspendisse luctus commodo varius dictumst egestas at curae ultricies nam.

<a class="btn btn-color-primary btn-style-default btn-size-small" href="http://#">read more</a>[/vc_column_text][/vc_column_inner][vc_column_inner width="1/2" offset="vc_col-lg-4 vc_col-md-4"][vc_single_image image="199" img_size="full" alignment="center" css_animation="right-to-left" css=".vc_custom_1457197132461{margin-bottom: 0px !important;}"][/vc_column_inner][vc_column_inner width="1/3" offset="vc_hidden-sm vc_hidden-xs"][vc_single_image image="199" img_size="full" alignment="center" css_animation="right-to-left" css=".vc_custom_1457197138835{margin-bottom: 0px !important;}"][/vc_column_inner][/vc_row_inner][/vc_tta_section][vc_tta_section title="plastic chair" tab_id="1457088634508-efe88ad6-3054"][vc_row_inner content_placement="middle"][vc_column_inner width="1/3" offset="vc_hidden-sm vc_hidden-xs"][vc_single_image image="199" img_size="full" alignment="center" css_animation="left-to-right" css=".vc_custom_1457197146501{margin-bottom: 0px !important;}"][/vc_column_inner][vc_column_inner el_class="text-center" width="1/2" offset="vc_col-lg-4 vc_col-md-4"][vc_column_text css_animation="bottom-to-top" css=".vc_custom_1457096736692{margin-bottom: 15px !important;}"]
<p style="margin-bottom: 5px; text-transform: uppercase; letter-spacing: 0.4px; font-size: 12px; color: #b1b1b1;">Designers: Charles and Ray Eames</p>

<h1 style="margin-bottom: -10px; font-weight: bold; text-transform: uppercase; font-size: 42px;">Eames Sofa</h1>
<h1 style="margin-bottom: 0px; font-weight: bold; text-transform: uppercase; font-size: 42px;">Compact</h1>
<h1 style="margin-bottom: 10px; font-weight: bold; text-transform: uppercase; font-size: 48px; line-height: 1; color: #2f8653;">$800</h1>
Vel himenaeos quam fringilla a interdum blandit adipiscing ullamcorper per consequat in ut a enim suspendisse luctus commodo varius dictumst egestas at curae ultricies nam.

<a class="btn btn-color-primary btn-style-default btn-size-small" href="http://#">read more</a>[/vc_column_text][/vc_column_inner][vc_column_inner width="1/2" offset="vc_col-lg-4 vc_col-md-4"][vc_single_image image="199" img_size="full" alignment="center" css_animation="right-to-left" css=".vc_custom_1457197152100{margin-bottom: 0px !important;}"][/vc_column_inner][/vc_row_inner][/vc_tta_section][vc_tta_section title="SOFA" tab_id="1457087705919-b85cd889-2791"][vc_row_inner content_placement="middle"][vc_column_inner width="1/3" offset="vc_hidden-sm vc_hidden-xs"][vc_single_image image="199" img_size="full" alignment="center" css_animation="left-to-right" css=".vc_custom_1457197158684{margin-bottom: 0px !important;}"][/vc_column_inner][vc_column_inner width="1/2" offset="vc_col-lg-4 vc_col-md-4"][vc_single_image image="199" img_size="full" alignment="center" css_animation="left-to-right" css=".vc_custom_1457197169173{margin-bottom: 0px !important;}"][/vc_column_inner][vc_column_inner width="1/2" offset="vc_col-lg-4 vc_col-md-4"][vc_column_text css_animation="left-to-right" css=".vc_custom_1457031453311{margin-bottom: 15px !important;}"]
<p style="margin-bottom: 5px; text-transform: uppercase; letter-spacing: 0.4px; font-size: 12px; color: #b1b1b1;">Designers: Valentino Rachelli</p>

<h1 style="margin-bottom: -10px; font-weight: bold; text-transform: uppercase; font-size: 42px;">Eames Sofa</h1>
<h1 style="margin-bottom: 0px; font-weight: bold; text-transform: uppercase; font-size: 42px;">Compact</h1>
<h1 style="margin-bottom: 10px; font-weight: bold; text-transform: uppercase; font-size: 48px; line-height: 1; color: #2f8653;">$800</h1>
Vel himenaeos quam fringilla a interdum blandit adipiscing ullamcorper per consequat in ut a enim suspendisse luctus commodo varius dictumst egestas at curae ultricies nam.

<a class="btn btn-color-primary btn-style-default btn-size-small" href="http://#">read more</a>[/vc_column_text][/vc_column_inner][/vc_row_inner][/vc_tta_section][/vc_tta_tabs][/vc_column][/vc_row][vc_row full_width="stretch_row_content_no_spaces" css=".vc_custom_1467750289590{margin-bottom: -178px !important;padding-top: 155px !important;padding-bottom: 180px !important;background-image: url(http://xtemos.com/dummy/basel3/wp-content/uploads/2016/03/bg-categorie.jpg?id=205) !important;background-position: center !important;background-repeat: no-repeat !important;background-size: cover !important;}"][vc_column][/vc_column][/vc_row][vc_row css=".vc_custom_1467750325233{margin-top: -250px !important;margin-bottom: 0px !important;padding-top: 0px !important;padding-right: 15px !important;padding-bottom: 20px !important;padding-left: 15px !important;background-color: #ffffff !important;}" el_class="position-relative z-index-h"][vc_column css=".vc_custom_1457192472444{margin-top: -178px !important;}"][basel_title color="primary" title="FURNITURE CATEGORIES" css=".vc_custom_1457192591267{margin-bottom: 40px !important;}" subtitle="VIEW ALL OUR BEST"][basel_categories orderby="" order="" columns="4" style="masonry" number="4"][/vc_column][/vc_row][vc_row][vc_column][basel_title style="simple" title="FROM OUR BLOG" subtitle="USEFUL ARTICLES" css=".vc_custom_1457103520971{margin-bottom: 40px !important;}"][/vc_column][/vc_row][vc_row css=".vc_custom_1457198393418{margin-bottom: 50px !important;}"][vc_column][basel_posts slides_per_view="3" posts_query="size:5|order_by:date|order:DESC|post_type:post" img_size="400x220"][/vc_column][/vc_row][vc_row full_width="stretch_row" css=".vc_custom_1457198741098{margin-bottom: -40px !important;padding-bottom: 35px !important;background: #f2f2f2 url(http://demo.xtemos.com/basel/wp-content/uploads/2016/03/newsPaper.png?id=22716) !important;background-position: 0 0 !important;background-repeat: no-repeat !important;}"][vc_column width="1/4"][/vc_column][vc_column width="1/2"][vc_column_text css=".vc_custom_1457198308649{margin-bottom: 15px !important;}"]
<h1 style="text-align: center;">Our Newsletter</h1>
<p style="text-align: center;">It only takes a second to be the first to find out about our latest
news and promotions…</p>
[/vc_column_text][vc_column_text css=".vc_custom_1457082971906{margin-bottom: 0px !important;padding-top: 20px !important;}"][mc4wp_form][/vc_column_text][/vc_column][vc_column width="1/4"][/vc_column][/vc_row]]]></content:encoded>
		<excerpt:encoded><![CDATA[]]></excerpt:encoded>
		<wp:post_id>189</wp:post_id>
		<wp:post_date>2016-03-05 17:53:17</wp:post_date>
		<wp:post_date_gmt>2016-03-05 17:53:17</wp:post_date_gmt>
		<wp:comment_status>closed</wp:comment_status>
		<wp:ping_status>closed</wp:ping_status>
		<wp:post_name>home-furniture</wp:post_name>
		<wp:status>publish</wp:status>
		<wp:post_parent>0</wp:post_parent>
		<wp:menu_order>0</wp:menu_order>
		<wp:post_type>page</wp:post_type>
		<wp:post_password></wp:post_password>
		<wp:is_sticky>0</wp:is_sticky>
		<wp:postmeta>
			<wp:meta_key>_wp_page_template</wp:meta_key>
			<wp:meta_value><![CDATA[default]]></wp:meta_value>
		</wp:postmeta>
		<wp:postmeta>
			<wp:meta_key>_basel_main_layout</wp:meta_key>
			<wp:meta_value><![CDATA[full-width]]></wp:meta_value>
		</wp:postmeta>
		<wp:postmeta>
			<wp:meta_key>_basel_header</wp:meta_key>
			<wp:meta_value><![CDATA[categories]]></wp:meta_value>
		</wp:postmeta>
		<wp:postmeta>
			<wp:meta_key>_basel_header_color_scheme</wp:meta_key>
			<wp:meta_value><![CDATA[inherit]]></wp:meta_value>
		</wp:postmeta>
		<wp:postmeta>
			<wp:meta_key>_basel_title_off</wp:meta_key>
			<wp:meta_value><![CDATA[on]]></wp:meta_value>
		</wp:postmeta>
		<wp:postmeta>
			<wp:meta_key>_basel_open_categories</wp:meta_key>
			<wp:meta_value><![CDATA[on]]></wp:meta_value>
		</wp:postmeta>
		<wp:postmeta>
			<wp:meta_key>_wpb_shortcodes_custom_css</wp:meta_key>
			<wp:meta_value><![CDATA[.vc_custom_1457036765246{margin-top: -55px !important;margin-bottom: 40px !important;}.vc_custom_1457171432801{margin-bottom: 35px !important;padding-top: 20px !important;padding-bottom: 20px !important;}.vc_custom_1457087383027{margin-bottom: 60px !important;}.vc_custom_1457188050295{margin-bottom: 40px !important;padding-top: 25px !important;padding-right: 20px !important;padding-left: 20px !important;background: #2f8653 url(http://demo.xtemos.com/basel/wp-content/uploads/2016/03/gift-newslater.png?id=22520) !important;background-position: 0 0 !important;background-repeat: no-repeat !important;}.vc_custom_1457196425617{margin-bottom: 60px !important;}.vc_custom_1467750289590{margin-bottom: -178px !important;padding-top: 155px !important;padding-bottom: 180px !important;background-image: url(http://xtemos.com/dummy/basel3/wp-content/uploads/2016/03/bg-categorie.jpg?id=205) !important;background-position: center !important;background-repeat: no-repeat !important;background-size: cover !important;}.vc_custom_1467750325233{margin-top: -250px !important;margin-bottom: 0px !important;padding-top: 0px !important;padding-right: 15px !important;padding-bottom: 20px !important;padding-left: 15px !important;background-color: #ffffff !important;}.vc_custom_1457198393418{margin-bottom: 50px !important;}.vc_custom_1457198741098{margin-bottom: -40px !important;padding-bottom: 35px !important;background: #f2f2f2 url(http://demo.xtemos.com/basel/wp-content/uploads/2016/03/newsPaper.png?id=22716) !important;background-position: 0 0 !important;background-repeat: no-repeat !important;}.vc_custom_1457188092515{margin-bottom: 25px !important;padding-top: 0px !important;}.vc_custom_1457188084371{margin-bottom: 25px !important;padding-top: 0px !important;}.vc_custom_1457187974606{margin-bottom: 0px !important;}.vc_custom_1457096685859{margin-bottom: 15px !important;}.vc_custom_1457197132461{margin-bottom: 0px !important;}.vc_custom_1457197138835{margin-bottom: 0px !important;}.vc_custom_1457197146501{margin-bottom: 0px !important;}.vc_custom_1457096736692{margin-bottom: 15px !important;}.vc_custom_1457197152100{margin-bottom: 0px !important;}.vc_custom_1457197158684{margin-bottom: 0px !important;}.vc_custom_1457197169173{margin-bottom: 0px !important;}.vc_custom_1457031453311{margin-bottom: 15px !important;}.vc_custom_1457192472444{margin-top: -178px !important;}.vc_custom_1457192591267{margin-bottom: 40px !important;}.vc_custom_1457103520971{margin-bottom: 40px !important;}.vc_custom_1457198308649{margin-bottom: 15px !important;}.vc_custom_1457082971906{margin-bottom: 0px !important;padding-top: 20px !important;}]]></wp:meta_value>
		</wp:postmeta>
		<wp:postmeta>
			<wp:meta_key>_basel_title_image_id</wp:meta_key>
			<wp:meta_value><![CDATA[0]]></wp:meta_value>
		</wp:postmeta>
	</item>
	<item>
		<title>furniture-slide-1</title>
		<link>http://xtemos.com/dummy/basel3/furniture-slide-1/</link>
		<pubDate>Sat, 05 Mar 2016 18:02:08 +0000</pubDate>
		<dc:creator><![CDATA[admin]]></dc:creator>
		<guid isPermaLink="false">http://xtemos.com/dummy/basel3/wp-content/uploads/2016/03/furniture-slide-1.png</guid>
		<description></description>
		<content:encoded><![CDATA[]]></content:encoded>
		<excerpt:encoded><![CDATA[]]></excerpt:encoded>
		<wp:post_id>199</wp:post_id>
		<wp:post_date>2016-03-05 18:02:08</wp:post_date>
		<wp:post_date_gmt>2016-03-05 18:02:08</wp:post_date_gmt>
		<wp:comment_status>open</wp:comment_status>
		<wp:ping_status>closed</wp:ping_status>
		<wp:post_name>furniture-slide-1</wp:post_name>
		<wp:status>inherit</wp:status>
		<wp:post_parent>0</wp:post_parent>
		<wp:menu_order>0</wp:menu_order>
		<wp:post_type>attachment</wp:post_type>
		<wp:post_password></wp:post_password>
		<wp:is_sticky>0</wp:is_sticky>
		<wp:attachment_url>http://xtemos.com/dummy/basel3/wp-content/uploads/2016/03/furniture-slide-1.png</wp:attachment_url>
		<wp:postmeta>
			<wp:meta_key>_wp_attached_file</wp:meta_key>
			<wp:meta_value><![CDATA[2016/03/furniture-slide-1.png]]></wp:meta_value>
		</wp:postmeta>
	</item>
	<item>
		<title>demo-content-furniture-2</title>
		<link>http://xtemos.com/dummy/basel3/home-furniture/demo-content-furniture-2/</link>
		<pubDate>Sat, 05 Mar 2016 18:13:16 +0000</pubDate>
		<dc:creator><![CDATA[admin]]></dc:creator>
		<guid isPermaLink="false">http://xtemos.com/dummy/basel3/wp-content/uploads/2016/03/demo-content-furniture-2.jpg</guid>
		<description></description>
		<content:encoded><![CDATA[]]></content:encoded>
		<excerpt:encoded><![CDATA[]]></excerpt:encoded>
		<wp:post_id>203</wp:post_id>
		<wp:post_date>2016-03-05 18:13:16</wp:post_date>
		<wp:post_date_gmt>2016-03-05 18:13:16</wp:post_date_gmt>
		<wp:comment_status>open</wp:comment_status>
		<wp:ping_status>closed</wp:ping_status>
		<wp:post_name>demo-content-furniture-2</wp:post_name>
		<wp:status>inherit</wp:status>
		<wp:post_parent>189</wp:post_parent>
		<wp:menu_order>0</wp:menu_order>
		<wp:post_type>attachment</wp:post_type>
		<wp:post_password></wp:post_password>
		<wp:is_sticky>0</wp:is_sticky>
		<wp:attachment_url>http://xtemos.com/dummy/basel3/wp-content/uploads/2016/03/demo-content-furniture-2.jpg</wp:attachment_url>
		<wp:postmeta>
			<wp:meta_key>_wp_attached_file</wp:meta_key>
			<wp:meta_value><![CDATA[2016/03/demo-content-furniture-2.jpg]]></wp:meta_value>
		</wp:postmeta>
	</item>
	<item>
		<title>demo-content-furniture-3</title>
		<link>http://xtemos.com/dummy/basel3/home-furniture/demo-content-furniture-3/</link>
		<pubDate>Sat, 05 Mar 2016 18:13:33 +0000</pubDate>
		<dc:creator><![CDATA[admin]]></dc:creator>
		<guid isPermaLink="false">http://xtemos.com/dummy/basel3/wp-content/uploads/2016/03/demo-content-furniture-3.jpg</guid>
		<description></description>
		<content:encoded><![CDATA[]]></content:encoded>
		<excerpt:encoded><![CDATA[]]></excerpt:encoded>
		<wp:post_id>204</wp:post_id>
		<wp:post_date>2016-03-05 18:13:33</wp:post_date>
		<wp:post_date_gmt>2016-03-05 18:13:33</wp:post_date_gmt>
		<wp:comment_status>open</wp:comment_status>
		<wp:ping_status>closed</wp:ping_status>
		<wp:post_name>demo-content-furniture-3</wp:post_name>
		<wp:status>inherit</wp:status>
		<wp:post_parent>189</wp:post_parent>
		<wp:menu_order>0</wp:menu_order>
		<wp:post_type>attachment</wp:post_type>
		<wp:post_password></wp:post_password>
		<wp:is_sticky>0</wp:is_sticky>
		<wp:attachment_url>http://xtemos.com/dummy/basel3/wp-content/uploads/2016/03/demo-content-furniture-3.jpg</wp:attachment_url>
		<wp:postmeta>
			<wp:meta_key>_wp_attached_file</wp:meta_key>
			<wp:meta_value><![CDATA[2016/03/demo-content-furniture-3.jpg]]></wp:meta_value>
		</wp:postmeta>
	</item>
</channel>
</rss>
