<?xml version="1.0" encoding="UTF-8" ?>
<!-- This is a WordPress eXtended RSS file generated by WordPress as an export of your site. -->
<!-- It contains information about your site's posts, pages, comments, categories, and other content. -->
<!-- You may use this file to transfer that content from one site to another. -->
<!-- This file is not intended to serve as a complete backup of your site. -->

<!-- To import this information into a WordPress site follow these steps: -->
<!-- 1. Log in to that site as an administrator. -->
<!-- 2. Go to Tools: Import in the WordPress admin panel. -->
<!-- 3. Install the "WordPress" importer from the list. -->
<!-- 4. Activate & Run Importer. -->
<!-- 5. Upload this file using the form provided on that page. -->
<!-- 6. You will first be asked to map the authors in this export file to users -->
<!--    on the site. For each author, you may choose to map to an -->
<!--    existing user on the site or to create a new user. -->
<!-- 7. WordPress will then import each of the posts, pages, comments, categories, etc. -->
<!--    contained in this file into your site. -->

<!-- generator="WordPress/4.5.3" created="2016-07-18 20:36" -->
<rss version="2.0"
	xmlns:excerpt="http://wordpress.org/export/1.2/excerpt/"
	xmlns:content="http://purl.org/rss/1.0/modules/content/"
	xmlns:wfw="http://wellformedweb.org/CommentAPI/"
	xmlns:dc="http://purl.org/dc/elements/1.1/"
	xmlns:wp="http://wordpress.org/export/1.2/"
>

<channel>
	<title>Dummy 3</title>
	<link>http://xtemos.com/dummy/basel3</link>
	<description>Just another WordPress site</description>
	<pubDate>Mon, 18 Jul 2016 20:36:44 +0000</pubDate>
	<language>en-US</language>
	<wp:wxr_version>1.2</wp:wxr_version>
	<wp:base_site_url>http://xtemos.com/dummy/basel3</wp:base_site_url>
	<wp:base_blog_url>http://xtemos.com/dummy/basel3</wp:base_blog_url>

	<wp:author><wp:author_id>1</wp:author_id><wp:author_login>admin</wp:author_login><wp:author_email>admin@basel.as</wp:author_email><wp:author_display_name><![CDATA[admin]]></wp:author_display_name><wp:author_first_name><![CDATA[]]></wp:author_first_name><wp:author_last_name><![CDATA[]]></wp:author_last_name></wp:author>


	<generator>https://wordpress.org/?v=4.5.3</generator>

	<item>
		<title>Coming soon</title>
		<link>http://xtemos.com/dummy/basel3/coming-soon/</link>
		<pubDate>Mon, 18 Jul 2016 18:53:44 +0000</pubDate>
		<dc:creator><![CDATA[admin]]></dc:creator>
		<guid isPermaLink="false">http://xtemos.com/dummy/basel3/?page_id=309</guid>
		<description></description>
		<content:encoded><![CDATA[[vc_row full_width="stretch_row" full_height="yes" css=".vc_custom_1468874013361{background: #f2f2f2 url(http://xtemos.com/dummy/basel3/wp-content/uploads/2016/07/big-maint-baner-1.jpg?id=335) !important;background-position: center !important;background-repeat: no-repeat !important;background-size: cover !important;}"][vc_column width="7/12"][vc_custom_heading text="MAINTENANCE" font_container="tag:h1|font_size:72|text_align:left|line_height:1" use_theme_fonts="yes" css=".vc_custom_1468861386528{margin-bottom: 10px !important;}"][vc_custom_heading text="NEW WEB-SITE COMING SOON..." font_container="tag:h2|font_size:38|text_align:left|color:%23636363" use_theme_fonts="yes" css=".vc_custom_1468861464245{margin-bottom: 20px !important;}"][vc_column_text]
<p style="text-align: left; opacity: 0.7; font-size: 16px;">Condimentum ipsum a adipiscing hac consectetur urna commodo elit parturient a molestie ut nisl parturient convallier ullamcorper phasellus mus cubilia eget.</p>

[/vc_column_text][vc_custom_heading text="New store we be launched in:" font_container="tag:h2|font_size:19|text_align:left" use_theme_fonts="yes" css=".vc_custom_1468873593714{margin-bottom: 10px !important;}"][basel_countdown_timer basel_color_scheme="dark" size="medium" align="left" date="2016/12/07"][vc_empty_space][social_buttons type="follow" style="colored" align="left"][/vc_column][vc_column width="5/12"][/vc_column][/vc_row]]]></content:encoded>
		<excerpt:encoded><![CDATA[]]></excerpt:encoded>
		<wp:post_id>309</wp:post_id>
		<wp:post_date>2016-07-18 18:53:44</wp:post_date>
		<wp:post_date_gmt>2016-07-18 18:53:44</wp:post_date_gmt>
		<wp:comment_status>closed</wp:comment_status>
		<wp:ping_status>closed</wp:ping_status>
		<wp:post_name>coming-soon</wp:post_name>
		<wp:status>publish</wp:status>
		<wp:post_parent>0</wp:post_parent>
		<wp:menu_order>0</wp:menu_order>
		<wp:post_type>page</wp:post_type>
		<wp:post_password></wp:post_password>
		<wp:is_sticky>0</wp:is_sticky>
		<wp:postmeta>
			<wp:meta_key>_wp_page_template</wp:meta_key>
			<wp:meta_value><![CDATA[maintenance.php]]></wp:meta_value>
		</wp:postmeta>
		<wp:postmeta>
			<wp:meta_key>_wpb_shortcodes_custom_css</wp:meta_key>
			<wp:meta_value><![CDATA[.vc_custom_1468874013361{background: #f2f2f2 url(http://xtemos.com/dummy/basel3/wp-content/uploads/2016/07/big-maint-baner-1.jpg?id=335) !important;background-position: center !important;background-repeat: no-repeat !important;background-size: cover !important;}.vc_custom_1468861386528{margin-bottom: 10px !important;}.vc_custom_1468861464245{margin-bottom: 20px !important;}.vc_custom_1468873593714{margin-bottom: 10px !important;}]]></wp:meta_value>
		</wp:postmeta>
		<wp:postmeta>
			<wp:meta_key>_basel_header_color_scheme</wp:meta_key>
			<wp:meta_value><![CDATA[inherit]]></wp:meta_value>
		</wp:postmeta>
		<wp:postmeta>
			<wp:meta_key>_basel_title_image_id</wp:meta_key>
			<wp:meta_value><![CDATA[0]]></wp:meta_value>
		</wp:postmeta>
	</item>
</channel>
</rss>
