<?xml version="1.0" encoding="UTF-8" ?>
<!-- This is a WordPress eXtended RSS file generated by WordPress as an export of your site. -->
<!-- It contains information about your site's posts, pages, comments, categories, and other content. -->
<!-- You may use this file to transfer that content from one site to another. -->
<!-- This file is not intended to serve as a complete backup of your site. -->

<!-- To import this information into a WordPress site follow these steps: -->
<!-- 1. Log in to that site as an administrator. -->
<!-- 2. Go to Tools: Import in the WordPress admin panel. -->
<!-- 3. Install the "WordPress" importer from the list. -->
<!-- 4. Activate & Run Importer. -->
<!-- 5. Upload this file using the form provided on that page. -->
<!-- 6. You will first be asked to map the authors in this export file to users -->
<!--    on the site. For each author, you may choose to map to an -->
<!--    existing user on the site or to create a new user. -->
<!-- 7. WordPress will then import each of the posts, pages, comments, categories, etc. -->
<!--    contained in this file into your site. -->

<!-- generator="WordPress/4.4.3" created="2016-05-16 20:01" -->
<rss version="2.0"
	xmlns:excerpt="http://wordpress.org/export/1.2/excerpt/"
	xmlns:content="http://purl.org/rss/1.0/modules/content/"
	xmlns:wfw="http://wellformedweb.org/CommentAPI/"
	xmlns:dc="http://purl.org/dc/elements/1.1/"
	xmlns:wp="http://wordpress.org/export/1.2/"
>

<channel>
	<title>Dummy 3</title>
	<link>http://xtemos.com/dummy/basel3</link>
	<description>Just another WordPress site</description>
	<pubDate>Mon, 16 May 2016 20:01:19 +0000</pubDate>
	<language>en-US</language>
	<wp:wxr_version>1.2</wp:wxr_version>
	<wp:base_site_url>http://xtemos.com/dummy/basel3</wp:base_site_url>
	<wp:base_blog_url>http://xtemos.com/dummy/basel3</wp:base_blog_url>

	<wp:author><wp:author_id>1</wp:author_id><wp:author_login>admin</wp:author_login><wp:author_email>admin@basel.as</wp:author_email><wp:author_display_name><![CDATA[admin]]></wp:author_display_name><wp:author_first_name><![CDATA[]]></wp:author_first_name><wp:author_last_name><![CDATA[]]></wp:author_last_name></wp:author>


	<generator>https://wordpress.org/?v=4.4.3</generator>

	<item>
		<title>logo-1</title>
		<link>http://xtemos.com/dummy/basel3/home/logo-1/</link>
		<pubDate>Sat, 13 Feb 2016 09:35:35 +0000</pubDate>
		<dc:creator><![CDATA[admin]]></dc:creator>
		<guid isPermaLink="false">http://xtemos.com/dummy/basel3/wp-content/uploads/2015/12/logo-1.png</guid>
		<description></description>
		<content:encoded><![CDATA[]]></content:encoded>
		<excerpt:encoded><![CDATA[]]></excerpt:encoded>
		<wp:post_id>121</wp:post_id>
		<wp:post_date>2016-02-13 09:35:35</wp:post_date>
		<wp:post_date_gmt>2016-02-13 09:35:35</wp:post_date_gmt>
		<wp:comment_status>open</wp:comment_status>
		<wp:ping_status>closed</wp:ping_status>
		<wp:post_name>logo-1</wp:post_name>
		<wp:status>inherit</wp:status>
		<wp:post_parent>11</wp:post_parent>
		<wp:menu_order>0</wp:menu_order>
		<wp:post_type>attachment</wp:post_type>
		<wp:post_password></wp:post_password>
		<wp:is_sticky>0</wp:is_sticky>
		<wp:attachment_url>http://xtemos.com/dummy/basel3/wp-content/uploads/2015/12/logo-1.png</wp:attachment_url>
		<wp:postmeta>
			<wp:meta_key>_wp_attached_file</wp:meta_key>
			<wp:meta_value><![CDATA[2015/12/logo-1.png]]></wp:meta_value>
		</wp:postmeta>
	</item>
	<item>
		<title>logo-3</title>
		<link>http://xtemos.com/dummy/basel3/home/logo-3/</link>
		<pubDate>Sat, 13 Feb 2016 09:35:35 +0000</pubDate>
		<dc:creator><![CDATA[admin]]></dc:creator>
		<guid isPermaLink="false">http://xtemos.com/dummy/basel3/wp-content/uploads/2015/12/logo-3.png</guid>
		<description></description>
		<content:encoded><![CDATA[]]></content:encoded>
		<excerpt:encoded><![CDATA[]]></excerpt:encoded>
		<wp:post_id>122</wp:post_id>
		<wp:post_date>2016-02-13 09:35:35</wp:post_date>
		<wp:post_date_gmt>2016-02-13 09:35:35</wp:post_date_gmt>
		<wp:comment_status>open</wp:comment_status>
		<wp:ping_status>closed</wp:ping_status>
		<wp:post_name>logo-3</wp:post_name>
		<wp:status>inherit</wp:status>
		<wp:post_parent>11</wp:post_parent>
		<wp:menu_order>0</wp:menu_order>
		<wp:post_type>attachment</wp:post_type>
		<wp:post_password></wp:post_password>
		<wp:is_sticky>0</wp:is_sticky>
		<wp:attachment_url>http://xtemos.com/dummy/basel3/wp-content/uploads/2015/12/logo-3.png</wp:attachment_url>
		<wp:postmeta>
			<wp:meta_key>_wp_attached_file</wp:meta_key>
			<wp:meta_value><![CDATA[2015/12/logo-3.png]]></wp:meta_value>
		</wp:postmeta>
	</item>
	<item>
		<title>logo-4</title>
		<link>http://xtemos.com/dummy/basel3/home/logo-4/</link>
		<pubDate>Sat, 13 Feb 2016 09:35:36 +0000</pubDate>
		<dc:creator><![CDATA[admin]]></dc:creator>
		<guid isPermaLink="false">http://xtemos.com/dummy/basel3/wp-content/uploads/2015/12/logo-4.png</guid>
		<description></description>
		<content:encoded><![CDATA[]]></content:encoded>
		<excerpt:encoded><![CDATA[]]></excerpt:encoded>
		<wp:post_id>123</wp:post_id>
		<wp:post_date>2016-02-13 09:35:36</wp:post_date>
		<wp:post_date_gmt>2016-02-13 09:35:36</wp:post_date_gmt>
		<wp:comment_status>open</wp:comment_status>
		<wp:ping_status>closed</wp:ping_status>
		<wp:post_name>logo-4</wp:post_name>
		<wp:status>inherit</wp:status>
		<wp:post_parent>11</wp:post_parent>
		<wp:menu_order>0</wp:menu_order>
		<wp:post_type>attachment</wp:post_type>
		<wp:post_password></wp:post_password>
		<wp:is_sticky>0</wp:is_sticky>
		<wp:attachment_url>http://xtemos.com/dummy/basel3/wp-content/uploads/2015/12/logo-4.png</wp:attachment_url>
		<wp:postmeta>
			<wp:meta_key>_wp_attached_file</wp:meta_key>
			<wp:meta_value><![CDATA[2015/12/logo-4.png]]></wp:meta_value>
		</wp:postmeta>
	</item>
	<item>
		<title>logo-5</title>
		<link>http://xtemos.com/dummy/basel3/home/logo-5/</link>
		<pubDate>Sat, 13 Feb 2016 09:35:36 +0000</pubDate>
		<dc:creator><![CDATA[admin]]></dc:creator>
		<guid isPermaLink="false">http://xtemos.com/dummy/basel3/wp-content/uploads/2015/12/logo-5.png</guid>
		<description></description>
		<content:encoded><![CDATA[]]></content:encoded>
		<excerpt:encoded><![CDATA[]]></excerpt:encoded>
		<wp:post_id>124</wp:post_id>
		<wp:post_date>2016-02-13 09:35:36</wp:post_date>
		<wp:post_date_gmt>2016-02-13 09:35:36</wp:post_date_gmt>
		<wp:comment_status>open</wp:comment_status>
		<wp:ping_status>closed</wp:ping_status>
		<wp:post_name>logo-5</wp:post_name>
		<wp:status>inherit</wp:status>
		<wp:post_parent>11</wp:post_parent>
		<wp:menu_order>0</wp:menu_order>
		<wp:post_type>attachment</wp:post_type>
		<wp:post_password></wp:post_password>
		<wp:is_sticky>0</wp:is_sticky>
		<wp:attachment_url>http://xtemos.com/dummy/basel3/wp-content/uploads/2015/12/logo-5.png</wp:attachment_url>
		<wp:postmeta>
			<wp:meta_key>_wp_attached_file</wp:meta_key>
			<wp:meta_value><![CDATA[2015/12/logo-5.png]]></wp:meta_value>
		</wp:postmeta>
	</item>
	<item>
		<title>logo-6</title>
		<link>http://xtemos.com/dummy/basel3/home/logo-6/</link>
		<pubDate>Sat, 13 Feb 2016 09:35:37 +0000</pubDate>
		<dc:creator><![CDATA[admin]]></dc:creator>
		<guid isPermaLink="false">http://xtemos.com/dummy/basel3/wp-content/uploads/2015/12/logo-6.png</guid>
		<description></description>
		<content:encoded><![CDATA[]]></content:encoded>
		<excerpt:encoded><![CDATA[]]></excerpt:encoded>
		<wp:post_id>125</wp:post_id>
		<wp:post_date>2016-02-13 09:35:37</wp:post_date>
		<wp:post_date_gmt>2016-02-13 09:35:37</wp:post_date_gmt>
		<wp:comment_status>open</wp:comment_status>
		<wp:ping_status>closed</wp:ping_status>
		<wp:post_name>logo-6</wp:post_name>
		<wp:status>inherit</wp:status>
		<wp:post_parent>11</wp:post_parent>
		<wp:menu_order>0</wp:menu_order>
		<wp:post_type>attachment</wp:post_type>
		<wp:post_password></wp:post_password>
		<wp:is_sticky>0</wp:is_sticky>
		<wp:attachment_url>http://xtemos.com/dummy/basel3/wp-content/uploads/2015/12/logo-6.png</wp:attachment_url>
		<wp:postmeta>
			<wp:meta_key>_wp_attached_file</wp:meta_key>
			<wp:meta_value><![CDATA[2015/12/logo-6.png]]></wp:meta_value>
		</wp:postmeta>
	</item>
	<item>
		<title>logo</title>
		<link>http://xtemos.com/dummy/basel3/home/logo/</link>
		<pubDate>Sat, 13 Feb 2016 10:21:11 +0000</pubDate>
		<dc:creator><![CDATA[admin]]></dc:creator>
		<guid isPermaLink="false">http://xtemos.com/dummy/basel3/wp-content/uploads/2015/12/logo.png</guid>
		<description></description>
		<content:encoded><![CDATA[]]></content:encoded>
		<excerpt:encoded><![CDATA[]]></excerpt:encoded>
		<wp:post_id>140</wp:post_id>
		<wp:post_date>2016-02-13 10:21:11</wp:post_date>
		<wp:post_date_gmt>2016-02-13 10:21:11</wp:post_date_gmt>
		<wp:comment_status>open</wp:comment_status>
		<wp:ping_status>closed</wp:ping_status>
		<wp:post_name>logo</wp:post_name>
		<wp:status>inherit</wp:status>
		<wp:post_parent>11</wp:post_parent>
		<wp:menu_order>0</wp:menu_order>
		<wp:post_type>attachment</wp:post_type>
		<wp:post_password></wp:post_password>
		<wp:is_sticky>0</wp:is_sticky>
		<wp:attachment_url>http://xtemos.com/dummy/basel3/wp-content/uploads/2015/12/logo.png</wp:attachment_url>
		<wp:postmeta>
			<wp:meta_key>_wp_attached_file</wp:meta_key>
			<wp:meta_value><![CDATA[2015/12/logo.png]]></wp:meta_value>
		</wp:postmeta>
	</item>
	<item>
		<title>demo-slider-1</title>
		<link>http://xtemos.com/dummy/basel3/demo-slider-1/</link>
		<pubDate>Mon, 16 May 2016 19:43:05 +0000</pubDate>
		<dc:creator><![CDATA[admin]]></dc:creator>
		<guid isPermaLink="false">http://xtemos.com/dummy/basel3/wp-content/uploads/2016/05/demo-slider-1.jpg</guid>
		<description></description>
		<content:encoded><![CDATA[]]></content:encoded>
		<excerpt:encoded><![CDATA[]]></excerpt:encoded>
		<wp:post_id>261</wp:post_id>
		<wp:post_date>2016-05-16 19:43:05</wp:post_date>
		<wp:post_date_gmt>2016-05-16 19:43:05</wp:post_date_gmt>
		<wp:comment_status>open</wp:comment_status>
		<wp:ping_status>closed</wp:ping_status>
		<wp:post_name>demo-slider-1</wp:post_name>
		<wp:status>inherit</wp:status>
		<wp:post_parent>0</wp:post_parent>
		<wp:menu_order>0</wp:menu_order>
		<wp:post_type>attachment</wp:post_type>
		<wp:post_password></wp:post_password>
		<wp:is_sticky>0</wp:is_sticky>
		<wp:attachment_url>http://xtemos.com/dummy/basel3/wp-content/uploads/2016/05/demo-slider-1.jpg</wp:attachment_url>
		<wp:postmeta>
			<wp:meta_key>_wp_attached_file</wp:meta_key>
			<wp:meta_value><![CDATA[2016/05/demo-slider-1.jpg]]></wp:meta_value>
		</wp:postmeta>
	</item>
	<item>
		<title>demo-slider-2</title>
		<link>http://xtemos.com/dummy/basel3/demo-slider-2/</link>
		<pubDate>Mon, 16 May 2016 19:43:18 +0000</pubDate>
		<dc:creator><![CDATA[admin]]></dc:creator>
		<guid isPermaLink="false">http://xtemos.com/dummy/basel3/wp-content/uploads/2016/05/demo-slider-2.jpg</guid>
		<description></description>
		<content:encoded><![CDATA[]]></content:encoded>
		<excerpt:encoded><![CDATA[]]></excerpt:encoded>
		<wp:post_id>262</wp:post_id>
		<wp:post_date>2016-05-16 19:43:18</wp:post_date>
		<wp:post_date_gmt>2016-05-16 19:43:18</wp:post_date_gmt>
		<wp:comment_status>open</wp:comment_status>
		<wp:ping_status>closed</wp:ping_status>
		<wp:post_name>demo-slider-2</wp:post_name>
		<wp:status>inherit</wp:status>
		<wp:post_parent>0</wp:post_parent>
		<wp:menu_order>0</wp:menu_order>
		<wp:post_type>attachment</wp:post_type>
		<wp:post_password></wp:post_password>
		<wp:is_sticky>0</wp:is_sticky>
		<wp:attachment_url>http://xtemos.com/dummy/basel3/wp-content/uploads/2016/05/demo-slider-2.jpg</wp:attachment_url>
		<wp:postmeta>
			<wp:meta_key>_wp_attached_file</wp:meta_key>
			<wp:meta_value><![CDATA[2016/05/demo-slider-2.jpg]]></wp:meta_value>
		</wp:postmeta>
	</item>
	<item>
		<title>Home lingerie</title>
		<link>http://xtemos.com/dummy/basel3/home-lingerie/</link>
		<pubDate>Mon, 16 May 2016 19:46:49 +0000</pubDate>
		<dc:creator><![CDATA[admin]]></dc:creator>
		<guid isPermaLink="false">http://xtemos.com/dummy/basel3/?page_id=263</guid>
		<description></description>
		<content:encoded><![CDATA[[vc_row css=".vc_custom_1463421437417{margin-top: -40px !important;margin-bottom: 0px !important;}"][vc_column][rev_slider_vc alias="lingerie"][/vc_column][/vc_row][vc_row css=".vc_custom_1463316489417{margin-bottom: 40px !important;}"][vc_column width="1/3" css=".vc_custom_1463246848594{margin-top: -40px !important;}"][promo_banner image="266" alignment="center" vertical_alignment="middle" hover="4" style="2" basel_color_scheme="light" img_size="large"]
<h1 style="margin-bottom: 0px;"><strong>HOT BIKINIS</strong></h1>
[/promo_banner][/vc_column][vc_column width="1/3" css=".vc_custom_1463246853194{margin-top: -40px !important;}"][promo_banner image="266" alignment="center" vertical_alignment="middle" hover="4" style="2" basel_color_scheme="light" img_size="large"]
<h1 style="margin-bottom: 0px;"><strong>SEXY SWIMSUITS</strong></h1>
[/promo_banner][/vc_column][vc_column width="1/3" css=".vc_custom_1463246865058{margin-top: -40px !important;}"][promo_banner image="266" alignment="center" vertical_alignment="middle" hover="4" style="2" basel_color_scheme="light" img_size="large"]
<h1 style="margin-bottom: 0px;"><strong>BENCH CLOTHING</strong></h1>
[/promo_banner][/vc_column][/vc_row][vc_row css=".vc_custom_1463316493583{margin-bottom: 40px !important;}"][vc_column][vc_images_carousel images="124,123,125,121,122" img_size="full" slides_per_view="6" hide_pagination_control="yes" hide_prev_next_buttons="yes"][/vc_column][/vc_row][vc_row css=".vc_custom_1463251602784{margin-bottom: 80px !important;}"][vc_column][basel_title style="cross" title="<strong>FEATURED PRODUCTS</strong>" subtitle="MADE THE HARD WAY"][basel_products items_per_page="8" columns="4"][/vc_column][/vc_row][vc_row full_width="stretch_row_content_no_spaces" equal_height="yes" content_placement="middle" css=".vc_custom_1463304047176{background: rgba(3,170,223,0.06) url(http://dev.xtemos.com/new/wp-content/uploads/2016/05/batt-bik.png?id=23530) !important;background-position: center !important;background-repeat: no-repeat !important;background-size: cover !important;*background-color: rgb(3,170,223) !important;}"][vc_column width="1/2" css=".vc_custom_1463299087251{margin-bottom: 0px !important;padding-top: 0px !important;padding-bottom: 0px !important;}"][promo_banner image="261" alignment="center" vertical_alignment="middle" hover="4" style="2" img_size="950x600" link="http://demo.xtemos.com/basel/shop/"]
<h1 class="font-alt color-primary" style="font-family: Satisfy; font-size: 50px; margin-bottom: 0;">Read more about
our lingerie store.</h1>
[/promo_banner][/vc_column][vc_column width="1/2" css=".vc_custom_1463303515418{margin-top: 20px !important;margin-right: 20px !important;margin-bottom: 20px !important;margin-left: 20px !important;padding-top: 40px !important;padding-bottom: 40px !important;background-color: #ffffff !important;}" el_class="text-center"][vc_single_image image="140" img_size="full" alignment="center" css=".vc_custom_1463428127435{margin-top: -15px !important;margin-bottom: 0px !important;}"][vc_column_text css=".vc_custom_1453811270907{margin-bottom: 10px !important;}"]
<p style="color: #676767; font-size: 14px; letter-spacing: 1.5px;">MINIMALISTIC AJAX E-COMMERCE THEME</p>
[/vc_column_text][vc_column_text css=".vc_custom_1463301042471{margin-bottom: 25px !important;padding-right: 40px !important;padding-left: 40px !important;}"]
<p style="margin: 0 auto 20px; width: 90%; min-width: 100px;">Adipiscing dignissim euismod ad venenatis volutpat sociis feugiat purus ridiculus rhoncus nullam sodales euismod ad venenatis volutpa ridiculus.</p>
[/vc_column_text][basel_button color="black" size="small" title="PURCHASE BASEL" link="http://#"][/vc_column][/vc_row][vc_row full_width="stretch_row_content_no_spaces" equal_height="yes" content_placement="middle" css=".vc_custom_1463316685875{margin-bottom: 80px !important;background: rgba(3,170,223,0.06) url(http://dev.xtemos.com/new/wp-content/uploads/2016/05/batt-bik.png?id=23530) !important;background-position: center !important;background-repeat: no-repeat !important;background-size: cover !important;*background-color: rgb(3,170,223) !important;}"][vc_column width="1/2" css=".vc_custom_1463316745317{margin-top: 20px !important;margin-right: 20px !important;margin-bottom: 20px !important;margin-left: 20px !important;padding-top: 40px !important;padding-right: 40px !important;padding-bottom: 20px !important;padding-left: 40px !important;background-color: #ffffff !important;}" el_class="text-center"][vc_column_text css=".vc_custom_1463303106576{margin-bottom: 15px !important;}"]
<h6 style="color: #9e9e9e; margin-bottom: 5px;">NEWSLETTER WIDGET</h6>
<h1 style="margin: 0;"><strong>Join Our Newsletter</strong></h1>
[/vc_column_text][vc_column_text css=".vc_custom_1463303295351{margin-bottom: 25px !important;padding-right: 50px !important;padding-left: 50px !important;}"]
<p style="margin: 0 auto 20px; width: 90%; min-width: 100px;"><strong style="color: black;">Basel &amp; Company</strong> - is a famous worldwide fashion store dipiscing dignissim euismod ad venenatis volutpat sociis feugiat purus ridiculus.</p>
[/vc_column_text][vc_column_text css=".vc_custom_1463303326880{margin-bottom: 0px !important;}"][mc4wp_form][/vc_column_text][/vc_column][vc_column width="1/2" css=".vc_custom_1463299087251{margin-bottom: 0px !important;padding-top: 0px !important;padding-bottom: 0px !important;}"][promo_banner image="262" alignment="center" vertical_alignment="middle" hover="4" style="2" img_size="950x600" link="http://demo.xtemos.com/basel/shop/"]
<h1 class="font-alt color-primary" style="font-family: Satisfy; font-size: 42px; margin-bottom: 0;">Hey you, sign up
and connect to Basel.</h1>
[/promo_banner][/vc_column][/vc_row][vc_row css=".vc_custom_1463301984792{margin-bottom: 50px !important;}"][vc_column][basel_title style="cross" title="<strong>BIKINI FASHION NEWS</strong>"][basel_blog items_per_page="4" blog_design="masonry" blog_columns="4" parts_title="1" parts_meta="1" parts_text="0" parts_btn="1" img_size="400x220"][/vc_column][/vc_row][vc_row full_width="stretch_row_content_no_spaces" css=".vc_custom_1463251273479{margin-bottom: -40px !important;}"][vc_column][basel_title style="cross" title="<strong>FOLLOW @INSTAGRAM</strong>"][basel_instagram per_row="6" username="abikiniaday" number="12"][/vc_column][/vc_row]]]></content:encoded>
		<excerpt:encoded><![CDATA[]]></excerpt:encoded>
		<wp:post_id>263</wp:post_id>
		<wp:post_date>2016-05-16 19:46:49</wp:post_date>
		<wp:post_date_gmt>2016-05-16 19:46:49</wp:post_date_gmt>
		<wp:comment_status>closed</wp:comment_status>
		<wp:ping_status>closed</wp:ping_status>
		<wp:post_name>home-lingerie</wp:post_name>
		<wp:status>publish</wp:status>
		<wp:post_parent>0</wp:post_parent>
		<wp:menu_order>0</wp:menu_order>
		<wp:post_type>page</wp:post_type>
		<wp:post_password></wp:post_password>
		<wp:is_sticky>0</wp:is_sticky>
		<wp:postmeta>
			<wp:meta_key>_wp_page_template</wp:meta_key>
			<wp:meta_value><![CDATA[default]]></wp:meta_value>
		</wp:postmeta>
		<wp:postmeta>
			<wp:meta_key>_basel_main_layout</wp:meta_key>
			<wp:meta_value><![CDATA[full-width]]></wp:meta_value>
		</wp:postmeta>
		<wp:postmeta>
			<wp:meta_key>_basel_title_off</wp:meta_key>
			<wp:meta_value><![CDATA[on]]></wp:meta_value>
		</wp:postmeta>
		<wp:postmeta>
			<wp:meta_key>_wpb_shortcodes_custom_css</wp:meta_key>
			<wp:meta_value><![CDATA[.vc_custom_1463421437417{margin-top: -40px !important;margin-bottom: 0px !important;}.vc_custom_1463316489417{margin-bottom: 40px !important;}.vc_custom_1463316493583{margin-bottom: 40px !important;}.vc_custom_1463251602784{margin-bottom: 80px !important;}.vc_custom_1463304047176{background: rgba(3,170,223,0.06) url(http://dev.xtemos.com/new/wp-content/uploads/2016/05/batt-bik.png?id=23530) !important;background-position: center !important;background-repeat: no-repeat !important;background-size: cover !important;*background-color: rgb(3,170,223) !important;}.vc_custom_1463316685875{margin-bottom: 80px !important;background: rgba(3,170,223,0.06) url(http://dev.xtemos.com/new/wp-content/uploads/2016/05/batt-bik.png?id=23530) !important;background-position: center !important;background-repeat: no-repeat !important;background-size: cover !important;*background-color: rgb(3,170,223) !important;}.vc_custom_1463301984792{margin-bottom: 50px !important;}.vc_custom_1463251273479{margin-bottom: -40px !important;}.vc_custom_1463246848594{margin-top: -40px !important;}.vc_custom_1463246853194{margin-top: -40px !important;}.vc_custom_1463246865058{margin-top: -40px !important;}.vc_custom_1463299087251{margin-bottom: 0px !important;padding-top: 0px !important;padding-bottom: 0px !important;}.vc_custom_1463303515418{margin-top: 20px !important;margin-right: 20px !important;margin-bottom: 20px !important;margin-left: 20px !important;padding-top: 40px !important;padding-bottom: 40px !important;background-color: #ffffff !important;}.vc_custom_1463428127435{margin-top: -15px !important;margin-bottom: 0px !important;}.vc_custom_1453811270907{margin-bottom: 10px !important;}.vc_custom_1463301042471{margin-bottom: 25px !important;padding-right: 40px !important;padding-left: 40px !important;}.vc_custom_1463316745317{margin-top: 20px !important;margin-right: 20px !important;margin-bottom: 20px !important;margin-left: 20px !important;padding-top: 40px !important;padding-right: 40px !important;padding-bottom: 20px !important;padding-left: 40px !important;background-color: #ffffff !important;}.vc_custom_1463299087251{margin-bottom: 0px !important;padding-top: 0px !important;padding-bottom: 0px !important;}.vc_custom_1463303106576{margin-bottom: 15px !important;}.vc_custom_1463303295351{margin-bottom: 25px !important;padding-right: 50px !important;padding-left: 50px !important;}.vc_custom_1463303326880{margin-bottom: 0px !important;}]]></wp:meta_value>
		</wp:postmeta>
	</item>
	<item>
		<title>banner-lingerie</title>
		<link>http://xtemos.com/dummy/basel3/home-lingerie/banner-lingerie/</link>
		<pubDate>Mon, 16 May 2016 19:57:43 +0000</pubDate>
		<dc:creator><![CDATA[admin]]></dc:creator>
		<guid isPermaLink="false">http://xtemos.com/dummy/basel3/wp-content/uploads/2016/05/banner-lingerie.jpg</guid>
		<description></description>
		<content:encoded><![CDATA[]]></content:encoded>
		<excerpt:encoded><![CDATA[]]></excerpt:encoded>
		<wp:post_id>266</wp:post_id>
		<wp:post_date>2016-05-16 19:57:43</wp:post_date>
		<wp:post_date_gmt>2016-05-16 19:57:43</wp:post_date_gmt>
		<wp:comment_status>open</wp:comment_status>
		<wp:ping_status>closed</wp:ping_status>
		<wp:post_name>banner-lingerie</wp:post_name>
		<wp:status>inherit</wp:status>
		<wp:post_parent>263</wp:post_parent>
		<wp:menu_order>0</wp:menu_order>
		<wp:post_type>attachment</wp:post_type>
		<wp:post_password></wp:post_password>
		<wp:is_sticky>0</wp:is_sticky>
		<wp:attachment_url>http://xtemos.com/dummy/basel3/wp-content/uploads/2016/05/banner-lingerie.jpg</wp:attachment_url>
		<wp:postmeta>
			<wp:meta_key>_wp_attached_file</wp:meta_key>
			<wp:meta_value><![CDATA[2016/05/banner-lingerie.jpg]]></wp:meta_value>
		</wp:postmeta>
	</item>
</channel>
</rss>
