<?xml version="1.0" encoding="UTF-8" ?>
<!-- This is a WordPress eXtended RSS file generated by WordPress as an export of your site. -->
<!-- It contains information about your site's posts, pages, comments, categories, and other content. -->
<!-- You may use this file to transfer that content from one site to another. -->
<!-- This file is not intended to serve as a complete backup of your site. -->

<!-- To import this information into a WordPress site follow these steps: -->
<!-- 1. Log in to that site as an administrator. -->
<!-- 2. Go to Tools: Import in the WordPress admin panel. -->
<!-- 3. Install the "WordPress" importer from the list. -->
<!-- 4. Activate & Run Importer. -->
<!-- 5. Upload this file using the form provided on that page. -->
<!-- 6. You will first be asked to map the authors in this export file to users -->
<!--    on the site. For each author, you may choose to map to an -->
<!--    existing user on the site or to create a new user. -->
<!-- 7. WordPress will then import each of the posts, pages, comments, categories, etc. -->
<!--    contained in this file into your site. -->

<!-- generator="WordPress/4.6" created="2016-09-06 18:43" -->
<rss version="2.0"
	xmlns:excerpt="http://wordpress.org/export/1.2/excerpt/"
	xmlns:content="http://purl.org/rss/1.0/modules/content/"
	xmlns:wfw="http://wellformedweb.org/CommentAPI/"
	xmlns:dc="http://purl.org/dc/elements/1.1/"
	xmlns:wp="http://wordpress.org/export/1.2/"
>

<channel>
	<title>Dummy 3</title>
	<link>http://xtemos.com/dummy/basel3</link>
	<description>Just another WordPress site</description>
	<pubDate>Tue, 06 Sep 2016 18:43:59 +0000</pubDate>
	<language>en-US</language>
	<wp:wxr_version>1.2</wp:wxr_version>
	<wp:base_site_url>http://xtemos.com/dummy/basel3</wp:base_site_url>
	<wp:base_blog_url>http://xtemos.com/dummy/basel3</wp:base_blog_url>

	<wp:author><wp:author_id>1</wp:author_id><wp:author_login>admin</wp:author_login><wp:author_email>admin@basel.as</wp:author_email><wp:author_display_name><![CDATA[admin]]></wp:author_display_name><wp:author_first_name><![CDATA[]]></wp:author_first_name><wp:author_last_name><![CDATA[]]></wp:author_last_name></wp:author>


	<generator>https://wordpress.org/?v=4.6</generator>

	<item>
		<title>Home sport</title>
		<link>http://xtemos.com/dummy/basel3/home-sport/</link>
		<pubDate>Mon, 05 Sep 2016 19:07:15 +0000</pubDate>
		<dc:creator><![CDATA[admin]]></dc:creator>
		<guid isPermaLink="false">http://xtemos.com/dummy/basel3/?page_id=365</guid>
		<description></description>
		<content:encoded><![CDATA[[vc_row css=".vc_custom_1472753351014{margin-top: -40px !important;margin-bottom: 9vh !important;}"][vc_column][rev_slider_vc alias="sport"][/vc_column][/vc_row][vc_row css=".vc_custom_1472752851565{margin-bottom: 6vh !important;}"][vc_column width="1/4"][vc_single_image image="366" img_size="full" alignment="center" css=".vc_custom_1473186211595{margin-bottom: 25px !important;}"][vc_custom_heading text="<strong>CHAMPION
IN EVERY MOVE</strong>" font_container="tag:h1|font_size:26|text_align:center|line_height:1.2" use_theme_fonts="yes" css=".vc_custom_1473165364204{margin-bottom: 10px !important;}"][vc_column_text css=".vc_custom_1472752150995{padding-right: 5% !important;padding-left: 5% !important;}"]
<p style="text-align: center;">Netus orci blandit eu nibh felis suscipit luctus consectetur ullamcorper consectetur.</p>

[/vc_column_text][/vc_column][vc_column width="1/4"][vc_single_image image="366" img_size="full" alignment="center" css=".vc_custom_1473186211595{margin-bottom: 25px !important;}"][vc_custom_heading text="<strong>FOOTBAL
EQUIPMENT STOCK</strong>" font_container="tag:h1|font_size:26|text_align:center|line_height:1.2" use_theme_fonts="yes" css=".vc_custom_1473165369047{margin-bottom: 10px !important;}"][vc_column_text css=".vc_custom_1472752150995{padding-right: 5% !important;padding-left: 5% !important;}"]
<p style="text-align: center;">Netus orci blandit eu nibh felis suscipit luctus consectetur ullamcorper consectetur.</p>

[/vc_column_text][/vc_column][vc_column width="1/4"][vc_single_image image="366" img_size="full" alignment="center" css=".vc_custom_1473186211595{margin-bottom: 25px !important;}"][vc_custom_heading text="<strong>POWERFUL
GYM PRODUCTS</strong>" font_container="tag:h1|font_size:26|text_align:center|line_height:1.2" use_theme_fonts="yes" css=".vc_custom_1473165372630{margin-bottom: 10px !important;}"][vc_column_text css=".vc_custom_1472752150995{padding-right: 5% !important;padding-left: 5% !important;}"]
<p style="text-align: center;">Netus orci blandit eu nibh felis suscipit luctus consectetur ullamcorper consectetur.</p>

[/vc_column_text][/vc_column][vc_column width="1/4"][vc_single_image image="366" img_size="full" alignment="center" css=".vc_custom_1473186211595{margin-bottom: 25px !important;}"][vc_custom_heading text="<strong>CHAMPION
IN EVERY MOVE</strong>" font_container="tag:h1|font_size:26|text_align:center|line_height:1.2" use_theme_fonts="yes" css=".vc_custom_1473165378432{margin-bottom: 10px !important;}"][vc_column_text css=".vc_custom_1472752150995{padding-right: 5% !important;padding-left: 5% !important;}"]
<p style="text-align: center;">Netus orci blandit eu nibh felis suscipit luctus consectetur ullamcorper consectetur.</p>

[/vc_column_text][/vc_column][/vc_row][vc_row full_width="stretch_row_content_no_spaces" content_placement="middle" css=".vc_custom_1473097884816{background-image: url(http://demo.xtemos.com/basel/wp-content/uploads/2016/09/big-baners-32.jpg?id=23959) !important;background-position: center !important;background-repeat: no-repeat !important;background-size: cover !important;}"][vc_column css=".vc_custom_1472746352083{padding-top: 0px !important;}"][vc_empty_space height="100px" css=".vc_custom_1472909469482{background-image: url(http://dev.xtemos.com/new/wp-content/uploads/2016/08/gradient-sport.png?id=24532) !important;}"][vc_row_inner css=".vc_custom_1472909916515{padding-top: 7vw !important;padding-bottom: 7vw !important;background-position: 0 0 !important;background-repeat: no-repeat !important;}"][vc_column_inner][vc_custom_heading text="<strong>EVERY STEP. EVERY BREATH.</strong>
<strong>EVERY HEARTBEAT.</strong>
<strong>EVERY MOMENT.</strong>" font_container="tag:h1|font_size:62|text_align:center|color:%23ffffff|line_height:1.2" use_theme_fonts="yes" css=".vc_custom_1473168652473{margin-bottom: 0px !important;}" el_class="hidden-xs"][vc_custom_heading text="<strong>EVERY STEP. EVERY BREATH.</strong>
<strong>EVERY HEARTBEAT. EVERY MOMENT.</strong>" font_container="tag:h1|font_size:28|text_align:center|color:%23ffffff|line_height:1.2" use_theme_fonts="yes" css=".vc_custom_1472909211273{margin-bottom: 10px !important;}" el_class="visible-xs"][/vc_column_inner][/vc_row_inner][vc_empty_space height="150px" css=".vc_custom_1472909464281{background-image: url(http://dev.xtemos.com/new/wp-content/uploads/2016/08/skiwe-1.png?id=24544) !important;}"][/vc_column][/vc_row][vc_row css=".vc_custom_1473184942701{margin-top: -11vw !important;padding-top: 40px !important;padding-right: 40px !important;padding-bottom: 40px !important;padding-left: 40px !important;background-color: #ffffff !important;}" el_class="position-relative z-index-h"][vc_column css=".vc_custom_1472909848620{margin-top: -7vw !important;padding-top: 0px !important;}"][basel_posts slides_per_view="3" product_hover="standard" posts_query="size:3|order_by:date|post_type:,product|tax_query:120"][/vc_column][/vc_row][vc_row css=".vc_custom_1473184833162{margin-bottom: 8vw !important;}"][vc_column][rev_slider_vc alias="sport-video-slider"][/vc_column][/vc_row][vc_row][vc_column][basel_title size="large" title="<strong>360 DEGREE VIEW </strong>" after_title="Parturient molestie ullamcorper taciti morbi a a vehicula netus ornare
auris a a donec scelerisque ullamcorper pretium."][/vc_column][/vc_row][vc_row content_placement="middle" css=".vc_custom_1473184903653{margin-bottom: 8vw !important;}"][vc_column width="1/4" el_class="text-right" offset="vc_hidden-sm vc_hidden-xs"][basel_info_box alignment="right" image_alignment="right" css=".vc_custom_1473186235253{padding-right: 50px !important;background-image: url(http://xtemos.com/dummy/basel3/wp-content/uploads/2016/09/graphic-progression.png?id=371) !important;background-position: 0 0 !important;background-repeat: no-repeat !important;}" el_class="bg-right"]<h4><strong>SPEED UP AND INCREASE YOUR STATS</strong></h4>
Curabitur lacinia triique risus velit is laoreet triique risus veli.[/basel_info_box][basel_info_box alignment="right" image_alignment="right" css=".vc_custom_1473186243342{padding-right: 50px !important;background-image: url(http://xtemos.com/dummy/basel3/wp-content/uploads/2016/09/graphic-progression.png?id=371) !important;background-position: 0 0 !important;background-repeat: no-repeat !important;}" el_class="bg-right"]<h4><strong>LIGHT WEIGHT ONLY 135 GRAMM EACH</strong></h4>
Curabitur lacinia triique risacinia triique risus velit is laoreet.[/basel_info_box][/vc_column][vc_column offset="vc_col-lg-6 vc_col-md-6 vc_col-xs-12"][basel_3d_view images="379,377"][/vc_column][vc_column width="1/4" offset="vc_hidden-sm vc_hidden-xs"][basel_info_box css=".vc_custom_1473186251856{padding-left: 50px !important;background-image: url(http://xtemos.com/dummy/basel3/wp-content/uploads/2016/09/graphic-progression.png?id=371) !important;background-position: 0 0 !important;background-repeat: no-repeat !important;}"]<h4><strong>PERFORMANCE OUT OF THE BOUNDS</strong></h4>
Curabitur lacinia bitur lacinia triique risus velit is laoreet.[/basel_info_box][basel_info_box css=".vc_custom_1473186259410{padding-left: 50px !important;background-image: url(http://xtemos.com/dummy/basel3/wp-content/uploads/2016/09/graphic-progression.png?id=371) !important;background-position: 0 0 !important;background-repeat: no-repeat !important;}"]<h4><strong>AMAZING LOOKING SPORT SHOES</strong></h4>
Curabitur lacinia triique risus velit is lae risus velit is laoreet.[/basel_info_box][/vc_column][/vc_row][vc_row full_width="stretch_row_content_no_spaces" css=".vc_custom_1473184925525{margin-bottom: 8vh !important;}"][vc_column][basel_title size="large" title="<strong>OUR GELLERY</strong>" after_title="Parturient molestie ullamcorper taciti morbi a a vehicula netus ornare
auris a a donec scelerisque ullamcorper pretium."][vc_masonry_media_grid grid_id="vc_gid:1473186191822-b694715f-932f-6" include="24024,24072,24068,24025,24069"][/vc_column][/vc_row][vc_row css=".vc_custom_1473185777542{margin-bottom: 10vh !important;background-color: #ffffff !important;}" el_class="position-relative z-index-h"][vc_column css=".vc_custom_1473167948207{padding-top: 0px !important;}"][basel_title size="large" title="<strong>BEST SELLING PRODUCTS</strong>" after_title="Parturient molestie ullamcorper taciti morbi a a vehicula netus ornare
auris a a donec scelerisque ullamcorper pretium."][basel_posts slides_per_view="3" product_hover="standard" posts_query="size:3|order_by:date|post_type:,product|tax_query:120"][/vc_column][/vc_row][vc_row full_width="stretch_row_content_no_spaces" css=".vc_custom_1472912108598{margin-bottom: -40px !important;}"][vc_column width="1/2" css=".vc_custom_1473185734360{margin-bottom: 0px !important;padding-top: 0px !important;}"][promo_banner image="375" alignment="center" vertical_alignment="middle" hover="1" style="2" basel_color_scheme="light" img_size="full" link="http://demo.xtemos.com/basel/shop/"]<h3 class="hidden-xs" style="font-size: 80px; font-weight: bold; margin-bottom: 0;">FOR MAN</h3>
<h3 class="visible-xs" style="font-size: 52px; font-weight: bold; margin-bottom: 10px;">FOR MAN</h3>
<a class="btn btn-color-primary" href="#">OPEN CATEGORY</a>[/promo_banner][/vc_column][vc_column width="1/2" css=".vc_custom_1473185730641{margin-bottom: 0px !important;padding-top: 0px !important;}"][promo_banner image="375" alignment="center" vertical_alignment="middle" hover="1" style="2" basel_color_scheme="light" img_size="full" link="http://demo.xtemos.com/basel/shop/"]<h3 class="hidden-xs" style="font-size: 80px; font-weight: bold; margin-bottom: 0;">FOR WOMAN</h3>
<h3 class="visible-xs" style="font-size: 52px; font-weight: bold; margin-bottom: 10px;">FOR WOMAN</h3>
<a class="btn btn-color-primary" href="#">OPEN CATEGORY</a>[/promo_banner][/vc_column][/vc_row]]]></content:encoded>
		<excerpt:encoded><![CDATA[]]></excerpt:encoded>
		<wp:post_id>365</wp:post_id>
		<wp:post_date>2016-09-05 19:07:15</wp:post_date>
		<wp:post_date_gmt>2016-09-05 19:07:15</wp:post_date_gmt>
		<wp:comment_status>closed</wp:comment_status>
		<wp:ping_status>closed</wp:ping_status>
		<wp:post_name>home-sport</wp:post_name>
		<wp:status>publish</wp:status>
		<wp:post_parent>0</wp:post_parent>
		<wp:menu_order>0</wp:menu_order>
		<wp:post_type>page</wp:post_type>
		<wp:post_password></wp:post_password>
		<wp:is_sticky>0</wp:is_sticky>
		<wp:postmeta>
			<wp:meta_key>_wp_page_template</wp:meta_key>
			<wp:meta_value><![CDATA[default]]></wp:meta_value>
		</wp:postmeta>
		<wp:postmeta>
			<wp:meta_key>_wpb_post_custom_css</wp:meta_key>
			<wp:meta_value><![CDATA[.skove {
    position: absolute;
    content: '';
    background-color: #ffffff;
    top: -6px;
    left: 0;
    width: 100%;
    height: 50px;
    display: block;
    -webkit-transform: skewY(1.5deg);
    -ms-transform: skewY(1.5deg);
    transform: skewY(1.5deg);
    border-radius: 6px;
    transform-origin: right top;   
}

div.bg-right {
    background-position: right top!important;
}

.promo-banner {
    margin-bottom:0;
}]]></wp:meta_value>
		</wp:postmeta>
		<wp:postmeta>
			<wp:meta_key>_wpb_shortcodes_custom_css</wp:meta_key>
			<wp:meta_value><![CDATA[.vc_custom_1472753351014{margin-top: -40px !important;margin-bottom: 9vh !important;}.vc_custom_1472752851565{margin-bottom: 6vh !important;}.vc_custom_1473097884816{background-image: url(http://demo.xtemos.com/basel/wp-content/uploads/2016/09/big-baners-32.jpg?id=23959) !important;background-position: center !important;background-repeat: no-repeat !important;background-size: cover !important;}.vc_custom_1473184942701{margin-top: -11vw !important;padding-top: 40px !important;padding-right: 40px !important;padding-bottom: 40px !important;padding-left: 40px !important;background-color: #ffffff !important;}.vc_custom_1473184833162{margin-bottom: 8vw !important;}.vc_custom_1473184903653{margin-bottom: 8vw !important;}.vc_custom_1473184925525{margin-bottom: 8vh !important;}.vc_custom_1473185777542{margin-bottom: 10vh !important;background-color: #ffffff !important;}.vc_custom_1472912108598{margin-bottom: -40px !important;}.vc_custom_1473186211595{margin-bottom: 25px !important;}.vc_custom_1473165364204{margin-bottom: 10px !important;}.vc_custom_1472752150995{padding-right: 5% !important;padding-left: 5% !important;}.vc_custom_1473186211595{margin-bottom: 25px !important;}.vc_custom_1473165369047{margin-bottom: 10px !important;}.vc_custom_1472752150995{padding-right: 5% !important;padding-left: 5% !important;}.vc_custom_1473186211595{margin-bottom: 25px !important;}.vc_custom_1473165372630{margin-bottom: 10px !important;}.vc_custom_1472752150995{padding-right: 5% !important;padding-left: 5% !important;}.vc_custom_1473186211595{margin-bottom: 25px !important;}.vc_custom_1473165378432{margin-bottom: 10px !important;}.vc_custom_1472752150995{padding-right: 5% !important;padding-left: 5% !important;}.vc_custom_1472746352083{padding-top: 0px !important;}.vc_custom_1472909469482{background-image: url(http://dev.xtemos.com/new/wp-content/uploads/2016/08/gradient-sport.png?id=24532) !important;}.vc_custom_1472909916515{padding-top: 7vw !important;padding-bottom: 7vw !important;background-position: 0 0 !important;background-repeat: no-repeat !important;}.vc_custom_1472909464281{background-image: url(http://dev.xtemos.com/new/wp-content/uploads/2016/08/skiwe-1.png?id=24544) !important;}.vc_custom_1473168652473{margin-bottom: 0px !important;}.vc_custom_1472909211273{margin-bottom: 10px !important;}.vc_custom_1472909848620{margin-top: -7vw !important;padding-top: 0px !important;}.vc_custom_1473186235253{padding-right: 50px !important;background-image: url(http://xtemos.com/dummy/basel3/wp-content/uploads/2016/09/graphic-progression.png?id=371) !important;background-position: 0 0 !important;background-repeat: no-repeat !important;}.vc_custom_1473186243342{padding-right: 50px !important;background-image: url(http://xtemos.com/dummy/basel3/wp-content/uploads/2016/09/graphic-progression.png?id=371) !important;background-position: 0 0 !important;background-repeat: no-repeat !important;}.vc_custom_1473186251856{padding-left: 50px !important;background-image: url(http://xtemos.com/dummy/basel3/wp-content/uploads/2016/09/graphic-progression.png?id=371) !important;background-position: 0 0 !important;background-repeat: no-repeat !important;}.vc_custom_1473186259410{padding-left: 50px !important;background-image: url(http://xtemos.com/dummy/basel3/wp-content/uploads/2016/09/graphic-progression.png?id=371) !important;background-position: 0 0 !important;background-repeat: no-repeat !important;}.vc_custom_1473167948207{padding-top: 0px !important;}.vc_custom_1473185734360{margin-bottom: 0px !important;padding-top: 0px !important;}.vc_custom_1473185730641{margin-bottom: 0px !important;padding-top: 0px !important;}]]></wp:meta_value>
		</wp:postmeta>
		<wp:postmeta>
			<wp:meta_key>_basel_main_layout</wp:meta_key>
			<wp:meta_value><![CDATA[full-width]]></wp:meta_value>
		</wp:postmeta>
		<wp:postmeta>
			<wp:meta_key>_basel_header_color_scheme</wp:meta_key>
			<wp:meta_value><![CDATA[inherit]]></wp:meta_value>
		</wp:postmeta>
		<wp:postmeta>
			<wp:meta_key>_basel_title_off</wp:meta_key>
			<wp:meta_value><![CDATA[on]]></wp:meta_value>
		</wp:postmeta>
		<wp:postmeta>
			<wp:meta_key>_basel_title_image_id</wp:meta_key>
			<wp:meta_value><![CDATA[0]]></wp:meta_value>
		</wp:postmeta>
	</item>
	<item>
		<title>cup</title>
		<link>http://xtemos.com/dummy/basel3/home-sport/cup/</link>
		<pubDate>Mon, 05 Sep 2016 19:02:50 +0000</pubDate>
		<dc:creator><![CDATA[admin]]></dc:creator>
		<guid isPermaLink="false">http://xtemos.com/dummy/basel3/wp-content/uploads/2016/09/cup.png</guid>
		<description></description>
		<content:encoded><![CDATA[]]></content:encoded>
		<excerpt:encoded><![CDATA[]]></excerpt:encoded>
		<wp:post_id>366</wp:post_id>
		<wp:post_date>2016-09-05 19:02:50</wp:post_date>
		<wp:post_date_gmt>2016-09-05 19:02:50</wp:post_date_gmt>
		<wp:comment_status>open</wp:comment_status>
		<wp:ping_status>closed</wp:ping_status>
		<wp:post_name>cup</wp:post_name>
		<wp:status>inherit</wp:status>
		<wp:post_parent>365</wp:post_parent>
		<wp:menu_order>0</wp:menu_order>
		<wp:post_type>attachment</wp:post_type>
		<wp:post_password></wp:post_password>
		<wp:is_sticky>0</wp:is_sticky>
		<wp:attachment_url>http://xtemos.com/dummy/basel3/wp-content/uploads/2016/09/cup.png</wp:attachment_url>
		<wp:postmeta>
			<wp:meta_key>_wp_attached_file</wp:meta_key>
			<wp:meta_value><![CDATA[2016/09/cup.png]]></wp:meta_value>
		</wp:postmeta>
	</item>
	<item>
		<title>squared-banner</title>
		<link>http://xtemos.com/dummy/basel3/home-sport/squared-banner/</link>
		<pubDate>Mon, 05 Sep 2016 19:13:49 +0000</pubDate>
		<dc:creator><![CDATA[admin]]></dc:creator>
		<guid isPermaLink="false">http://xtemos.com/dummy/basel3/wp-content/uploads/2016/09/squared-banner.jpg</guid>
		<description></description>
		<content:encoded><![CDATA[]]></content:encoded>
		<excerpt:encoded><![CDATA[]]></excerpt:encoded>
		<wp:post_id>375</wp:post_id>
		<wp:post_date>2016-09-05 19:13:49</wp:post_date>
		<wp:post_date_gmt>2016-09-05 19:13:49</wp:post_date_gmt>
		<wp:comment_status>open</wp:comment_status>
		<wp:ping_status>closed</wp:ping_status>
		<wp:post_name>squared-banner</wp:post_name>
		<wp:status>inherit</wp:status>
		<wp:post_parent>365</wp:post_parent>
		<wp:menu_order>0</wp:menu_order>
		<wp:post_type>attachment</wp:post_type>
		<wp:post_password></wp:post_password>
		<wp:is_sticky>0</wp:is_sticky>
		<wp:attachment_url>http://xtemos.com/dummy/basel3/wp-content/uploads/2016/09/squared-banner.jpg</wp:attachment_url>
		<wp:postmeta>
			<wp:meta_key>_wp_attached_file</wp:meta_key>
			<wp:meta_value><![CDATA[2016/09/squared-banner.jpg]]></wp:meta_value>
		</wp:postmeta>
	</item>
	<item>
		<title>360-placeholder</title>
		<link>http://xtemos.com/dummy/basel3/home-sport/360-placeholder/</link>
		<pubDate>Mon, 05 Sep 2016 19:17:21 +0000</pubDate>
		<dc:creator><![CDATA[admin]]></dc:creator>
		<guid isPermaLink="false">http://xtemos.com/dummy/basel3/wp-content/uploads/2016/09/360-placeholder.png</guid>
		<description></description>
		<content:encoded><![CDATA[]]></content:encoded>
		<excerpt:encoded><![CDATA[]]></excerpt:encoded>
		<wp:post_id>377</wp:post_id>
		<wp:post_date>2016-09-05 19:17:21</wp:post_date>
		<wp:post_date_gmt>2016-09-05 19:17:21</wp:post_date_gmt>
		<wp:comment_status>open</wp:comment_status>
		<wp:ping_status>closed</wp:ping_status>
		<wp:post_name>360-placeholder</wp:post_name>
		<wp:status>inherit</wp:status>
		<wp:post_parent>365</wp:post_parent>
		<wp:menu_order>0</wp:menu_order>
		<wp:post_type>attachment</wp:post_type>
		<wp:post_password></wp:post_password>
		<wp:is_sticky>0</wp:is_sticky>
		<wp:attachment_url>http://xtemos.com/dummy/basel3/wp-content/uploads/2016/09/360-placeholder.png</wp:attachment_url>
		<wp:postmeta>
			<wp:meta_key>_wp_attached_file</wp:meta_key>
			<wp:meta_value><![CDATA[2016/09/360-placeholder.png]]></wp:meta_value>
		</wp:postmeta>
	</item>
	<item>
		<title>360-placeholde2r</title>
		<link>http://xtemos.com/dummy/basel3/home-sport/360-placeholde2r/</link>
		<pubDate>Mon, 05 Sep 2016 19:21:25 +0000</pubDate>
		<dc:creator><![CDATA[admin]]></dc:creator>
		<guid isPermaLink="false">http://xtemos.com/dummy/basel3/wp-content/uploads/2016/09/360-placeholde2r.png</guid>
		<description></description>
		<content:encoded><![CDATA[]]></content:encoded>
		<excerpt:encoded><![CDATA[]]></excerpt:encoded>
		<wp:post_id>379</wp:post_id>
		<wp:post_date>2016-09-05 19:21:25</wp:post_date>
		<wp:post_date_gmt>2016-09-05 19:21:25</wp:post_date_gmt>
		<wp:comment_status>open</wp:comment_status>
		<wp:ping_status>closed</wp:ping_status>
		<wp:post_name>360-placeholde2r</wp:post_name>
		<wp:status>inherit</wp:status>
		<wp:post_parent>365</wp:post_parent>
		<wp:menu_order>0</wp:menu_order>
		<wp:post_type>attachment</wp:post_type>
		<wp:post_password></wp:post_password>
		<wp:is_sticky>0</wp:is_sticky>
		<wp:attachment_url>http://xtemos.com/dummy/basel3/wp-content/uploads/2016/09/360-placeholde2r.png</wp:attachment_url>
		<wp:postmeta>
			<wp:meta_key>_wp_attached_file</wp:meta_key>
			<wp:meta_value><![CDATA[2016/09/360-placeholde2r.png]]></wp:meta_value>
		</wp:postmeta>
	</item>
</channel>
</rss>
