<?xml version="1.0" encoding="UTF-8" ?>
<!-- This is a WordPress eXtended RSS file generated by WordPress as an export of your site. -->
<!-- It contains information about your site's posts, pages, comments, categories, and other content. -->
<!-- You may use this file to transfer that content from one site to another. -->
<!-- This file is not intended to serve as a complete backup of your site. -->

<!-- To import this information into a WordPress site follow these steps: -->
<!-- 1. Log in to that site as an administrator. -->
<!-- 2. Go to Tools: Import in the WordPress admin panel. -->
<!-- 3. Install the "WordPress" importer from the list. -->
<!-- 4. Activate & Run Importer. -->
<!-- 5. Upload this file using the form provided on that page. -->
<!-- 6. You will first be asked to map the authors in this export file to users -->
<!--    on the site. For each author, you may choose to map to an -->
<!--    existing user on the site or to create a new user. -->
<!-- 7. WordPress will then import each of the posts, pages, comments, categories, etc. -->
<!--    contained in this file into your site. -->

<!-- generator="WordPress/4.6" created="2016-09-06 21:23" -->
<rss version="2.0"
	xmlns:excerpt="http://wordpress.org/export/1.2/excerpt/"
	xmlns:content="http://purl.org/rss/1.0/modules/content/"
	xmlns:wfw="http://wellformedweb.org/CommentAPI/"
	xmlns:dc="http://purl.org/dc/elements/1.1/"
	xmlns:wp="http://wordpress.org/export/1.2/"
>

<channel>
	<title>Dummy 3</title>
	<link>http://xtemos.com/dummy/basel3</link>
	<description>Just another WordPress site</description>
	<pubDate>Tue, 06 Sep 2016 21:23:24 +0000</pubDate>
	<language>en-US</language>
	<wp:wxr_version>1.2</wp:wxr_version>
	<wp:base_site_url>http://xtemos.com/dummy/basel3</wp:base_site_url>
	<wp:base_blog_url>http://xtemos.com/dummy/basel3</wp:base_blog_url>

	<wp:author><wp:author_id>1</wp:author_id><wp:author_login>admin</wp:author_login><wp:author_email>admin@basel.as</wp:author_email><wp:author_display_name><![CDATA[admin]]></wp:author_display_name><wp:author_first_name><![CDATA[]]></wp:author_first_name><wp:author_last_name><![CDATA[]]></wp:author_last_name></wp:author>


	<generator>https://wordpress.org/?v=4.6</generator>

	<item>
		<title>Home landing</title>
		<link>http://xtemos.com/dummy/basel3/home-landing/</link>
		<pubDate>Tue, 06 Sep 2016 19:28:58 +0000</pubDate>
		<dc:creator><![CDATA[admin]]></dc:creator>
		<guid isPermaLink="false">http://xtemos.com/dummy/basel3/?page_id=385</guid>
		<description></description>
		<content:encoded><![CDATA[[vc_row css=".vc_custom_1473190771206{margin-bottom: 0px !important;}" el_id="home-section"][vc_column][rev_slider_vc alias="landing1"][/vc_column][/vc_row][vc_row equal_height="yes" content_placement="middle" css=".vc_custom_1473190789996{background-position: 0 0 !important;background-repeat: no-repeat !important;}" el_id="design-section"][vc_column width="1/3" css=".vc_custom_1473195217689{padding-top: 0px !important;}" offset="vc_hidden-xs"][vc_empty_space height="130"][vc_custom_heading text="Slim and Beautiful" font_container="tag:h2|font_size:32|text_align:left|line_height:1.2" google_fonts="font_family:Lato%3A100%2C100italic%2C300%2C300italic%2Cregular%2Citalic%2C700%2C700italic%2C900%2C900italic|font_style:300%20light%20regular%3A300%3Anormal" css=".vc_custom_1473085551571{margin-bottom: 10px !important;}"][vc_separator color="custom" align="align_left" accent_color="#f2f2f2" css=".vc_custom_1473010199959{margin-bottom: 10px !important;}"][basel_info_box btn_style="link" css=".vc_custom_1473086768078{margin-bottom: 15px !important;}"]The PRO 6 is a flagship phone equipped
with a space saving 5.2 inch screen.[/basel_info_box][basel_button style="link" align="left" title="Continue reading" link="http://#"][vc_empty_space height="100"][vc_custom_heading text="What a Smart Cut" font_container="tag:h2|font_size:32|text_align:left|line_height:1.2" google_fonts="font_family:Lato%3A100%2C100italic%2C300%2C300italic%2Cregular%2Citalic%2C700%2C700italic%2C900%2C900italic|font_style:300%20light%20regular%3A300%3Anormal" css=".vc_custom_1473085938391{margin-bottom: 10px !important;}"][vc_separator color="custom" align="align_left" accent_color="#f2f2f2" css=".vc_custom_1473010199959{margin-bottom: 10px !important;}"][basel_info_box btn_style="link" css=".vc_custom_1473086789859{margin-bottom: 15px !important;}"]Thanks to a breakthrough in antenna technology,
the signal problem by cutting the body.[/basel_info_box][basel_button style="link" align="left" title="Continue reading" link="http://#"][vc_empty_space height="150"][/vc_column][vc_column width="1/3" css=".vc_custom_1473196223865{padding-top: 0px !important;background-image: url(http://xtemos.com/dummy/basel3/wp-content/uploads/2016/09/phone-landing.jpg?id=394) !important;background-position: 0 0 !important;background-repeat: no-repeat !important;}" el_class="parallax-bg" offset="vc_hidden-xs"][/vc_column][vc_column width="1/3" css=".vc_custom_1473195199531{padding-top: 0px !important;}" offset="vc_hidden-xs"][vc_empty_space height="130"][vc_custom_heading text="Symmetric Beauty" font_container="tag:h2|font_size:32|text_align:right|line_height:1.2" google_fonts="font_family:Lato%3A100%2C100italic%2C300%2C300italic%2Cregular%2Citalic%2C700%2C700italic%2C900%2C900italic|font_style:300%20light%20regular%3A300%3Anormal" css=".vc_custom_1473085804042{margin-bottom: 10px !important;}"][vc_separator color="custom" align="align_left" accent_color="#f2f2f2" css=".vc_custom_1473010199959{margin-bottom: 10px !important;}"][basel_info_box alignment="right" btn_style="link" css=".vc_custom_1473086801092{margin-bottom: 15px !important;}"]We redesigned the dimensions and position of the
upper camera and sensor on the front cover.[/basel_info_box][basel_button style="link" align="right" title="Continue reading" link="http://#"][vc_empty_space height="100"][vc_custom_heading text="Fantastic Self-Breaking" font_container="tag:h2|font_size:32|text_align:right|line_height:1.2" google_fonts="font_family:Lato%3A100%2C100italic%2C300%2C300italic%2Cregular%2Citalic%2C700%2C700italic%2C900%2C900italic|font_style:300%20light%20regular%3A300%3Anormal" css=".vc_custom_1473086415062{margin-bottom: 10px !important;}"][vc_separator color="custom" align="align_left" accent_color="#f2f2f2" css=".vc_custom_1473010199959{margin-bottom: 10px !important;}"][basel_info_box alignment="right" btn_style="link" css=".vc_custom_1473086794989{margin-bottom: 15px !important;}"]PRO means proactive and brave. Features a new ID style,
embodied by beautiful curves and arcs.[/basel_info_box][basel_button style="link" align="right" title="Continue reading" link="http://#"][vc_empty_space height="150"][/vc_column][/vc_row][vc_row equal_height="yes" content_placement="middle" css=".vc_custom_1473195169110{margin-bottom: 0px !important;background-position: 0 0 !important;background-repeat: no-repeat !important;}"][vc_column css=".vc_custom_1473195277889{margin-bottom: 0px !important;padding-top: 0px !important;}" offset="vc_hidden-lg vc_hidden-md vc_hidden-sm"][vc_empty_space height="45"][vc_custom_heading text="Slim and Beautiful" font_container="tag:h2|font_size:32|text_align:left|line_height:1.2" google_fonts="font_family:Lato%3A100%2C100italic%2C300%2C300italic%2Cregular%2Citalic%2C700%2C700italic%2C900%2C900italic|font_style:300%20light%20regular%3A300%3Anormal" css=".vc_custom_1473085551571{margin-bottom: 10px !important;}"][vc_separator color="custom" align="align_left" accent_color="#f2f2f2" css=".vc_custom_1473010199959{margin-bottom: 10px !important;}"][basel_info_box btn_style="link" css=".vc_custom_1473086768078{margin-bottom: 15px !important;}"]The PRO 6 is a flagship phone equipped
with a space saving 5.2 inch screen.[/basel_info_box][basel_button style="link" align="left" title="Continue reading" link="http://#"][vc_empty_space height="45"][vc_custom_heading text="What a Smart Cut" font_container="tag:h2|font_size:32|text_align:left|line_height:1.2" google_fonts="font_family:Lato%3A100%2C100italic%2C300%2C300italic%2Cregular%2Citalic%2C700%2C700italic%2C900%2C900italic|font_style:300%20light%20regular%3A300%3Anormal" css=".vc_custom_1473085938391{margin-bottom: 10px !important;}"][vc_separator color="custom" align="align_left" accent_color="#f2f2f2" css=".vc_custom_1473010199959{margin-bottom: 10px !important;}"][basel_info_box btn_style="link" css=".vc_custom_1473086789859{margin-bottom: 15px !important;}"]Thanks to a breakthrough in antenna technology,
the signal problem by cutting the body.[/basel_info_box][basel_button style="link" align="left" title="Continue reading" link="http://#"][vc_empty_space height="45"][vc_custom_heading text="Symmetric Beauty" font_container="tag:h2|font_size:32|text_align:left|line_height:1.2" google_fonts="font_family:Lato%3A100%2C100italic%2C300%2C300italic%2Cregular%2Citalic%2C700%2C700italic%2C900%2C900italic|font_style:300%20light%20regular%3A300%3Anormal" css=".vc_custom_1473194591664{margin-bottom: 10px !important;}"][vc_separator color="custom" align="align_left" accent_color="#f2f2f2" css=".vc_custom_1473010199959{margin-bottom: 10px !important;}"][basel_info_box btn_style="link" css=".vc_custom_1473194607109{margin-bottom: 15px !important;}"]We redesigned the dimensions and position of the
upper camera and sensor on the front cover.[/basel_info_box][basel_button style="link" align="left" title="Continue reading" link="http://#"][vc_empty_space height="45"][vc_custom_heading text="Fantastic Self-Breaking" font_container="tag:h2|font_size:32|text_align:left|line_height:1.2" google_fonts="font_family:Lato%3A100%2C100italic%2C300%2C300italic%2Cregular%2Citalic%2C700%2C700italic%2C900%2C900italic|font_style:300%20light%20regular%3A300%3Anormal" css=".vc_custom_1473194642438{margin-bottom: 10px !important;}"][vc_separator color="custom" align="align_left" accent_color="#f2f2f2" css=".vc_custom_1473010199959{margin-bottom: 10px !important;}"][basel_info_box btn_style="link" css=".vc_custom_1473194652580{margin-bottom: 15px !important;}"]PRO means proactive and brave. Features a new ID style,
embodied by beautiful curves and arcs.[/basel_info_box][basel_button style="link" align="left" title="Continue reading" link="http://#"][vc_empty_space height="45"][/vc_column][/vc_row][vc_row full_width="stretch_row" content_placement="middle" css=".vc_custom_1473196247712{background-image: url(http://xtemos.com/dummy/basel3/wp-content/uploads/2016/09/blured.jpg?id=395) !important;background-position: center !important;background-repeat: no-repeat !important;background-size: cover !important;}" el_id="screen-section"][vc_column width="1/6"][/vc_column][vc_column width="2/3" css=".vc_custom_1473097221534{padding-top: 10vh !important;padding-bottom: 35vh !important;}"][vc_custom_heading text="HIGH PERFORMANCE" font_container="tag:h1|font_size:68|text_align:center|color:%23ffffff|line_height:1.2" use_theme_fonts="yes" css=".vc_custom_1473195546128{margin-bottom: 0px !important;}" el_class="hidden-xs"][vc_custom_heading text="HIGH PERFORMANCE" font_container="tag:h1|font_size:38|text_align:center|color:%23ffffff|line_height:1.2" use_theme_fonts="yes" css=".vc_custom_1473195533326{margin-bottom: 0px !important;}" el_class="visible-xs"][vc_custom_heading text="INNOVATION IN EVERY INCH" font_container="tag:h1|font_size:34|text_align:center|color:rgba(255%2C255%2C255%2C0.8)|line_height:1.2" use_theme_fonts="yes" css=".vc_custom_1473195558224{margin-bottom: 20px !important;}" el_class="hidden-xs"][vc_custom_heading text="INNOVATION IN EVERY INCH" font_container="tag:h1|font_size:24|text_align:center|color:rgba(255%2C255%2C255%2C0.8)|line_height:1.2" use_theme_fonts="yes" css=".vc_custom_1473195577856{margin-bottom: 20px !important;}" el_class="visible-xs"][vc_column_text basel_color_scheme="light"]
<p style="text-align: center; font-size: 16px;">Ut ridiculus a egestas accumsan commodo suspendisse himenaeos vestibulum orci facilisi quis leo luctus vestibulum suspendisse massa fusce ullamcorper dapibus eu a vel a metus nam dui nunc a.Suspendisse tempus vestibulum cras habitant accumsan vestibulum fames lectus.</p>
[/vc_column_text][/vc_column][vc_column width="1/6"][/vc_column][/vc_row][vc_row][vc_column][vc_single_image image="396" img_size="full" css_animation="appear" css=".vc_custom_1473196329844{margin-top: -40vh !important;}"][/vc_column][/vc_row][vc_row css=".vc_custom_1473190827568{margin-bottom: 10vh !important;}" el_id="features-section"][vc_column][basel_title style="simple" color="primary" size="large" title="FULL FEATURES LIST" subtitle="MEIZU PRO 6" css=".vc_custom_1473005709088{margin-bottom: 8vh !important;}"][vc_row_inner css=".vc_custom_1473005787979{margin-bottom: 4vh !important;}"][vc_column_inner width="1/3"][basel_info_box image="399" alignment="center" img_size="full"]
<h3>64-BIT PROCESSOR</h3>
Condimentum torquent curae et torquent lacinia lacinia parturient viverra etiam cursus dictum non nient.[/basel_info_box][/vc_column_inner][vc_column_inner width="1/3"][basel_info_box image="399" alignment="center" img_size="full"]
<h3>21.6 MEGAPIXELS CAMERA</h3>
Condimentum torquent curae et torquent lacinia lacinia parturient viverra etiam cursus dictum non nient.[/basel_info_box][/vc_column_inner][vc_column_inner width="1/3"][basel_info_box image="399" alignment="center" img_size="full"]
<h3>QUICK CHARGE 3.0</h3>
Condimentum torquent curae et torquent lacinia lacinia parturient viverra etiam cursus dictum non nient.[/basel_info_box][/vc_column_inner][/vc_row_inner][vc_row_inner][vc_column_inner width="1/3"][basel_info_box image="399" alignment="center" img_size="full"]
<h3>5.5 FULL HD AMOLED</h3>
Condimentum torquent curae et torquent lacinia lacinia parturient viverra etiam cursus dictum non nient.[/basel_info_box][/vc_column_inner][vc_column_inner width="1/3"][basel_info_box image="399" alignment="center" img_size="full"]
<h3>GPS NAVIGATION SYSTEM</h3>
Condimentum torquent curae et torquent lacinia lacinia parturient viverra etiam cursus dictum non nient.[/basel_info_box][/vc_column_inner][vc_column_inner width="1/3"][basel_info_box image="399" alignment="center" img_size="full"]
<h3>ANDROID WEAR COMPATIBLE</h3>
Condimentum torquent curae et torquent lacinia lacinia parturient viverra etiam cursus dictum non nient.[/basel_info_box][/vc_column_inner][/vc_row_inner][/vc_column][/vc_row][vc_row css=".vc_custom_1473190853345{margin-bottom: 8vh !important;}" el_id="video-section"][vc_column][rev_slider_vc alias="video-landing"][/vc_column][/vc_row][vc_row full_width="stretch_row" equal_height="yes" content_placement="middle" css=".vc_custom_1473190874040{margin-bottom: 0px !important;}" el_id="camera-section"][vc_column width="1/2"][vc_custom_heading text="BEST PRICE OPPORTUNITY FOR THOSE WHO LOVE PHOTO" font_container="tag:h1|font_size:32|text_align:left" use_theme_fonts="yes"][vc_column_text css=".vc_custom_1473191445632{padding-right: 5vw !important;}"]
<p style="text-align: left;">A cum condimentum lobortis porttitor parturient a non ultricies aenean conubia sem mauris nibh a scelerisque mi posuere adipiscing faucibus.Enim auctor eu sapien scelerisque scelerisque cubilia vulputate adipiscingre.</p>
[/vc_column_text][vc_masonry_media_grid grid_id="vc_gid:1473196360821-3623df52-e996-6" include="24113,24114,24115,24116,24117,24118"][/vc_column][vc_column width="1/2"][vc_single_image image="397" img_size="full" alignment="center" css_animation="bottom-to-top" css=".vc_custom_1473196344331{margin-bottom: 0px !important;}"][/vc_column][/vc_row][vc_row full_width="stretch_row" css=".vc_custom_1473191653934{margin-bottom: 10vh !important;padding-top: 4vh !important;padding-bottom: 4vh !important;background-color: #f5f5f5 !important;}" el_id="price-section"][vc_column width="1/12"][/vc_column][vc_column width="10/12"][basel_title style="simple" color="primary" size="large" title="OUR PRICING" subtitle="CHECK OUT" css=".vc_custom_1473011056292{margin-bottom: 4vh !important;}"][pricing_tables][pricing_plan name="Base" subtitle="smart start" price_value="199" price_suffix="tax free" currency="$" button_label="BUY NOW" features_list="16 gb
3 GB LPDDR3
5.2-inch
Helio X25 processor
21.16 megapixel
" link="http://#"][pricing_plan name="Premium" subtitle="for business" price_value="260" price_suffix="tax free" currency="$" button_label="BUY NOW" label="BEST" label_color="yellow" best_option="yes" features_list="32 gb
4 GB LPDDR3
5.2-inch
Helio X25 processor
21.16 megapixel
" link="http://#"][pricing_plan name="Performance" subtitle="powerful tool" price_value="360" price_suffix="tax free" currency="$" button_label="BUY NOW" features_list="128 gb
4 GB LPDDR3
5.2-inch
Helio X25 processor
21.16 megapixel
" link="http://#"][/pricing_tables][/vc_column][vc_column width="1/12"][/vc_column][/vc_row][vc_row css=".vc_custom_1473190907119{margin-bottom: 10vh !important;}" el_id="product-section"][vc_column][basel_title style="simple" color="primary" size="large" title="FEATURED PRODUCTS" subtitle="BASEL PRODUCTION" css=".vc_custom_1473011051083{margin-bottom: 5vh !important;}"][basel_products items_per_page="3" columns="3" taxonomies="122"][/vc_column][/vc_row][vc_row full_width="stretch_row" css=".vc_custom_1473190925026{margin-bottom: -40px !important;background-color: #f4f4f4 !important;}" el_id="contact-section"][vc_column css=".vc_custom_1473095072045{padding-top: 8vh !important;padding-bottom: 8vh !important;}"][basel_title style="simple" color="primary" size="large" title="CONTACT FORM" subtitle="QUICK ORDER" css=".vc_custom_1473094948377{margin-bottom: 5vh !important;}" after_title="Aliquam parturient dignissim eleifend at mi accumsan penatibus suspendisse est
ullamcorper placerat dis tellus dictum mi porta sapie"][vc_row_inner][vc_column_inner width="1/6"][/vc_column_inner][vc_column_inner width="2/3"][contact-form-7 id="400"][/vc_column_inner][vc_column_inner width="1/6"][/vc_column_inner][/vc_row_inner][/vc_column][/vc_row]]]></content:encoded>
		<excerpt:encoded><![CDATA[]]></excerpt:encoded>
		<wp:post_id>385</wp:post_id>
		<wp:post_date>2016-09-06 19:28:58</wp:post_date>
		<wp:post_date_gmt>2016-09-06 19:28:58</wp:post_date_gmt>
		<wp:comment_status>closed</wp:comment_status>
		<wp:ping_status>closed</wp:ping_status>
		<wp:post_name>home-landing</wp:post_name>
		<wp:status>publish</wp:status>
		<wp:post_parent>0</wp:post_parent>
		<wp:menu_order>0</wp:menu_order>
		<wp:post_type>page</wp:post_type>
		<wp:post_password></wp:post_password>
		<wp:is_sticky>0</wp:is_sticky>
		<wp:postmeta>
			<wp:meta_key>_wp_page_template</wp:meta_key>
			<wp:meta_value><![CDATA[default]]></wp:meta_value>
		</wp:postmeta>
		<wp:postmeta>
			<wp:meta_key>_basel_main_layout</wp:meta_key>
			<wp:meta_value><![CDATA[full-width]]></wp:meta_value>
		</wp:postmeta>
		<wp:postmeta>
			<wp:meta_key>_basel_header-overlap</wp:meta_key>
			<wp:meta_value><![CDATA[on]]></wp:meta_value>
		</wp:postmeta>
		<wp:postmeta>
			<wp:meta_key>_basel_header_color_scheme</wp:meta_key>
			<wp:meta_value><![CDATA[light]]></wp:meta_value>
		</wp:postmeta>
		<wp:postmeta>
			<wp:meta_key>_basel_title_off</wp:meta_key>
			<wp:meta_value><![CDATA[on]]></wp:meta_value>
		</wp:postmeta>
		<wp:postmeta>
			<wp:meta_key>_basel_title_image_id</wp:meta_key>
			<wp:meta_value><![CDATA[0]]></wp:meta_value>
		</wp:postmeta>
		<wp:postmeta>
			<wp:meta_key>_wpb_shortcodes_custom_css</wp:meta_key>
			<wp:meta_value><![CDATA[.vc_custom_1473190771206{margin-bottom: 0px !important;}.vc_custom_1473190789996{background-position: 0 0 !important;background-repeat: no-repeat !important;}.vc_custom_1473195169110{margin-bottom: 0px !important;background-position: 0 0 !important;background-repeat: no-repeat !important;}.vc_custom_1473196247712{background-image: url(http://xtemos.com/dummy/basel3/wp-content/uploads/2016/09/blured.jpg?id=395) !important;background-position: center !important;background-repeat: no-repeat !important;background-size: cover !important;}.vc_custom_1473190827568{margin-bottom: 10vh !important;}.vc_custom_1473190853345{margin-bottom: 8vh !important;}.vc_custom_1473190874040{margin-bottom: 0px !important;}.vc_custom_1473191653934{margin-bottom: 10vh !important;padding-top: 4vh !important;padding-bottom: 4vh !important;background-color: #f5f5f5 !important;}.vc_custom_1473190907119{margin-bottom: 10vh !important;}.vc_custom_1473190925026{margin-bottom: -40px !important;background-color: #f4f4f4 !important;}.vc_custom_1473195217689{padding-top: 0px !important;}.vc_custom_1473196223865{padding-top: 0px !important;background-image: url(http://xtemos.com/dummy/basel3/wp-content/uploads/2016/09/phone-landing.jpg?id=394) !important;background-position: 0 0 !important;background-repeat: no-repeat !important;}.vc_custom_1473195199531{padding-top: 0px !important;}.vc_custom_1473085551571{margin-bottom: 10px !important;}.vc_custom_1473010199959{margin-bottom: 10px !important;}.vc_custom_1473086768078{margin-bottom: 15px !important;}.vc_custom_1473085938391{margin-bottom: 10px !important;}.vc_custom_1473010199959{margin-bottom: 10px !important;}.vc_custom_1473086789859{margin-bottom: 15px !important;}.vc_custom_1473085804042{margin-bottom: 10px !important;}.vc_custom_1473010199959{margin-bottom: 10px !important;}.vc_custom_1473086801092{margin-bottom: 15px !important;}.vc_custom_1473086415062{margin-bottom: 10px !important;}.vc_custom_1473010199959{margin-bottom: 10px !important;}.vc_custom_1473086794989{margin-bottom: 15px !important;}.vc_custom_1473195277889{margin-bottom: 0px !important;padding-top: 0px !important;}.vc_custom_1473085551571{margin-bottom: 10px !important;}.vc_custom_1473010199959{margin-bottom: 10px !important;}.vc_custom_1473086768078{margin-bottom: 15px !important;}.vc_custom_1473085938391{margin-bottom: 10px !important;}.vc_custom_1473010199959{margin-bottom: 10px !important;}.vc_custom_1473086789859{margin-bottom: 15px !important;}.vc_custom_1473194591664{margin-bottom: 10px !important;}.vc_custom_1473010199959{margin-bottom: 10px !important;}.vc_custom_1473194607109{margin-bottom: 15px !important;}.vc_custom_1473194642438{margin-bottom: 10px !important;}.vc_custom_1473010199959{margin-bottom: 10px !important;}.vc_custom_1473194652580{margin-bottom: 15px !important;}.vc_custom_1473097221534{padding-top: 10vh !important;padding-bottom: 35vh !important;}.vc_custom_1473195546128{margin-bottom: 0px !important;}.vc_custom_1473195533326{margin-bottom: 0px !important;}.vc_custom_1473195558224{margin-bottom: 20px !important;}.vc_custom_1473195577856{margin-bottom: 20px !important;}.vc_custom_1473196329844{margin-top: -40vh !important;}.vc_custom_1473005709088{margin-bottom: 8vh !important;}.vc_custom_1473005787979{margin-bottom: 4vh !important;}.vc_custom_1473191445632{padding-right: 5vw !important;}.vc_custom_1473196344331{margin-bottom: 0px !important;}.vc_custom_1473011056292{margin-bottom: 4vh !important;}.vc_custom_1473011051083{margin-bottom: 5vh !important;}.vc_custom_1473095072045{padding-top: 8vh !important;padding-bottom: 8vh !important;}.vc_custom_1473094948377{margin-bottom: 5vh !important;}]]></wp:meta_value>
		</wp:postmeta>
	</item>
	<item>
		<title>phonenature</title>
		<link>http://xtemos.com/dummy/basel3/home-landing/phonenature/</link>
		<pubDate>Tue, 06 Sep 2016 21:18:20 +0000</pubDate>
		<dc:creator><![CDATA[admin]]></dc:creator>
		<guid isPermaLink="false">http://xtemos.com/dummy/basel3/wp-content/uploads/2016/09/phonenature.png</guid>
		<description></description>
		<content:encoded><![CDATA[]]></content:encoded>
		<excerpt:encoded><![CDATA[]]></excerpt:encoded>
		<wp:post_id>396</wp:post_id>
		<wp:post_date>2016-09-06 21:18:20</wp:post_date>
		<wp:post_date_gmt>2016-09-06 21:18:20</wp:post_date_gmt>
		<wp:comment_status>open</wp:comment_status>
		<wp:ping_status>closed</wp:ping_status>
		<wp:post_name>phonenature</wp:post_name>
		<wp:status>inherit</wp:status>
		<wp:post_parent>385</wp:post_parent>
		<wp:menu_order>0</wp:menu_order>
		<wp:post_type>attachment</wp:post_type>
		<wp:post_password></wp:post_password>
		<wp:is_sticky>0</wp:is_sticky>
		<wp:attachment_url>http://xtemos.com/dummy/basel3/wp-content/uploads/2016/09/phonenature.png</wp:attachment_url>
		<wp:postmeta>
			<wp:meta_key>_wp_attached_file</wp:meta_key>
			<wp:meta_value><![CDATA[2016/09/phonenature.png]]></wp:meta_value>
		</wp:postmeta>
	</item>
	<item>
		<title>phone-landing2</title>
		<link>http://xtemos.com/dummy/basel3/home-landing/phone-landing2/</link>
		<pubDate>Tue, 06 Sep 2016 21:18:35 +0000</pubDate>
		<dc:creator><![CDATA[admin]]></dc:creator>
		<guid isPermaLink="false">http://xtemos.com/dummy/basel3/wp-content/uploads/2016/09/phone-landing2.jpg</guid>
		<description></description>
		<content:encoded><![CDATA[]]></content:encoded>
		<excerpt:encoded><![CDATA[]]></excerpt:encoded>
		<wp:post_id>397</wp:post_id>
		<wp:post_date>2016-09-06 21:18:35</wp:post_date>
		<wp:post_date_gmt>2016-09-06 21:18:35</wp:post_date_gmt>
		<wp:comment_status>open</wp:comment_status>
		<wp:ping_status>closed</wp:ping_status>
		<wp:post_name>phone-landing2</wp:post_name>
		<wp:status>inherit</wp:status>
		<wp:post_parent>385</wp:post_parent>
		<wp:menu_order>0</wp:menu_order>
		<wp:post_type>attachment</wp:post_type>
		<wp:post_password></wp:post_password>
		<wp:is_sticky>0</wp:is_sticky>
		<wp:attachment_url>http://xtemos.com/dummy/basel3/wp-content/uploads/2016/09/phone-landing2.jpg</wp:attachment_url>
		<wp:postmeta>
			<wp:meta_key>_wp_attached_file</wp:meta_key>
			<wp:meta_value><![CDATA[2016/09/phone-landing2.jpg]]></wp:meta_value>
		</wp:postmeta>
	</item>
	<item>
		<title>photo-camera</title>
		<link>http://xtemos.com/dummy/basel3/home-landing/photo-camera/</link>
		<pubDate>Tue, 06 Sep 2016 21:20:49 +0000</pubDate>
		<dc:creator><![CDATA[admin]]></dc:creator>
		<guid isPermaLink="false">http://xtemos.com/dummy/basel3/wp-content/uploads/2016/09/photo-camera.png</guid>
		<description></description>
		<content:encoded><![CDATA[]]></content:encoded>
		<excerpt:encoded><![CDATA[]]></excerpt:encoded>
		<wp:post_id>399</wp:post_id>
		<wp:post_date>2016-09-06 21:20:49</wp:post_date>
		<wp:post_date_gmt>2016-09-06 21:20:49</wp:post_date_gmt>
		<wp:comment_status>open</wp:comment_status>
		<wp:ping_status>closed</wp:ping_status>
		<wp:post_name>photo-camera</wp:post_name>
		<wp:status>inherit</wp:status>
		<wp:post_parent>385</wp:post_parent>
		<wp:menu_order>0</wp:menu_order>
		<wp:post_type>attachment</wp:post_type>
		<wp:post_password></wp:post_password>
		<wp:is_sticky>0</wp:is_sticky>
		<wp:attachment_url>http://xtemos.com/dummy/basel3/wp-content/uploads/2016/09/photo-camera.png</wp:attachment_url>
		<wp:postmeta>
			<wp:meta_key>_wp_attached_file</wp:meta_key>
			<wp:meta_value><![CDATA[2016/09/photo-camera.png]]></wp:meta_value>
		</wp:postmeta>
	</item>
	
	<item>
		<title>Contacts form</title>
		<link>http://xtemos.com/dummy/basel3/?post_type=wpcf7_contact_form&#038;p=400</link>
		<pubDate>Tue, 06 Sep 2016 21:22:43 +0000</pubDate>
		<dc:creator><![CDATA[admin]]></dc:creator>
		<guid isPermaLink="false">http://xtemos.com/dummy/basel3/?post_type=wpcf7_contact_form&#038;p=400</guid>
		<description></description>
		<content:encoded><![CDATA[<div class="row">
<div class="col-md-6">
<p><label>Your Name (required)</label> [text* your-name] </p>
</div>
<div class="col-md-6">
<p><label>Your Email (required)</label> [email* your-email] </p>
</div>
</div>


<p><label>Subject</label>[text your-subject] </p>

<p><label>Your Message</label> [textarea your-message] </p>

<p>[submit class:btn class:btn-color-primary "SEND A MESSAGE"]</p>
Dummy 3 "[your-subject]"
[your-name] <wordpress@xtemos.com>
From: [your-name] <[your-email]>
Subject: [your-subject]

Message Body:
[your-message]

--
This e-mail was sent from a contact form on Dummy 3 (http://xtemos.com/dummy/basel3)
admin@basel.as
Reply-To: [your-email]




Dummy 3 "[your-subject]"
Dummy 3 <wordpress@xtemos.com>
Message Body:
[your-message]

--
This e-mail was sent from a contact form on Dummy 3 (http://xtemos.com/dummy/basel3)
[your-email]
Reply-To: admin@basel.as



Thank you for your message. It has been sent.
There was an error trying to send your message. Please try again later.
One or more fields have an error. Please check and try again.
There was an error trying to send your message. Please try again later.
You must accept the terms and conditions before sending your message.
The field is required.
The field is too long.
The field is too short.
The date format is incorrect.
The date is before the earliest one allowed.
The date is after the latest one allowed.
There was an unknown error uploading the file.
You are not allowed to upload files of this type.
The file is too big.
There was an error uploading the file.
The number format is invalid.
The number is smaller than the minimum allowed.
The number is larger than the maximum allowed.
The answer to the quiz is incorrect.
Your entered code is incorrect.
The e-mail address entered is invalid.
The URL is invalid.
The telephone number is invalid.]]></content:encoded>
		<excerpt:encoded><![CDATA[]]></excerpt:encoded>
		<wp:post_id>400</wp:post_id>
		<wp:post_date>2016-09-06 21:22:43</wp:post_date>
		<wp:post_date_gmt>2016-09-06 21:22:43</wp:post_date_gmt>
		<wp:comment_status>closed</wp:comment_status>
		<wp:ping_status>closed</wp:ping_status>
		<wp:post_name>contacts-form</wp:post_name>
		<wp:status>publish</wp:status>
		<wp:post_parent>0</wp:post_parent>
		<wp:menu_order>0</wp:menu_order>
		<wp:post_type>wpcf7_contact_form</wp:post_type>
		<wp:post_password></wp:post_password>
		<wp:is_sticky>0</wp:is_sticky>
		<wp:postmeta>
			<wp:meta_key>_form</wp:meta_key>
			<wp:meta_value><![CDATA[<div class="row">
<div class="col-md-6">
<p><label>Your Name (required)</label> [text* your-name] </p>
</div>
<div class="col-md-6">
<p><label>Your Email (required)</label> [email* your-email] </p>
</div>
</div>


<p><label>Subject</label>[text your-subject] </p>

<p><label>Your Message</label> [textarea your-message] </p>

<p>[submit class:btn class:btn-color-primary "SEND A MESSAGE"]</p>]]></wp:meta_value>
		</wp:postmeta>
		<wp:postmeta>
			<wp:meta_key>_mail</wp:meta_key>
			<wp:meta_value><![CDATA[a:8:{s:7:"subject";s:24:"Dummy 3 "[your-subject]"";s:6:"sender";s:34:"[your-name] <wordpress@xtemos.com>";s:4:"body";s:175:"From: [your-name] <[your-email]>
Subject: [your-subject]

Message Body:
[your-message]

--
This e-mail was sent from a contact form on Dummy 3 (http://xtemos.com/dummy/basel3)";s:9:"recipient";s:14:"admin@basel.as";s:18:"additional_headers";s:22:"Reply-To: [your-email]";s:11:"attachments";s:0:"";s:8:"use_html";b:0;s:13:"exclude_blank";b:0;}]]></wp:meta_value>
		</wp:postmeta>
		<wp:postmeta>
			<wp:meta_key>_mail_2</wp:meta_key>
			<wp:meta_value><![CDATA[a:9:{s:6:"active";b:0;s:7:"subject";s:24:"Dummy 3 "[your-subject]"";s:6:"sender";s:30:"Dummy 3 <wordpress@xtemos.com>";s:4:"body";s:117:"Message Body:
[your-message]

--
This e-mail was sent from a contact form on Dummy 3 (http://xtemos.com/dummy/basel3)";s:9:"recipient";s:12:"[your-email]";s:18:"additional_headers";s:24:"Reply-To: admin@basel.as";s:11:"attachments";s:0:"";s:8:"use_html";b:0;s:13:"exclude_blank";b:0;}]]></wp:meta_value>
		</wp:postmeta>
		<wp:postmeta>
			<wp:meta_key>_messages</wp:meta_key>
			<wp:meta_value><![CDATA[a:23:{s:12:"mail_sent_ok";s:45:"Thank you for your message. It has been sent.";s:12:"mail_sent_ng";s:71:"There was an error trying to send your message. Please try again later.";s:16:"validation_error";s:61:"One or more fields have an error. Please check and try again.";s:4:"spam";s:71:"There was an error trying to send your message. Please try again later.";s:12:"accept_terms";s:69:"You must accept the terms and conditions before sending your message.";s:16:"invalid_required";s:22:"The field is required.";s:16:"invalid_too_long";s:22:"The field is too long.";s:17:"invalid_too_short";s:23:"The field is too short.";s:12:"invalid_date";s:29:"The date format is incorrect.";s:14:"date_too_early";s:44:"The date is before the earliest one allowed.";s:13:"date_too_late";s:41:"The date is after the latest one allowed.";s:13:"upload_failed";s:46:"There was an unknown error uploading the file.";s:24:"upload_file_type_invalid";s:49:"You are not allowed to upload files of this type.";s:21:"upload_file_too_large";s:20:"The file is too big.";s:23:"upload_failed_php_error";s:38:"There was an error uploading the file.";s:14:"invalid_number";s:29:"The number format is invalid.";s:16:"number_too_small";s:47:"The number is smaller than the minimum allowed.";s:16:"number_too_large";s:46:"The number is larger than the maximum allowed.";s:23:"quiz_answer_not_correct";s:36:"The answer to the quiz is incorrect.";s:17:"captcha_not_match";s:31:"Your entered code is incorrect.";s:13:"invalid_email";s:38:"The e-mail address entered is invalid.";s:11:"invalid_url";s:19:"The URL is invalid.";s:11:"invalid_tel";s:32:"The telephone number is invalid.";}]]></wp:meta_value>
		</wp:postmeta>
		<wp:postmeta>
			<wp:meta_key>_additional_settings</wp:meta_key>
			<wp:meta_value><![CDATA[]]></wp:meta_value>
		</wp:postmeta>
		<wp:postmeta>
			<wp:meta_key>_locale</wp:meta_key>
			<wp:meta_value><![CDATA[en_US]]></wp:meta_value>
		</wp:postmeta>
	</item>
</channel>
</rss>
