<?xml version="1.0" encoding="UTF-8" ?>
<!-- This is a WordPress eXtended RSS file generated by WordPress as an export of your site. -->
<!-- It contains information about your site's posts, pages, comments, categories, and other content. -->
<!-- You may use this file to transfer that content from one site to another. -->
<!-- This file is not intended to serve as a complete backup of your site. -->

<!-- To import this information into a WordPress site follow these steps: -->
<!-- 1. Log in to that site as an administrator. -->
<!-- 2. Go to Tools: Import in the WordPress admin panel. -->
<!-- 3. Install the "WordPress" importer from the list. -->
<!-- 4. Activate & Run Importer. -->
<!-- 5. Upload this file using the form provided on that page. -->
<!-- 6. You will first be asked to map the authors in this export file to users -->
<!--    on the site. For each author, you may choose to map to an -->
<!--    existing user on the site or to create a new user. -->
<!-- 7. WordPress will then import each of the posts, pages, comments, categories, etc. -->
<!--    contained in this file into your site. -->

<!-- generator="WordPress/4.4.2" created="2016-03-23 18:39" -->
<rss version="2.0"
	xmlns:excerpt="http://wordpress.org/export/1.2/excerpt/"
	xmlns:content="http://purl.org/rss/1.0/modules/content/"
	xmlns:wfw="http://wellformedweb.org/CommentAPI/"
	xmlns:dc="http://purl.org/dc/elements/1.1/"
	xmlns:wp="http://wordpress.org/export/1.2/"
>

<channel>
	<title>Xtemos New</title>
	<link>http://demo.xtemos.com/basel</link>
	<description>Just another WordPress site</description>
	<pubDate>Wed, 23 Mar 2016 18:39:03 +0000</pubDate>
	<language>en-US</language>
	<wp:wxr_version>1.2</wp:wxr_version>
	<wp:base_site_url>http://demo.xtemos.com/basel</wp:base_site_url>
	<wp:base_blog_url>http://demo.xtemos.com/basel</wp:base_blog_url>

	<wp:author><wp:author_id>1</wp:author_id><wp:author_login>admin</wp:author_login><wp:author_email>adad@adad.ad</wp:author_email><wp:author_display_name><![CDATA[admin]]></wp:author_display_name><wp:author_first_name><![CDATA[]]></wp:author_first_name><wp:author_last_name><![CDATA[]]></wp:author_last_name></wp:author>
	<wp:author><wp:author_id>3</wp:author_id><wp:author_login>kabina57</wp:author_login><wp:author_email>grugorenkowlad@gmail.com</wp:author_email><wp:author_display_name><![CDATA[V. Harrison]]></wp:author_display_name><wp:author_first_name><![CDATA[V.]]></wp:author_first_name><wp:author_last_name><![CDATA[Harrison]]></wp:author_last_name></wp:author>


	<generator>https://wordpress.org/?v=4.4.2</generator>

	<item>
		<title>About me</title>
		<link>http://demo.xtemos.com/basel/about-me/</link>
		<pubDate>Sat, 20 Jun 2015 14:33:05 +0000</pubDate>
		<dc:creator><![CDATA[admin]]></dc:creator>
		<guid isPermaLink="false">http://xtemos.com/demo/?page_id=294</guid>
		<description></description>
		<content:encoded><![CDATA[[vc_row full_width="stretch_row_content_no_spaces" content_placement="middle" css=".vc_custom_1451486211770{margin-top: -40px !important;margin-bottom: -40px !important;}"][vc_column width="1/2"][vc_single_image image="22132" img_size="full" alignment="center" css=".vc_custom_1451486614346{margin-bottom: 0px !important;}"][/vc_column][vc_column width="1/2" css=".vc_custom_1451486306432{padding-right: 10% !important;padding-left: 10% !important;}"][vc_column_text css=".vc_custom_1451469672537{margin-bottom: 30px !important;}"]
<h1 class="font-title" style="text-align: center; font-size: 42px; text-transform: capitalize;">Consectetur lobortis maecenas risus mi lacus <span style="border-bottom: 1px solid #BDBDBD; padding-bottom: 4px;">cond consequat.</span></h1>
[/vc_column_text][vc_column_text css=".vc_custom_1451486342179{padding-right: 30px !important;padding-left: 30px !important;}"]
<p style="text-align: center; line-height: 1.8;">Suspendisse leo sodales varius leo elementum vestibulum a elit at ultrices a mi a praesent enim libero ultrices a amet suscipit. A tempus iaculis habitasse suspendisse aenean parturient blandit a rutrum leo elementum purus a a et id non feugiat donec.</p>
[/vc_column_text][vc_single_image image="22073" img_size="full" alignment="center" css=".vc_custom_1451470372512{margin-bottom: 30px !important;}"][social_buttons style="circle"][/vc_column][/vc_row]]]></content:encoded>
		<excerpt:encoded><![CDATA[]]></excerpt:encoded>
		<wp:post_id>294</wp:post_id>
		<wp:post_date>2015-06-20 14:33:05</wp:post_date>
		<wp:post_date_gmt>2015-06-20 14:33:05</wp:post_date_gmt>
		<wp:comment_status>closed</wp:comment_status>
		<wp:ping_status>open</wp:ping_status>
		<wp:post_name>about-me</wp:post_name>
		<wp:status>publish</wp:status>
		<wp:post_parent>0</wp:post_parent>
		<wp:menu_order>0</wp:menu_order>
		<wp:post_type>page</wp:post_type>
		<wp:post_password></wp:post_password>
		<wp:is_sticky>0</wp:is_sticky>
		<wp:postmeta>
			<wp:meta_key>_wp_page_template</wp:meta_key>
			<wp:meta_value><![CDATA[default]]></wp:meta_value>
		</wp:postmeta>
		<wp:postmeta>
			<wp:meta_key>_basel_main_layout</wp:meta_key>
			<wp:meta_value><![CDATA[full-width]]></wp:meta_value>
		</wp:postmeta>
		<wp:postmeta>
			<wp:meta_key>_basel_header</wp:meta_key>
			<wp:meta_value><![CDATA[shop]]></wp:meta_value>
		</wp:postmeta>
		<wp:postmeta>
			<wp:meta_key>_wpb_shortcodes_custom_css</wp:meta_key>
			<wp:meta_value><![CDATA[.vc_custom_1451486211770{margin-top: -40px !important;margin-bottom: -40px !important;}.vc_custom_1451486306432{padding-right: 10% !important;padding-left: 10% !important;}.vc_custom_1451486614346{margin-bottom: 0px !important;}.vc_custom_1451469672537{margin-bottom: 30px !important;}.vc_custom_1451486342179{padding-right: 30px !important;padding-left: 30px !important;}.vc_custom_1451470372512{margin-bottom: 30px !important;}]]></wp:meta_value>
		</wp:postmeta>
		<wp:postmeta>
			<wp:meta_key>_basel_title_off</wp:meta_key>
			<wp:meta_value><![CDATA[on]]></wp:meta_value>
		</wp:postmeta>
		<wp:postmeta>
			<wp:meta_key>_wpb_post_custom_css</wp:meta_key>
			<wp:meta_value><![CDATA[.vc_custom_1434734436679 {display:none;}
.basel-pagination {
    display:none;
}]]></wp:meta_value>
		</wp:postmeta>
		<wp:postmeta>
			<wp:meta_key>_basel_header_color_scheme</wp:meta_key>
			<wp:meta_value><![CDATA[dark]]></wp:meta_value>
		</wp:postmeta>
	</item>
	<item>
		<title>austen</title>
		<link>http://demo.xtemos.com/basel/about-me/austen/</link>
		<pubDate>Wed, 30 Dec 2015 10:06:20 +0000</pubDate>
		<dc:creator><![CDATA[kabina57]]></dc:creator>
		<guid isPermaLink="false">http://demo.xtemos.com/basel/wp-content/uploads/2015/06/austen.jpg</guid>
		<description></description>
		<content:encoded><![CDATA[]]></content:encoded>
		<excerpt:encoded><![CDATA[]]></excerpt:encoded>
		<wp:post_id>22073</wp:post_id>
		<wp:post_date>2015-12-30 10:06:20</wp:post_date>
		<wp:post_date_gmt>2015-12-30 10:06:20</wp:post_date_gmt>
		<wp:comment_status>open</wp:comment_status>
		<wp:ping_status>closed</wp:ping_status>
		<wp:post_name>austen</wp:post_name>
		<wp:status>inherit</wp:status>
		<wp:post_parent>294</wp:post_parent>
		<wp:menu_order>0</wp:menu_order>
		<wp:post_type>attachment</wp:post_type>
		<wp:post_password></wp:post_password>
		<wp:is_sticky>0</wp:is_sticky>
		<wp:attachment_url>http://demo.xtemos.com/basel/wp-content/uploads/2015/06/austen.jpg</wp:attachment_url>
		<wp:postmeta>
			<wp:meta_key>_wp_attached_file</wp:meta_key>
			<wp:meta_value><![CDATA[2015/06/austen.jpg]]></wp:meta_value>
		</wp:postmeta>
	</item>
	<item>
		<title>about-me-17</title>
		<link>http://demo.xtemos.com/basel/about-me/about-me-17/</link>
		<pubDate>Wed, 30 Dec 2015 14:43:41 +0000</pubDate>
		<dc:creator><![CDATA[kabina57]]></dc:creator>
		<guid isPermaLink="false">http://demo.xtemos.com/basel/wp-content/uploads/2015/06/about-me-17.jpg</guid>
		<description></description>
		<content:encoded><![CDATA[]]></content:encoded>
		<excerpt:encoded><![CDATA[]]></excerpt:encoded>
		<wp:post_id>22132</wp:post_id>
		<wp:post_date>2015-12-30 14:43:41</wp:post_date>
		<wp:post_date_gmt>2015-12-30 14:43:41</wp:post_date_gmt>
		<wp:comment_status>open</wp:comment_status>
		<wp:ping_status>closed</wp:ping_status>
		<wp:post_name>about-me-17</wp:post_name>
		<wp:status>inherit</wp:status>
		<wp:post_parent>294</wp:post_parent>
		<wp:menu_order>0</wp:menu_order>
		<wp:post_type>attachment</wp:post_type>
		<wp:post_password></wp:post_password>
		<wp:is_sticky>0</wp:is_sticky>
		<wp:attachment_url>http://demo.xtemos.com/basel/wp-content/uploads/2015/06/about-me-17.jpg</wp:attachment_url>
		<wp:postmeta>
			<wp:meta_key>_wp_attached_file</wp:meta_key>
			<wp:meta_value><![CDATA[2015/06/about-me-17.jpg]]></wp:meta_value>
		</wp:postmeta>
	</item>
</channel>
</rss>
