<?xml version="1.0" encoding="UTF-8" ?>
<!-- This is a WordPress eXtended RSS file generated by WordPress as an export of your site. -->
<!-- It contains information about your site's posts, pages, comments, categories, and other content. -->
<!-- You may use this file to transfer that content from one site to another. -->
<!-- This file is not intended to serve as a complete backup of your site. -->

<!-- To import this information into a WordPress site follow these steps: -->
<!-- 1. Log in to that site as an administrator. -->
<!-- 2. Go to Tools: Import in the WordPress admin panel. -->
<!-- 3. Install the "WordPress" importer from the list. -->
<!-- 4. Activate & Run Importer. -->
<!-- 5. Upload this file using the form provided on that page. -->
<!-- 6. You will first be asked to map the authors in this export file to users -->
<!--    on the site. For each author, you may choose to map to an -->
<!--    existing user on the site or to create a new user. -->
<!-- 7. WordPress will then import each of the posts, pages, comments, categories, etc. -->
<!--    contained in this file into your site. -->

<!-- generator="WordPress/4.5.2" created="2016-06-06 17:44" -->
<rss version="2.0"
	xmlns:excerpt="http://wordpress.org/export/1.2/excerpt/"
	xmlns:content="http://purl.org/rss/1.0/modules/content/"
	xmlns:wfw="http://wellformedweb.org/CommentAPI/"
	xmlns:dc="http://purl.org/dc/elements/1.1/"
	xmlns:wp="http://wordpress.org/export/1.2/"
>

<channel>
	<title>Dummy 3</title>
	<link>http://xtemos.com/dummy/basel3</link>
	<description>Just another WordPress site</description>
	<pubDate>Mon, 06 Jun 2016 17:44:14 +0000</pubDate>
	<language>en-US</language>
	<wp:wxr_version>1.2</wp:wxr_version>
	<wp:base_site_url>http://xtemos.com/dummy/basel3</wp:base_site_url>
	<wp:base_blog_url>http://xtemos.com/dummy/basel3</wp:base_blog_url>

	<wp:author><wp:author_id>1</wp:author_id><wp:author_login>admin</wp:author_login><wp:author_email>admin@basel.as</wp:author_email><wp:author_display_name><![CDATA[admin]]></wp:author_display_name><wp:author_first_name><![CDATA[]]></wp:author_first_name><wp:author_last_name><![CDATA[]]></wp:author_last_name></wp:author>


	<generator>https://wordpress.org/?v=4.5.2</generator>

	<item>
		<title>Home jewellery</title>
		<link>http://xtemos.com/dummy/basel3/home-jewellery/</link>
		<pubDate>Mon, 06 Jun 2016 17:32:10 +0000</pubDate>
		<dc:creator><![CDATA[admin]]></dc:creator>
		<guid isPermaLink="false">http://xtemos.com/dummy/basel3/?page_id=274</guid>
		<description></description>
		<content:encoded><![CDATA[[vc_row css=".vc_custom_1464891616074{margin-top: -10px !important;margin-bottom: 10px !important;}"][vc_column][rev_slider_vc alias="Jewellery"][/vc_column][/vc_row][vc_row css=".vc_custom_1465222485581{margin-bottom: 2% !important;border-bottom-width: 1px !important;padding-bottom: 1.5% !important;border-bottom-color: #ededed !important;border-bottom-style: solid !important;}"][vc_column][vc_row_inner css=".vc_custom_1464891582402{margin-bottom: 0px !important;}"][vc_column_inner width="1/6" offset="vc_col-lg-3 vc_col-md-2"][/vc_column_inner][vc_column_inner width="2/3" offset="vc_col-lg-6 vc_col-md-8"][basel_title style="cross" title="SIMPLE THING TO ENJOY LIFE" subtitle="WELCOME TO OUR SHOP" css=".vc_custom_1465200606844{margin-bottom: 15px !important;padding-right: 30px !important;padding-left: 30px !important;}" after_title="Ante vitae potenti aenean sem lectus ligula adipiscing ullamcorper natoque metus mi cum nam mus dui at a ut nostra.Amet ac vestibulum."][/vc_column_inner][vc_column_inner width="1/6" offset="vc_col-lg-3 vc_col-md-2"][/vc_column_inner][/vc_row_inner][vc_row_inner css=".vc_custom_1465222152780{margin-bottom: 0px !important;}"][vc_column_inner width="1/3" css=".vc_custom_1465222302734{margin-bottom: 15px !important;}"][basel_info_box image="276" alignment="center" img_size="full" link="http://#" btn_text="View Store"]
<h3 style="margin-bottom: 5px;">Beautiful Earrings</h3>
Ante vitae potenti aenean
ligula adipiscing.[/basel_info_box][/vc_column_inner][vc_column_inner width="1/3" css=".vc_custom_1465222296057{margin-bottom: 15px !important;}"][basel_info_box image="276" alignment="center" img_size="full" link="http://#" btn_text="View Store"]
<h3 style="margin-bottom: 5px;">Beautiful Earrings</h3>
Ante vitae potenti aenean
ligula adipiscing.[/basel_info_box][/vc_column_inner][vc_column_inner width="1/3" css=".vc_custom_1465222290338{margin-bottom: 15px !important;}"][basel_info_box image="276" alignment="center" img_size="full" link="http://#" btn_text="View Store"]
<h3 style="margin-bottom: 5px;">Beautiful Earrings</h3>
Ante vitae potenti aenean
ligula adipiscing.[/basel_info_box][/vc_column_inner][/vc_row_inner][/vc_column][/vc_row][vc_row css=".vc_custom_1465231605333{margin-bottom: 2.5vh !important;border-bottom-width: 1px !important;padding-bottom: 0.5vh !important;border-bottom-color: #ededed !important;border-bottom-style: solid !important;}"][vc_column][basel_title style="cross" title="FEATURED CATEGORIES" subtitle="MADE THE HARD WAY"][basel_products items_per_page="8" columns="4"][/vc_column][/vc_row][vc_row content_placement="middle" css=".vc_custom_1465223644571{margin-bottom: 2vw !important;}"][vc_column offset="vc_col-lg-6 vc_col-md-6"][vc_single_image image="279" img_size="850x550" alignment="center" css=".vc_custom_1465233794977{margin-bottom: 0px !important;}"][/vc_column][vc_column width="1/2" offset="vc_hidden-sm vc_hidden-xs"][vc_column_text css=".vc_custom_1465223680555{margin-top: 20px !important;margin-bottom: 20px !important;margin-left: -80px !important;padding-top: 40px !important;padding-right: 40px !important;padding-bottom: 40px !important;padding-left: 40px !important;background-color: #ffffff !important;}" el_class="about-shop-element"]
<h1>About Us | Online Shop</h1>
<p style="text-align: left;">Dui habitasse at ac a a scelerisque parturient leo a ac parturient fusce taciti cum fames adipiscing aenean cras ut urna leo et conubia non.Quam duis ullamcorper suspendisse a laoreet nibh a dapibus condimentum est convallis quis in est nullam libero parturient nascetur leo.</p>
<p style="text-align: left;"><a class="btn btn-color-primary btn-style-default btn-size-small" href="http://#">Visit Shop Page</a></p>
[/vc_column_text][/vc_column][vc_column offset="vc_hidden-lg vc_hidden-md"][vc_column_text css=".vc_custom_1465231528729{margin-top: -50px !important;margin-right: 20px !important;margin-bottom: 20px !important;margin-left: 20px !important;padding-top: 20px !important;padding-right: 20px !important;padding-bottom: 20px !important;padding-left: 20px !important;background-color: #ffffff !important;}" el_class="about-shop-element"]
<h1 style="text-align: center;">About Us | Online Shop</h1>
<p style="text-align: center;">Dui habitasse at ac a a scelerisque parturient leo a ac parturient fusce taciti cum fames adipiscing aenean cras ut urna leo et conubia non.Quam duis ullamcorper suspendisse a laoreet nibh a dapibus condimentum est convallis quis in est nullam libero parturient nascetur leo.</p>
<p style="text-align: center;"><a class="btn btn-color-primary btn-style-default btn-size-small" href="http://#">Visit Shop Page</a></p>
[/vc_column_text][/vc_column][/vc_row][vc_row css=".vc_custom_1465233935227{margin-right: -15px !important;margin-bottom: -40px !important;margin-left: -15px !important;border-top-width: 1px !important;border-right-width: 1px !important;border-bottom-width: 1px !important;border-left-width: 1px !important;padding-top: 40px !important;padding-right: 0px !important;padding-bottom: 40px !important;padding-left: 0px !important;background-image: url(http://xtemos.com/dummy/basel3/wp-content/uploads/2016/06/newsletter-jewellery-1.jpg?id=283) !important;background-position: center !important;background-repeat: no-repeat !important;background-size: cover !important;border-left-color: #f2f2f2 !important;border-right-color: #f2f2f2 !important;border-top-color: #f2f2f2 !important;border-bottom-color: #f2f2f2 !important;}"][vc_column][basel_title style="cross" title="Be always updated" subtitle="Join our Newsletter"][vc_column_text][mc4wp_form][/vc_column_text][/vc_column][/vc_row]]]></content:encoded>
		<excerpt:encoded><![CDATA[]]></excerpt:encoded>
		<wp:post_id>274</wp:post_id>
		<wp:post_date>2016-06-06 17:32:10</wp:post_date>
		<wp:post_date_gmt>2016-06-06 17:32:10</wp:post_date_gmt>
		<wp:comment_status>closed</wp:comment_status>
		<wp:ping_status>closed</wp:ping_status>
		<wp:post_name>home-jewellery</wp:post_name>
		<wp:status>publish</wp:status>
		<wp:post_parent>0</wp:post_parent>
		<wp:menu_order>0</wp:menu_order>
		<wp:post_type>page</wp:post_type>
		<wp:post_password></wp:post_password>
		<wp:is_sticky>0</wp:is_sticky>
		<wp:postmeta>
			<wp:meta_key>_wp_page_template</wp:meta_key>
			<wp:meta_value><![CDATA[default]]></wp:meta_value>
		</wp:postmeta>
		<wp:postmeta>
			<wp:meta_key>_wpb_shortcodes_custom_css</wp:meta_key>
			<wp:meta_value><![CDATA[.vc_custom_1464891616074{margin-top: -10px !important;margin-bottom: 10px !important;}.vc_custom_1465222485581{margin-bottom: 2% !important;border-bottom-width: 1px !important;padding-bottom: 1.5% !important;border-bottom-color: #ededed !important;border-bottom-style: solid !important;}.vc_custom_1465231605333{margin-bottom: 2.5vh !important;border-bottom-width: 1px !important;padding-bottom: 0.5vh !important;border-bottom-color: #ededed !important;border-bottom-style: solid !important;}.vc_custom_1465223644571{margin-bottom: 2vw !important;}.vc_custom_1465233935227{margin-right: -15px !important;margin-bottom: -40px !important;margin-left: -15px !important;border-top-width: 1px !important;border-right-width: 1px !important;border-bottom-width: 1px !important;border-left-width: 1px !important;padding-top: 40px !important;padding-right: 0px !important;padding-bottom: 40px !important;padding-left: 0px !important;background-image: url(http://xtemos.com/dummy/basel3/wp-content/uploads/2016/06/newsletter-jewellery-1.jpg?id=283) !important;background-position: center !important;background-repeat: no-repeat !important;background-size: cover !important;border-left-color: #f2f2f2 !important;border-right-color: #f2f2f2 !important;border-top-color: #f2f2f2 !important;border-bottom-color: #f2f2f2 !important;}.vc_custom_1464891582402{margin-bottom: 0px !important;}.vc_custom_1465222152780{margin-bottom: 0px !important;}.vc_custom_1465200606844{margin-bottom: 15px !important;padding-right: 30px !important;padding-left: 30px !important;}.vc_custom_1465222302734{margin-bottom: 15px !important;}.vc_custom_1465222296057{margin-bottom: 15px !important;}.vc_custom_1465222290338{margin-bottom: 15px !important;}.vc_custom_1465233794977{margin-bottom: 0px !important;}.vc_custom_1465223680555{margin-top: 20px !important;margin-bottom: 20px !important;margin-left: -80px !important;padding-top: 40px !important;padding-right: 40px !important;padding-bottom: 40px !important;padding-left: 40px !important;background-color: #ffffff !important;}.vc_custom_1465231528729{margin-top: -50px !important;margin-right: 20px !important;margin-bottom: 20px !important;margin-left: 20px !important;padding-top: 20px !important;padding-right: 20px !important;padding-bottom: 20px !important;padding-left: 20px !important;background-color: #ffffff !important;}]]></wp:meta_value>
		</wp:postmeta>
		<wp:postmeta>
			<wp:meta_key>_basel_main_layout</wp:meta_key>
			<wp:meta_value><![CDATA[full-width]]></wp:meta_value>
		</wp:postmeta>
		<wp:postmeta>
			<wp:meta_key>_basel_header_color_scheme</wp:meta_key>
			<wp:meta_value><![CDATA[inherit]]></wp:meta_value>
		</wp:postmeta>
		<wp:postmeta>
			<wp:meta_key>_basel_title_off</wp:meta_key>
			<wp:meta_value><![CDATA[on]]></wp:meta_value>
		</wp:postmeta>
		<wp:postmeta>
			<wp:meta_key>_wpb_post_custom_css</wp:meta_key>
			<wp:meta_value><![CDATA[.about-shop-element {
    box-shadow: 1px 1px 9px rgba(0, 0, 0, 0.17);
}]]></wp:meta_value>
		</wp:postmeta>
	</item>
	<item>
		<title>dummi-baners</title>
		<link>http://xtemos.com/dummy/basel3/home-jewellery/dummi-baners/</link>
		<pubDate>Mon, 06 Jun 2016 17:36:06 +0000</pubDate>
		<dc:creator><![CDATA[admin]]></dc:creator>
		<guid isPermaLink="false">http://xtemos.com/dummy/basel3/wp-content/uploads/2016/06/dummi-baners.jpg</guid>
		<description></description>
		<content:encoded><![CDATA[]]></content:encoded>
		<excerpt:encoded><![CDATA[]]></excerpt:encoded>
		<wp:post_id>276</wp:post_id>
		<wp:post_date>2016-06-06 17:36:06</wp:post_date>
		<wp:post_date_gmt>2016-06-06 17:36:06</wp:post_date_gmt>
		<wp:comment_status>open</wp:comment_status>
		<wp:ping_status>closed</wp:ping_status>
		<wp:post_name>dummi-baners</wp:post_name>
		<wp:status>inherit</wp:status>
		<wp:post_parent>274</wp:post_parent>
		<wp:menu_order>0</wp:menu_order>
		<wp:post_type>attachment</wp:post_type>
		<wp:post_password></wp:post_password>
		<wp:is_sticky>0</wp:is_sticky>
		<wp:attachment_url>http://xtemos.com/dummy/basel3/wp-content/uploads/2016/06/dummi-baners.jpg</wp:attachment_url>
		<wp:postmeta>
			<wp:meta_key>_wp_attached_file</wp:meta_key>
			<wp:meta_value><![CDATA[2016/06/dummi-baners.jpg]]></wp:meta_value>
		</wp:postmeta>
	</item>
	<item>
		<title>jew-store</title>
		<link>http://xtemos.com/dummy/basel3/home-jewellery/jew-store/</link>
		<pubDate>Mon, 06 Jun 2016 17:36:38 +0000</pubDate>
		<dc:creator><![CDATA[admin]]></dc:creator>
		<guid isPermaLink="false">http://xtemos.com/dummy/basel3/wp-content/uploads/2016/06/jew-store.jpg</guid>
		<description></description>
		<content:encoded><![CDATA[]]></content:encoded>
		<excerpt:encoded><![CDATA[]]></excerpt:encoded>
		<wp:post_id>279</wp:post_id>
		<wp:post_date>2016-06-06 17:36:38</wp:post_date>
		<wp:post_date_gmt>2016-06-06 17:36:38</wp:post_date_gmt>
		<wp:comment_status>open</wp:comment_status>
		<wp:ping_status>closed</wp:ping_status>
		<wp:post_name>jew-store</wp:post_name>
		<wp:status>inherit</wp:status>
		<wp:post_parent>274</wp:post_parent>
		<wp:menu_order>0</wp:menu_order>
		<wp:post_type>attachment</wp:post_type>
		<wp:post_password></wp:post_password>
		<wp:is_sticky>0</wp:is_sticky>
		<wp:attachment_url>http://xtemos.com/dummy/basel3/wp-content/uploads/2016/06/jew-store.jpg</wp:attachment_url>
		<wp:postmeta>
			<wp:meta_key>_wp_attached_file</wp:meta_key>
			<wp:meta_value><![CDATA[2016/06/jew-store.jpg]]></wp:meta_value>
		</wp:postmeta>
	</item>
</channel>
</rss>
