<?xml version="1.0" encoding="UTF-8" ?>
<!-- This is a WordPress eXtended RSS file generated by WordPress as an export of your site. -->
<!-- It contains information about your site's posts, pages, comments, categories, and other content. -->
<!-- You may use this file to transfer that content from one site to another. -->
<!-- This file is not intended to serve as a complete backup of your site. -->

<!-- To import this information into a WordPress site follow these steps: -->
<!-- 1. Log in to that site as an administrator. -->
<!-- 2. Go to Tools: Import in the WordPress admin panel. -->
<!-- 3. Install the "WordPress" importer from the list. -->
<!-- 4. Activate & Run Importer. -->
<!-- 5. Upload this file using the form provided on that page. -->
<!-- 6. You will first be asked to map the authors in this export file to users -->
<!--    on the site. For each author, you may choose to map to an -->
<!--    existing user on the site or to create a new user. -->
<!-- 7. WordPress will then import each of the posts, pages, comments, categories, etc. -->
<!--    contained in this file into your site. -->

<!-- generator="WordPress/4.4.2" created="2016-03-23 18:45" -->
<rss version="2.0"
	xmlns:excerpt="http://wordpress.org/export/1.2/excerpt/"
	xmlns:content="http://purl.org/rss/1.0/modules/content/"
	xmlns:wfw="http://wellformedweb.org/CommentAPI/"
	xmlns:dc="http://purl.org/dc/elements/1.1/"
	xmlns:wp="http://wordpress.org/export/1.2/"
>

<channel>
	<title>Xtemos New</title>
	<link>http://demo.xtemos.com/basel</link>
	<description>Just another WordPress site</description>
	<pubDate>Wed, 23 Mar 2016 18:45:21 +0000</pubDate>
	<language>en-US</language>
	<wp:wxr_version>1.2</wp:wxr_version>
	<wp:base_site_url>http://demo.xtemos.com/basel</wp:base_site_url>
	<wp:base_blog_url>http://demo.xtemos.com/basel</wp:base_blog_url>

	<wp:author><wp:author_id>1</wp:author_id><wp:author_login>admin</wp:author_login><wp:author_email>adad@adad.ad</wp:author_email><wp:author_display_name><![CDATA[admin]]></wp:author_display_name><wp:author_first_name><![CDATA[]]></wp:author_first_name><wp:author_last_name><![CDATA[]]></wp:author_last_name></wp:author>
	<wp:author><wp:author_id>3</wp:author_id><wp:author_login>kabina57</wp:author_login><wp:author_email>grugorenkowlad@gmail.com</wp:author_email><wp:author_display_name><![CDATA[V. Harrison]]></wp:author_display_name><wp:author_first_name><![CDATA[V.]]></wp:author_first_name><wp:author_last_name><![CDATA[Harrison]]></wp:author_last_name></wp:author>


	<generator>https://wordpress.org/?v=4.4.2</generator>

	<item>
		<title>client1</title>
		<link>http://demo.xtemos.com/basel/our-services/client1/</link>
		<pubDate>Sun, 21 Jun 2015 09:18:46 +0000</pubDate>
		<dc:creator><![CDATA[admin]]></dc:creator>
		<guid isPermaLink="false">http://demo.xtemos.com/basel/wp-content/uploads/2015/06/client1.png</guid>
		<description></description>
		<content:encoded><![CDATA[]]></content:encoded>
		<excerpt:encoded><![CDATA[]]></excerpt:encoded>
		<wp:post_id>391</wp:post_id>
		<wp:post_date>2015-06-21 09:18:46</wp:post_date>
		<wp:post_date_gmt>2015-06-21 09:18:46</wp:post_date_gmt>
		<wp:comment_status>open</wp:comment_status>
		<wp:ping_status>open</wp:ping_status>
		<wp:post_name>client1</wp:post_name>
		<wp:status>inherit</wp:status>
		<wp:post_parent>375</wp:post_parent>
		<wp:menu_order>0</wp:menu_order>
		<wp:post_type>attachment</wp:post_type>
		<wp:post_password></wp:post_password>
		<wp:is_sticky>0</wp:is_sticky>
		<wp:attachment_url>http://demo.xtemos.com/basel/wp-content/uploads/2015/06/client1.png</wp:attachment_url>
		<wp:postmeta>
			<wp:meta_key>_wp_attached_file</wp:meta_key>
			<wp:meta_value><![CDATA[2015/06/client1.png]]></wp:meta_value>
		</wp:postmeta>
	</item>
	<item>
		<title>client2</title>
		<link>http://demo.xtemos.com/basel/our-services/client2/</link>
		<pubDate>Sun, 21 Jun 2015 09:22:41 +0000</pubDate>
		<dc:creator><![CDATA[admin]]></dc:creator>
		<guid isPermaLink="false">http://demo.xtemos.com/basel/wp-content/uploads/2015/06/client2.png</guid>
		<description></description>
		<content:encoded><![CDATA[]]></content:encoded>
		<excerpt:encoded><![CDATA[]]></excerpt:encoded>
		<wp:post_id>395</wp:post_id>
		<wp:post_date>2015-06-21 09:22:41</wp:post_date>
		<wp:post_date_gmt>2015-06-21 09:22:41</wp:post_date_gmt>
		<wp:comment_status>open</wp:comment_status>
		<wp:ping_status>open</wp:ping_status>
		<wp:post_name>client2</wp:post_name>
		<wp:status>inherit</wp:status>
		<wp:post_parent>375</wp:post_parent>
		<wp:menu_order>0</wp:menu_order>
		<wp:post_type>attachment</wp:post_type>
		<wp:post_password></wp:post_password>
		<wp:is_sticky>0</wp:is_sticky>
		<wp:attachment_url>http://demo.xtemos.com/basel/wp-content/uploads/2015/06/client2.png</wp:attachment_url>
		<wp:postmeta>
			<wp:meta_key>_wp_attached_file</wp:meta_key>
			<wp:meta_value><![CDATA[2015/06/client2.png]]></wp:meta_value>
		</wp:postmeta>
	</item>
	<item>
		<title>client3</title>
		<link>http://demo.xtemos.com/basel/our-services/client3/</link>
		<pubDate>Sun, 21 Jun 2015 09:24:08 +0000</pubDate>
		<dc:creator><![CDATA[admin]]></dc:creator>
		<guid isPermaLink="false">http://demo.xtemos.com/basel/wp-content/uploads/2015/06/client3.png</guid>
		<description></description>
		<content:encoded><![CDATA[]]></content:encoded>
		<excerpt:encoded><![CDATA[]]></excerpt:encoded>
		<wp:post_id>396</wp:post_id>
		<wp:post_date>2015-06-21 09:24:08</wp:post_date>
		<wp:post_date_gmt>2015-06-21 09:24:08</wp:post_date_gmt>
		<wp:comment_status>open</wp:comment_status>
		<wp:ping_status>open</wp:ping_status>
		<wp:post_name>client3</wp:post_name>
		<wp:status>inherit</wp:status>
		<wp:post_parent>375</wp:post_parent>
		<wp:menu_order>0</wp:menu_order>
		<wp:post_type>attachment</wp:post_type>
		<wp:post_password></wp:post_password>
		<wp:is_sticky>0</wp:is_sticky>
		<wp:attachment_url>http://demo.xtemos.com/basel/wp-content/uploads/2015/06/client3.png</wp:attachment_url>
		<wp:postmeta>
			<wp:meta_key>_wp_attached_file</wp:meta_key>
			<wp:meta_value><![CDATA[2015/06/client3.png]]></wp:meta_value>
		</wp:postmeta>
	</item>
	<item>
		<title>Our Company</title>
		<link>http://demo.xtemos.com/basel/our-company/</link>
		<pubDate>Sun, 21 Jun 2015 11:03:51 +0000</pubDate>
		<dc:creator><![CDATA[admin]]></dc:creator>
		<guid isPermaLink="false">http://xtemos.com/demo/?page_id=480</guid>
		<description></description>
		<content:encoded><![CDATA[[vc_row full_width="stretch_row" full_height="yes" css=".vc_custom_1451574323383{margin-bottom: 60px !important;background-image: url(http://demo.xtemos.com/basel/wp-content/uploads/2015/06/our-company-1.jpg?id=21969) !important;background-position: center !important;background-repeat: no-repeat !important;background-size: cover !important;}"][vc_column][vc_column_text basel_color_scheme="light" css=".vc_custom_1451389058585{margin-top: 15% !important;margin-bottom: 15% !important;}"]
<h1 style="margin-bottom: -25px; font-size: 68px; text-align: center;"><strong>WE CAN HELP</strong></h1>
<h1 style="text-align: center; margin-bottom: 0px; font-size: 68px;"><strong>YOUR TIME DO IT RIGHT</strong></h1>
<p style="font-size: 18px; margin-bottom: 25px; color: rgba(255,255,255,0.9); text-align: center;">Adipiscing rhoncus at ultrices ullamcorper aenean imperdiet consectetur adipiscing
vestibulum per ullamcorper aenean imperdiet tincidunt parturient.</p>
<p style="text-align: center;"><a class="btn btn-color-white btn-size-large btn-style-bordered" style="margin-right: 10px;" href="#">about us</a><a class="btn btn-size-large btn-color-primary" href="#">contact us</a></p>
[/vc_column_text][/vc_column][/vc_row][vc_row css=".vc_custom_1451575485367{margin-bottom: 65px !important;}"][vc_column width="1/2" css=".vc_custom_1451389567526{padding-right: 40px !important;}"][vc_single_image image="486" img_size="full" css_animation="left-to-right"][/vc_column][vc_column width="1/2"][vc_column_text css=".vc_custom_1451556344239{margin-bottom: 30px !important;}"]
<h1 style="margin-bottom: 15px;"><strong>WHY <span style="color: red;">X</span>-TEMOS A PASSIONATE FROM WORDPRESS STUDIO?</strong></h1>
Aliquam pulvinar pellentesque purus, nec condimentum nibh. Aenean dapibus iaculis odio id vestibulum. Nam at justo ante. Aenean hendrerit gravida ligula, id lacinia sapien tristique eget. In elit ipsum, vestibulum eu pulvinar.[/vc_column_text][vc_row_inner][vc_column_inner width="1/2"][vc_column_text css=".vc_custom_1451574203392{margin-bottom: 30px !important;}"]
<h5 style="margin-bottom: 15px;"><strong>GRAPHIC DESIGN</strong></h5>
Curabitur lacinia tristique velit ut laoreet. Nam pretium id risus vitae fermentum. Aenean eu euismod justo. Aliquam sodales tortor elit.[/vc_column_text][vc_column_text css=".vc_custom_1451574259728{margin-bottom: 30px !important;}"]
<h5 style="margin-bottom: 15px;"><strong>VIDEO EDITION</strong></h5>
Curabitur lacinia tristique velit ut laoreet. Nam pretium id risus vitae fermentum. Aenean eu euismod justo. Aliquam sodales tortor elit.[/vc_column_text][/vc_column_inner][vc_column_inner width="1/2"][vc_column_text css=".vc_custom_1451574246112{margin-bottom: 30px !important;}"]
<h5 style="margin-bottom: 15px;"><strong>WEB DEVELOPMENT</strong></h5>
Curabitur lacinia tristique velit ut laoreet. Nam pretium id risus vitae fermentum. Aenean eu euismod justo. Aliquam sodales tortor elit.[/vc_column_text][vc_column_text css=".vc_custom_1451574275702{margin-bottom: 30px !important;}"]
<h5 style="margin-bottom: 15px;"><strong>BRANDING</strong></h5>
Curabitur lacinia tristique velit ut laoreet. Nam pretium id risus vitae fermentum. Aenean eu euismod justo. Aliquam sodales tortor elit.[/vc_column_text][/vc_column_inner][/vc_row_inner][basel_button color="primary" title="more info" link="http://#"][/vc_column][/vc_row][vc_row full_width="stretch_row" css=".vc_custom_1451575495129{margin-bottom: 45px !important;padding-top: 50px !important;padding-bottom: 70px !important;background-image: url(http://demo.xtemos.com/basel/wp-content/uploads/2015/06/section-our-service-7.jpg?id=21516) !important;background-position: center !important;background-repeat: no-repeat !important;background-size: cover !important;}"][vc_column basel_color_scheme="light"][vc_row_inner css=".vc_custom_1450023659115{margin-bottom: 60px !important;}"][vc_column_inner][vc_column_text css=".vc_custom_1451575532821{margin-bottom: 20px !important;}"]
<h1 style="text-align: center; font-size: 52px;"><strong>LOOKING FOR EXPERIENCED AGENCY?</strong></h1>
[/vc_column_text][/vc_column_inner][/vc_row_inner][vc_row_inner css=".vc_custom_1450023674178{margin-bottom: 0px !important;}"][vc_column_inner width="1/4" css=".vc_custom_1438783347292{margin-bottom: 40px !important;}"][vc_icon type="linecons" icon_linecons="vc_li vc_li-display" color="custom" background_style="rounded-outline" background_color="white" size="lg" align="center" custom_color="#ffffff" css=".vc_custom_1450023573927{margin-bottom: 20px !important;}"][basel_counter label="WEB PAGES READY" value="1500" initial_value="1"][/vc_column_inner][vc_column_inner width="1/4" css=".vc_custom_1438783353284{margin-bottom: 40px !important;}"][vc_icon type="linecons" icon_linecons="vc_li vc_li-bubble" color="custom" background_style="rounded-outline" background_color="white" size="lg" align="center" custom_color="#ffffff" css=".vc_custom_1450023616351{margin-bottom: 20px !important;}"][basel_counter label="CUSTOMERS REVIEWS" value="150" initial_value="1"][/vc_column_inner][vc_column_inner width="1/4" css=".vc_custom_1438783357796{margin-bottom: 40px !important;}"][vc_icon type="linecons" icon_linecons="vc_li vc_li-settings" color="custom" background_style="rounded-outline" background_color="white" size="lg" align="center" custom_color="#ffffff" css=".vc_custom_1450023589607{margin-bottom: 20px !important;}"][basel_counter label="YEARS OF DEVELOPING" value="5" initial_value="1"][/vc_column_inner][vc_column_inner width="1/4" css=".vc_custom_1438783362371{margin-bottom: 40px !important;}"][vc_icon type="linecons" icon_linecons="vc_li vc_li-like" color="custom" background_style="rounded-outline" background_color="white" size="lg" align="center" custom_color="#ffffff" css=".vc_custom_1450023438575{margin-bottom: 20px !important;}"][basel_counter label="FACEBOOK LIKES" value="1500" initial_value="1"][/vc_column_inner][/vc_row_inner][/vc_column][/vc_row][vc_row content_placement="middle" css=".vc_custom_1451575683370{margin-top: -40px !important;margin-bottom: 45px !important;}"][vc_column width="1/3" el_class="text-right"][vc_column_text css=".vc_custom_1451573963670{margin-bottom: 30px !important;}"]
<h5 style="margin-bottom: 10px;"><strong>PARALLAX SLIDER BACKGROUNDS</strong><i class="fa fa-rocket" style="color: #cecece; font-size: 34px; vertical-align: middle; margin-left: 15px;"></i></h5>
Curabitur lacinia triique risus velit is laoreet. Pretium risus vitae risus vitae fermentum. Aenean eu risus lacinia euismod.[/vc_column_text][vc_column_text css=".vc_custom_1451573971556{margin-bottom: 30px !important;}"]
<h5 style="margin-bottom: 10px;"><strong>LOOKS AWESOME IN ALL DEVICES</strong><i class="fa fa-mobile" style="color: #cecece; font-size: 40px; vertical-align: middle; margin-left: 15px;"></i></h5>
Curabitur lacinia triique risus velit is laoreet. Pretium risus vitae risus vitae fermentum. Aenean eu risus lacinia euismod.[/vc_column_text][vc_column_text css=".vc_custom_1451573979192{margin-bottom: 30px !important;}"]
<h5 style="margin-bottom: 10px;"><strong>WORDPRESS SUPPORT</strong><i class="fa fa-wordpress" style="color: #cecece; font-size: 34px; vertical-align: middle; margin-left: 15px;"></i></h5>
Curabitur lacinia triique risus velit is laoreet. Pretium risus vitae risus vitae fermentum. Aenean eu risus lacinia euismod.[/vc_column_text][/vc_column][vc_column width="1/3"][vc_single_image image="22204" img_size="full" alignment="center" css_animation="bottom-to-top"][/vc_column][vc_column width="1/3"][vc_column_text css=".vc_custom_1451573935276{margin-bottom: 30px !important;}"]
<h5 style="margin-bottom: 10px;"><i class="fa fa-desktop" style="color: #cecece; font-size: 34px; vertical-align: middle; margin-right: 15px;"></i><strong>CREATIVE DESIGN LAYOUTS</strong></h5>
Curabitur lacinia triique risus velit is laoreet. Pretium risus vitae risus vitae fermentum. Aenean eu risus lacinia euismod.[/vc_column_text][vc_column_text css=".vc_custom_1451573947924{margin-bottom: 30px !important;}"]
<h5 style="margin-bottom: 10px;"><i class="fa fa-cube" style="color: #cecece; font-size: 34px; vertical-align: middle; margin-right: 15px;"></i><strong>DRAG &amp; DROP VISUAL PAGE BUILDER</strong></h5>
Curabitur lacinia triique risus velit is laoreet. Pretiu mrisus vitae risus vitae fermentum. Aenean eu risus lacinia euismod.[/vc_column_text][vc_column_text css=".vc_custom_1451573955684{margin-bottom: 30px !important;}"]
<h5 style="margin-bottom: 10px;"><i class="fa fa-pencil-square-o" style="color: #cecece; font-size: 34px; vertical-align: middle; margin-right: 15px;"></i><strong>POWERFUL BLOG LAYOUT</strong></h5>
Curabitur lacinia triique risus velit is laoreet. Pretium risus vitae risus vitae fermentum. Aenean eu risus lacinia euismod.[/vc_column_text][/vc_column][/vc_row][vc_row full_width="stretch_row" content_placement="middle" css=".vc_custom_1451575881924{margin-bottom: 60px !important;padding-top: 15px !important;padding-bottom: 50px !important;background-color: #f9f9f9 !important;background-position: center !important;background-repeat: no-repeat !important;background-size: cover !important;}"][vc_column width="1/3" css=".vc_custom_1451574946836{padding-top: 20px !important;padding-bottom: 20px !important;}"][vc_column_text css=".vc_custom_1450026437548{margin-bottom: 0px !important;border-right-width: 1px !important;padding-top: 20px !important;padding-right: 20px !important;padding-bottom: 20px !important;border-right-color: #efefef !important;border-right-style: solid !important;}"]
<h2 style="text-align: right;"><strong>OUR CLIENTS SAYS:</strong></h2>
<p class="font-alt" style="text-align: right; color: #878787; font-size: 16px;">Read client’s opinions about posuere suspendisse
congue aliquet dis penatibus netus tempor a lorem</p>
[/vc_column_text][/vc_column][vc_column width="2/3"][testimonials][testimonial name="John Doe" title="CEO envato" image="391"]The standard chunk of Lorem Ipsum used since the 1500s is reproduced below for those interested. Sections 1.10.32 and 1.10.33 from "de Finibus Bonorum et Malorum" by Cicero are[/testimonial][testimonial name="Joahna Doe" title="Support X-temos" image="395"]Sections 1.10.32 and 1.10.33 from "de Finibus Bonorum et Malorum" by Cicero are. The standard chunk of Lorem Ipsum used since the 1500s is reproduced below for those interested.[/testimonial][testimonial name="Joahna Doe" title="Support X-temos" image="396"]Sections 1.10.32 and 1.10.33 from "de Finibus Bonorum et Malorum" by Cicero are. The standard chunk of Lorem Ipsum used since the 1500s is reproduced below for those interested.[/testimonial][/testimonials][/vc_column][/vc_row][vc_row content_placement="middle" css=".vc_custom_1451577043146{margin-bottom: 0px !important;}"][vc_column width="1/2" css=".vc_custom_1438784954834{margin-bottom: 40px !important;}"][vc_column_text]
<h2><strong>OUR SKILLSFORCE</strong></h2>
Parturient suspendisse aliquet condimentum posuere montes massa netus adipiscing a id at suspendisse vestibulum malesuada vestibulum quam inceptos a magnis purus eu. Scelerisque hendrerit quam condimentum vulputate tristique[/vc_column_text][vc_progress_bar values="%5B%7B%22label%22%3A%22Development%22%2C%22value%22%3A%2290%22%2C%22customcolor%22%3A%22%23196767%22%7D%2C%7B%22label%22%3A%22Design%22%2C%22value%22%3A%2280%22%2C%22customcolor%22%3A%22%23196767%22%7D%2C%7B%22label%22%3A%22Development%22%2C%22value%22%3A%2290%22%2C%22customcolor%22%3A%22%23196767%22%7D%2C%7B%22label%22%3A%22Design%22%2C%22value%22%3A%2280%22%2C%22customcolor%22%3A%22%23196767%22%7D%2C%7B%22label%22%3A%22Marketing%22%2C%22value%22%3A%2270%22%2C%22customcolor%22%3A%22%23196767%22%7D%5D" bgcolor="custom" custombgcolor="#1daaa3" customtxtcolor="#ffffff"][/vc_column][vc_column width="1/2" css=".vc_custom_1438784968106{margin-bottom: 40px !important;}"][vc_single_image image="22032" img_size="full" alignment="center" css_animation="right-to-left"][/vc_column][/vc_row][vc_row full_width="stretch_row" content_placement="middle" css=".vc_custom_1451126695072{background-position: center !important;background-repeat: no-repeat !important;background-size: cover !important;}"][vc_column basel_color_scheme="dark"][basel_title style="bordered" color="black" size="extra-large" title="<strong>DO YOU HAVE ANY QUESTIONS FOR US?</strong>" css=".vc_custom_1451146250309{margin-bottom: 60px !important;}" after_title="A augue praesent penatibus nunc eleifend eros elementum parturient fames dignissim dis
facilisis donec a ornare laoreet id a suspendisse dignissim id a ultricies per."][contact-form-7 id="460"][/vc_column][/vc_row][vc_row full_width="stretch_row" css=".vc_custom_1451577000915{margin-top: 0px !important;margin-bottom: -20px !important;}"][vc_column][vc_images_carousel images="21064,21062,21063,21061,21059,21060" img_size="full" onclick="custom_link" slides_per_view="6" hide_pagination_control="yes" hide_prev_next_buttons="yes" css=".vc_custom_1451127402142{margin-bottom: 0px !important;}" custom_links="demo.xtemos.com/basel/product-category/bags/,demo.xtemos.com/basel/product-category/accessories/,demo.xtemos.com/basel/product-category/man/,demo.xtemos.com/basel/product-category/shoes/,demo.xtemos.com/basel/product-category/watches/,demo.xtemos.com/basel/product-category/woman/"][/vc_column][/vc_row]]]></content:encoded>
		<excerpt:encoded><![CDATA[]]></excerpt:encoded>
		<wp:post_id>480</wp:post_id>
		<wp:post_date>2015-06-21 11:03:51</wp:post_date>
		<wp:post_date_gmt>2015-06-21 11:03:51</wp:post_date_gmt>
		<wp:comment_status>closed</wp:comment_status>
		<wp:ping_status>open</wp:ping_status>
		<wp:post_name>our-company</wp:post_name>
		<wp:status>publish</wp:status>
		<wp:post_parent>0</wp:post_parent>
		<wp:menu_order>0</wp:menu_order>
		<wp:post_type>page</wp:post_type>
		<wp:post_password></wp:post_password>
		<wp:is_sticky>0</wp:is_sticky>
		<wp:postmeta>
			<wp:meta_key>_wp_page_template</wp:meta_key>
			<wp:meta_value><![CDATA[default]]></wp:meta_value>
		</wp:postmeta>
		<wp:postmeta>
			<wp:meta_key>_basel_main_layout</wp:meta_key>
			<wp:meta_value><![CDATA[full-width]]></wp:meta_value>
		</wp:postmeta>
		<wp:postmeta>
			<wp:meta_key>_wpb_shortcodes_custom_css</wp:meta_key>
			<wp:meta_value><![CDATA[.vc_custom_1451574323383{margin-bottom: 60px !important;background-image: url(http://demo.xtemos.com/basel/wp-content/uploads/2015/06/our-company-1.jpg?id=21969) !important;background-position: center !important;background-repeat: no-repeat !important;background-size: cover !important;}.vc_custom_1451575485367{margin-bottom: 65px !important;}.vc_custom_1451575495129{margin-bottom: 45px !important;padding-top: 50px !important;padding-bottom: 70px !important;background-image: url(http://demo.xtemos.com/basel/wp-content/uploads/2015/06/section-our-service-7.jpg?id=21516) !important;background-position: center !important;background-repeat: no-repeat !important;background-size: cover !important;}.vc_custom_1451575683370{margin-top: -40px !important;margin-bottom: 45px !important;}.vc_custom_1451575881924{margin-bottom: 60px !important;padding-top: 15px !important;padding-bottom: 50px !important;background-color: #f9f9f9 !important;background-position: center !important;background-repeat: no-repeat !important;background-size: cover !important;}.vc_custom_1451577043146{margin-bottom: 0px !important;}.vc_custom_1451126695072{background-position: center !important;background-repeat: no-repeat !important;background-size: cover !important;}.vc_custom_1451577000915{margin-top: 0px !important;margin-bottom: -20px !important;}.vc_custom_1451389058585{margin-top: 15% !important;margin-bottom: 15% !important;}.vc_custom_1451389567526{padding-right: 40px !important;}.vc_custom_1451556344239{margin-bottom: 30px !important;}.vc_custom_1451574203392{margin-bottom: 30px !important;}.vc_custom_1451574259728{margin-bottom: 30px !important;}.vc_custom_1451574246112{margin-bottom: 30px !important;}.vc_custom_1451574275702{margin-bottom: 30px !important;}.vc_custom_1450023659115{margin-bottom: 60px !important;}.vc_custom_1450023674178{margin-bottom: 0px !important;}.vc_custom_1451575532821{margin-bottom: 20px !important;}.vc_custom_1438783347292{margin-bottom: 40px !important;}.vc_custom_1438783353284{margin-bottom: 40px !important;}.vc_custom_1438783357796{margin-bottom: 40px !important;}.vc_custom_1438783362371{margin-bottom: 40px !important;}.vc_custom_1450023573927{margin-bottom: 20px !important;}.vc_custom_1450023616351{margin-bottom: 20px !important;}.vc_custom_1450023589607{margin-bottom: 20px !important;}.vc_custom_1450023438575{margin-bottom: 20px !important;}.vc_custom_1451573963670{margin-bottom: 30px !important;}.vc_custom_1451573971556{margin-bottom: 30px !important;}.vc_custom_1451573979192{margin-bottom: 30px !important;}.vc_custom_1451573935276{margin-bottom: 30px !important;}.vc_custom_1451573947924{margin-bottom: 30px !important;}.vc_custom_1451573955684{margin-bottom: 30px !important;}.vc_custom_1451574946836{padding-top: 20px !important;padding-bottom: 20px !important;}.vc_custom_1450026437548{margin-bottom: 0px !important;border-right-width: 1px !important;padding-top: 20px !important;padding-right: 20px !important;padding-bottom: 20px !important;border-right-color: #efefef !important;border-right-style: solid !important;}.vc_custom_1438784954834{margin-bottom: 40px !important;}.vc_custom_1438784968106{margin-bottom: 40px !important;}.vc_custom_1451146250309{margin-bottom: 60px !important;}.vc_custom_1451127402142{margin-bottom: 0px !important;}]]></wp:meta_value>
		</wp:postmeta>
		<wp:postmeta>
			<wp:meta_key>_basel_title_off</wp:meta_key>
			<wp:meta_value><![CDATA[on]]></wp:meta_value>
		</wp:postmeta>
		<wp:postmeta>
			<wp:meta_key>_basel_header</wp:meta_key>
			<wp:meta_value><![CDATA[shop]]></wp:meta_value>
		</wp:postmeta>
		<wp:postmeta>
			<wp:meta_key>_basel_header_color_scheme</wp:meta_key>
			<wp:meta_value><![CDATA[light]]></wp:meta_value>
		</wp:postmeta>
		<wp:postmeta>
			<wp:meta_key>_basel_header-overlap</wp:meta_key>
			<wp:meta_value><![CDATA[on]]></wp:meta_value>
		</wp:postmeta>
	</item>
	<item>
		<title>company2</title>
		<link>http://demo.xtemos.com/basel/our-company/company2/</link>
		<pubDate>Sun, 21 Jun 2015 11:05:42 +0000</pubDate>
		<dc:creator><![CDATA[admin]]></dc:creator>
		<guid isPermaLink="false">http://demo.xtemos.com/basel/wp-content/uploads/2015/06/company2.jpg</guid>
		<description></description>
		<content:encoded><![CDATA[]]></content:encoded>
		<excerpt:encoded><![CDATA[]]></excerpt:encoded>
		<wp:post_id>486</wp:post_id>
		<wp:post_date>2015-06-21 11:05:42</wp:post_date>
		<wp:post_date_gmt>2015-06-21 11:05:42</wp:post_date_gmt>
		<wp:comment_status>open</wp:comment_status>
		<wp:ping_status>open</wp:ping_status>
		<wp:post_name>company2</wp:post_name>
		<wp:status>inherit</wp:status>
		<wp:post_parent>480</wp:post_parent>
		<wp:menu_order>0</wp:menu_order>
		<wp:post_type>attachment</wp:post_type>
		<wp:post_password></wp:post_password>
		<wp:is_sticky>0</wp:is_sticky>
		<wp:attachment_url>http://demo.xtemos.com/basel/wp-content/uploads/2015/06/company2.jpg</wp:attachment_url>
		<wp:postmeta>
			<wp:meta_key>_wp_attached_file</wp:meta_key>
			<wp:meta_value><![CDATA[2015/06/company2.jpg]]></wp:meta_value>
		</wp:postmeta>
	</item>
	<item>
		<title>logo-1</title>
		<link>http://demo.xtemos.com/basel/logo-1/</link>
		<pubDate>Sun, 29 Nov 2015 14:59:54 +0000</pubDate>
		<dc:creator><![CDATA[kabina57]]></dc:creator>
		<guid isPermaLink="false">http://demo.xtemos.com/basel/wp-content/uploads/2015/07/logo-1.png</guid>
		<description></description>
		<content:encoded><![CDATA[]]></content:encoded>
		<excerpt:encoded><![CDATA[]]></excerpt:encoded>
		<wp:post_id>21059</wp:post_id>
		<wp:post_date>2015-11-29 14:59:54</wp:post_date>
		<wp:post_date_gmt>2015-11-29 14:59:54</wp:post_date_gmt>
		<wp:comment_status>open</wp:comment_status>
		<wp:ping_status>closed</wp:ping_status>
		<wp:post_name>logo-1</wp:post_name>
		<wp:status>inherit</wp:status>
		<wp:post_parent>0</wp:post_parent>
		<wp:menu_order>0</wp:menu_order>
		<wp:post_type>attachment</wp:post_type>
		<wp:post_password></wp:post_password>
		<wp:is_sticky>0</wp:is_sticky>
		<wp:attachment_url>http://demo.xtemos.com/basel/wp-content/uploads/2015/07/logo-1.png</wp:attachment_url>
		<wp:postmeta>
			<wp:meta_key>_wp_attached_file</wp:meta_key>
			<wp:meta_value><![CDATA[2015/07/logo-1.png]]></wp:meta_value>
		</wp:postmeta>
	</item>
	<item>
		<title>logo-2</title>
		<link>http://demo.xtemos.com/basel/logo-2/</link>
		<pubDate>Sun, 29 Nov 2015 14:59:54 +0000</pubDate>
		<dc:creator><![CDATA[kabina57]]></dc:creator>
		<guid isPermaLink="false">http://demo.xtemos.com/basel/wp-content/uploads/2015/07/logo-2.png</guid>
		<description></description>
		<content:encoded><![CDATA[]]></content:encoded>
		<excerpt:encoded><![CDATA[]]></excerpt:encoded>
		<wp:post_id>21060</wp:post_id>
		<wp:post_date>2015-11-29 14:59:54</wp:post_date>
		<wp:post_date_gmt>2015-11-29 14:59:54</wp:post_date_gmt>
		<wp:comment_status>open</wp:comment_status>
		<wp:ping_status>closed</wp:ping_status>
		<wp:post_name>logo-2</wp:post_name>
		<wp:status>inherit</wp:status>
		<wp:post_parent>0</wp:post_parent>
		<wp:menu_order>0</wp:menu_order>
		<wp:post_type>attachment</wp:post_type>
		<wp:post_password></wp:post_password>
		<wp:is_sticky>0</wp:is_sticky>
		<wp:attachment_url>http://demo.xtemos.com/basel/wp-content/uploads/2015/07/logo-2.png</wp:attachment_url>
		<wp:postmeta>
			<wp:meta_key>_wp_attached_file</wp:meta_key>
			<wp:meta_value><![CDATA[2015/07/logo-2.png]]></wp:meta_value>
		</wp:postmeta>
	</item>
	<item>
		<title>logo-3</title>
		<link>http://demo.xtemos.com/basel/logo-3/</link>
		<pubDate>Sun, 29 Nov 2015 14:59:55 +0000</pubDate>
		<dc:creator><![CDATA[kabina57]]></dc:creator>
		<guid isPermaLink="false">http://demo.xtemos.com/basel/wp-content/uploads/2015/07/logo-3.png</guid>
		<description></description>
		<content:encoded><![CDATA[]]></content:encoded>
		<excerpt:encoded><![CDATA[]]></excerpt:encoded>
		<wp:post_id>21061</wp:post_id>
		<wp:post_date>2015-11-29 14:59:55</wp:post_date>
		<wp:post_date_gmt>2015-11-29 14:59:55</wp:post_date_gmt>
		<wp:comment_status>open</wp:comment_status>
		<wp:ping_status>closed</wp:ping_status>
		<wp:post_name>logo-3</wp:post_name>
		<wp:status>inherit</wp:status>
		<wp:post_parent>0</wp:post_parent>
		<wp:menu_order>0</wp:menu_order>
		<wp:post_type>attachment</wp:post_type>
		<wp:post_password></wp:post_password>
		<wp:is_sticky>0</wp:is_sticky>
		<wp:attachment_url>http://demo.xtemos.com/basel/wp-content/uploads/2015/07/logo-3.png</wp:attachment_url>
		<wp:postmeta>
			<wp:meta_key>_wp_attached_file</wp:meta_key>
			<wp:meta_value><![CDATA[2015/07/logo-3.png]]></wp:meta_value>
		</wp:postmeta>
	</item>
	<item>
		<title>logo-4</title>
		<link>http://demo.xtemos.com/basel/logo-4/</link>
		<pubDate>Sun, 29 Nov 2015 14:59:56 +0000</pubDate>
		<dc:creator><![CDATA[kabina57]]></dc:creator>
		<guid isPermaLink="false">http://demo.xtemos.com/basel/wp-content/uploads/2015/07/logo-4.png</guid>
		<description></description>
		<content:encoded><![CDATA[]]></content:encoded>
		<excerpt:encoded><![CDATA[]]></excerpt:encoded>
		<wp:post_id>21062</wp:post_id>
		<wp:post_date>2015-11-29 14:59:56</wp:post_date>
		<wp:post_date_gmt>2015-11-29 14:59:56</wp:post_date_gmt>
		<wp:comment_status>open</wp:comment_status>
		<wp:ping_status>closed</wp:ping_status>
		<wp:post_name>logo-4</wp:post_name>
		<wp:status>inherit</wp:status>
		<wp:post_parent>0</wp:post_parent>
		<wp:menu_order>0</wp:menu_order>
		<wp:post_type>attachment</wp:post_type>
		<wp:post_password></wp:post_password>
		<wp:is_sticky>0</wp:is_sticky>
		<wp:attachment_url>http://demo.xtemos.com/basel/wp-content/uploads/2015/07/logo-4.png</wp:attachment_url>
		<wp:postmeta>
			<wp:meta_key>_wp_attached_file</wp:meta_key>
			<wp:meta_value><![CDATA[2015/07/logo-4.png]]></wp:meta_value>
		</wp:postmeta>
	</item>
	<item>
		<title>logo-5</title>
		<link>http://demo.xtemos.com/basel/logo-5/</link>
		<pubDate>Sun, 29 Nov 2015 14:59:56 +0000</pubDate>
		<dc:creator><![CDATA[kabina57]]></dc:creator>
		<guid isPermaLink="false">http://demo.xtemos.com/basel/wp-content/uploads/2015/07/logo-5.png</guid>
		<description></description>
		<content:encoded><![CDATA[]]></content:encoded>
		<excerpt:encoded><![CDATA[]]></excerpt:encoded>
		<wp:post_id>21063</wp:post_id>
		<wp:post_date>2015-11-29 14:59:56</wp:post_date>
		<wp:post_date_gmt>2015-11-29 14:59:56</wp:post_date_gmt>
		<wp:comment_status>open</wp:comment_status>
		<wp:ping_status>closed</wp:ping_status>
		<wp:post_name>logo-5</wp:post_name>
		<wp:status>inherit</wp:status>
		<wp:post_parent>0</wp:post_parent>
		<wp:menu_order>0</wp:menu_order>
		<wp:post_type>attachment</wp:post_type>
		<wp:post_password></wp:post_password>
		<wp:is_sticky>0</wp:is_sticky>
		<wp:attachment_url>http://demo.xtemos.com/basel/wp-content/uploads/2015/07/logo-5.png</wp:attachment_url>
		<wp:postmeta>
			<wp:meta_key>_wp_attached_file</wp:meta_key>
			<wp:meta_value><![CDATA[2015/07/logo-5.png]]></wp:meta_value>
		</wp:postmeta>
	</item>
	<item>
		<title>logo-6</title>
		<link>http://demo.xtemos.com/basel/logo-6/</link>
		<pubDate>Sun, 29 Nov 2015 14:59:57 +0000</pubDate>
		<dc:creator><![CDATA[kabina57]]></dc:creator>
		<guid isPermaLink="false">http://demo.xtemos.com/basel/wp-content/uploads/2015/07/logo-6.png</guid>
		<description></description>
		<content:encoded><![CDATA[]]></content:encoded>
		<excerpt:encoded><![CDATA[]]></excerpt:encoded>
		<wp:post_id>21064</wp:post_id>
		<wp:post_date>2015-11-29 14:59:57</wp:post_date>
		<wp:post_date_gmt>2015-11-29 14:59:57</wp:post_date_gmt>
		<wp:comment_status>open</wp:comment_status>
		<wp:ping_status>closed</wp:ping_status>
		<wp:post_name>logo-6</wp:post_name>
		<wp:status>inherit</wp:status>
		<wp:post_parent>0</wp:post_parent>
		<wp:menu_order>0</wp:menu_order>
		<wp:post_type>attachment</wp:post_type>
		<wp:post_password></wp:post_password>
		<wp:is_sticky>0</wp:is_sticky>
		<wp:attachment_url>http://demo.xtemos.com/basel/wp-content/uploads/2015/07/logo-6.png</wp:attachment_url>
		<wp:postmeta>
			<wp:meta_key>_wp_attached_file</wp:meta_key>
			<wp:meta_value><![CDATA[2015/07/logo-6.png]]></wp:meta_value>
		</wp:postmeta>
	</item>
	<item>
		<title>our-company-2</title>
		<link>http://demo.xtemos.com/basel/our-company/our-company-2/</link>
		<pubDate>Tue, 29 Dec 2015 12:34:05 +0000</pubDate>
		<dc:creator><![CDATA[kabina57]]></dc:creator>
		<guid isPermaLink="false">http://demo.xtemos.com/basel/wp-content/uploads/2015/06/our-company-2.jpg</guid>
		<description></description>
		<content:encoded><![CDATA[]]></content:encoded>
		<excerpt:encoded><![CDATA[]]></excerpt:encoded>
		<wp:post_id>22032</wp:post_id>
		<wp:post_date>2015-12-29 12:34:05</wp:post_date>
		<wp:post_date_gmt>2015-12-29 12:34:05</wp:post_date_gmt>
		<wp:comment_status>open</wp:comment_status>
		<wp:ping_status>closed</wp:ping_status>
		<wp:post_name>our-company-2</wp:post_name>
		<wp:status>inherit</wp:status>
		<wp:post_parent>480</wp:post_parent>
		<wp:menu_order>0</wp:menu_order>
		<wp:post_type>attachment</wp:post_type>
		<wp:post_password></wp:post_password>
		<wp:is_sticky>0</wp:is_sticky>
		<wp:attachment_url>http://demo.xtemos.com/basel/wp-content/uploads/2015/06/our-company-2.jpg</wp:attachment_url>
		<wp:postmeta>
			<wp:meta_key>_wp_attached_file</wp:meta_key>
			<wp:meta_value><![CDATA[2015/06/our-company-2.jpg]]></wp:meta_value>
		</wp:postmeta>
	</item>
	<item>
		<title>Iphone-mackup-1</title>
		<link>http://demo.xtemos.com/basel/our-company/iphone-mackup-1/</link>
		<pubDate>Thu, 31 Dec 2015 11:56:44 +0000</pubDate>
		<dc:creator><![CDATA[kabina57]]></dc:creator>
		<guid isPermaLink="false">http://demo.xtemos.com/basel/wp-content/uploads/2015/06/Iphone-mackup-1.jpg</guid>
		<description></description>
		<content:encoded><![CDATA[]]></content:encoded>
		<excerpt:encoded><![CDATA[]]></excerpt:encoded>
		<wp:post_id>22204</wp:post_id>
		<wp:post_date>2015-12-31 11:56:44</wp:post_date>
		<wp:post_date_gmt>2015-12-31 11:56:44</wp:post_date_gmt>
		<wp:comment_status>open</wp:comment_status>
		<wp:ping_status>closed</wp:ping_status>
		<wp:post_name>iphone-mackup-1</wp:post_name>
		<wp:status>inherit</wp:status>
		<wp:post_parent>480</wp:post_parent>
		<wp:menu_order>0</wp:menu_order>
		<wp:post_type>attachment</wp:post_type>
		<wp:post_password></wp:post_password>
		<wp:is_sticky>0</wp:is_sticky>
		<wp:attachment_url>http://demo.xtemos.com/basel/wp-content/uploads/2015/06/Iphone-mackup-1.jpg</wp:attachment_url>
		<wp:postmeta>
			<wp:meta_key>_wp_attached_file</wp:meta_key>
			<wp:meta_value><![CDATA[2015/06/Iphone-mackup-1.jpg]]></wp:meta_value>
		</wp:postmeta>
	</item>
</channel>
</rss>
