<?xml version="1.0" encoding="UTF-8" ?>
<!-- This is a WordPress eXtended RSS file generated by WordPress as an export of your site. -->
<!-- It contains information about your site's posts, pages, comments, categories, and other content. -->
<!-- You may use this file to transfer that content from one site to another. -->
<!-- This file is not intended to serve as a complete backup of your site. -->

<!-- To import this information into a WordPress site follow these steps: -->
<!-- 1. Log in to that site as an administrator. -->
<!-- 2. Go to Tools: Import in the WordPress admin panel. -->
<!-- 3. Install the "WordPress" importer from the list. -->
<!-- 4. Activate & Run Importer. -->
<!-- 5. Upload this file using the form provided on that page. -->
<!-- 6. You will first be asked to map the authors in this export file to users -->
<!--    on the site. For each author, you may choose to map to an -->
<!--    existing user on the site or to create a new user. -->
<!-- 7. WordPress will then import each of the posts, pages, comments, categories, etc. -->
<!--    contained in this file into your site. -->

<!-- generator="WordPress/4.4" created="2015-12-22 18:18" -->
<rss version="2.0"
	xmlns:excerpt="http://wordpress.org/export/1.2/excerpt/"
	xmlns:content="http://purl.org/rss/1.0/modules/content/"
	xmlns:wfw="http://wellformedweb.org/CommentAPI/"
	xmlns:dc="http://purl.org/dc/elements/1.1/"
	xmlns:wp="http://wordpress.org/export/1.2/"
>

<channel>
	<title>admin</title>
	<link>http://xtemos.com/dummy/basel2</link>
	<description>Just another WordPress site</description>
	<pubDate>Tue, 22 Dec 2015 18:18:12 +0000</pubDate>
	<language>en-US</language>
	<wp:wxr_version>1.2</wp:wxr_version>
	<wp:base_site_url>http://xtemos.com/dummy/basel2</wp:base_site_url>
	<wp:base_blog_url>http://xtemos.com/dummy/basel2</wp:base_blog_url>

	<wp:author><wp:author_id>1</wp:author_id><wp:author_login>admin</wp:author_login><wp:author_email>admin@basel.as</wp:author_email><wp:author_display_name><![CDATA[admin]]></wp:author_display_name><wp:author_first_name><![CDATA[]]></wp:author_first_name><wp:author_last_name><![CDATA[]]></wp:author_last_name></wp:author>


	<generator>https://wordpress.org/?v=4.4</generator>

	<item>
		<title>logo-1</title>
		<link>http://xtemos.com/dummy/basel2/home-hero-slider/logo-1/</link>
		<pubDate>Thu, 17 Dec 2015 17:05:12 +0000</pubDate>
		<dc:creator><![CDATA[admin]]></dc:creator>
		<guid isPermaLink="false">http://xtemos.com/dummy/basel2/wp-content/uploads/2015/12/logo-1-1.png</guid>
		<description></description>
		<content:encoded><![CDATA[]]></content:encoded>
		<excerpt:encoded><![CDATA[]]></excerpt:encoded>
		<wp:post_id>80</wp:post_id>
		<wp:post_date>2015-12-17 17:05:12</wp:post_date>
		<wp:post_date_gmt>2015-12-17 17:05:12</wp:post_date_gmt>
		<wp:comment_status>open</wp:comment_status>
		<wp:ping_status>closed</wp:ping_status>
		<wp:post_name>logo-1</wp:post_name>
		<wp:status>inherit</wp:status>
		<wp:post_parent>69</wp:post_parent>
		<wp:menu_order>0</wp:menu_order>
		<wp:post_type>attachment</wp:post_type>
		<wp:post_password></wp:post_password>
		<wp:is_sticky>0</wp:is_sticky>
		<wp:attachment_url>http://xtemos.com/dummy/basel2/wp-content/uploads/2015/12/logo-1-1.png</wp:attachment_url>
		<wp:postmeta>
			<wp:meta_key>_wp_attached_file</wp:meta_key>
			<wp:meta_value><![CDATA[2015/12/logo-1-1.png]]></wp:meta_value>
		</wp:postmeta>
	</item>
	<item>
		<title>logo-3</title>
		<link>http://xtemos.com/dummy/basel2/home-hero-slider/logo-3/</link>
		<pubDate>Thu, 17 Dec 2015 17:05:12 +0000</pubDate>
		<dc:creator><![CDATA[admin]]></dc:creator>
		<guid isPermaLink="false">http://xtemos.com/dummy/basel2/wp-content/uploads/2015/12/logo-3-1.png</guid>
		<description></description>
		<content:encoded><![CDATA[]]></content:encoded>
		<excerpt:encoded><![CDATA[]]></excerpt:encoded>
		<wp:post_id>95</wp:post_id>
		<wp:post_date>2015-12-17 17:05:12</wp:post_date>
		<wp:post_date_gmt>2015-12-17 17:05:12</wp:post_date_gmt>
		<wp:comment_status>open</wp:comment_status>
		<wp:ping_status>closed</wp:ping_status>
		<wp:post_name>logo-3</wp:post_name>
		<wp:status>inherit</wp:status>
		<wp:post_parent>69</wp:post_parent>
		<wp:menu_order>0</wp:menu_order>
		<wp:post_type>attachment</wp:post_type>
		<wp:post_password></wp:post_password>
		<wp:is_sticky>0</wp:is_sticky>
		<wp:attachment_url>http://xtemos.com/dummy/basel2/wp-content/uploads/2015/12/logo-3-1.png</wp:attachment_url>
		<wp:postmeta>
			<wp:meta_key>_wp_attached_file</wp:meta_key>
			<wp:meta_value><![CDATA[2015/12/logo-3-1.png]]></wp:meta_value>
		</wp:postmeta>
	</item>
	<item>
		<title>logo-4</title>
		<link>http://xtemos.com/dummy/basel2/home-hero-slider/logo-4/</link>
		<pubDate>Thu, 17 Dec 2015 17:05:13 +0000</pubDate>
		<dc:creator><![CDATA[admin]]></dc:creator>
		<guid isPermaLink="false">http://xtemos.com/dummy/basel2/wp-content/uploads/2015/12/logo-4-1.png</guid>
		<description></description>
		<content:encoded><![CDATA[]]></content:encoded>
		<excerpt:encoded><![CDATA[]]></excerpt:encoded>
		<wp:post_id>96</wp:post_id>
		<wp:post_date>2015-12-17 17:05:13</wp:post_date>
		<wp:post_date_gmt>2015-12-17 17:05:13</wp:post_date_gmt>
		<wp:comment_status>open</wp:comment_status>
		<wp:ping_status>closed</wp:ping_status>
		<wp:post_name>logo-4</wp:post_name>
		<wp:status>inherit</wp:status>
		<wp:post_parent>69</wp:post_parent>
		<wp:menu_order>0</wp:menu_order>
		<wp:post_type>attachment</wp:post_type>
		<wp:post_password></wp:post_password>
		<wp:is_sticky>0</wp:is_sticky>
		<wp:attachment_url>http://xtemos.com/dummy/basel2/wp-content/uploads/2015/12/logo-4-1.png</wp:attachment_url>
		<wp:postmeta>
			<wp:meta_key>_wp_attached_file</wp:meta_key>
			<wp:meta_value><![CDATA[2015/12/logo-4-1.png]]></wp:meta_value>
		</wp:postmeta>
	</item>
	<item>
		<title>logo-5</title>
		<link>http://xtemos.com/dummy/basel2/home-hero-slider/logo-5/</link>
		<pubDate>Thu, 17 Dec 2015 17:05:14 +0000</pubDate>
		<dc:creator><![CDATA[admin]]></dc:creator>
		<guid isPermaLink="false">http://xtemos.com/dummy/basel2/wp-content/uploads/2015/12/logo-5-1.png</guid>
		<description></description>
		<content:encoded><![CDATA[]]></content:encoded>
		<excerpt:encoded><![CDATA[]]></excerpt:encoded>
		<wp:post_id>97</wp:post_id>
		<wp:post_date>2015-12-17 17:05:14</wp:post_date>
		<wp:post_date_gmt>2015-12-17 17:05:14</wp:post_date_gmt>
		<wp:comment_status>open</wp:comment_status>
		<wp:ping_status>closed</wp:ping_status>
		<wp:post_name>logo-5</wp:post_name>
		<wp:status>inherit</wp:status>
		<wp:post_parent>69</wp:post_parent>
		<wp:menu_order>0</wp:menu_order>
		<wp:post_type>attachment</wp:post_type>
		<wp:post_password></wp:post_password>
		<wp:is_sticky>0</wp:is_sticky>
		<wp:attachment_url>http://xtemos.com/dummy/basel2/wp-content/uploads/2015/12/logo-5-1.png</wp:attachment_url>
		<wp:postmeta>
			<wp:meta_key>_wp_attached_file</wp:meta_key>
			<wp:meta_value><![CDATA[2015/12/logo-5-1.png]]></wp:meta_value>
		</wp:postmeta>
	</item>
	<item>
		<title>logo-6</title>
		<link>http://xtemos.com/dummy/basel2/home-hero-slider/logo-6/</link>
		<pubDate>Thu, 17 Dec 2015 17:05:14 +0000</pubDate>
		<dc:creator><![CDATA[admin]]></dc:creator>
		<guid isPermaLink="false">http://xtemos.com/dummy/basel2/wp-content/uploads/2015/12/logo-6-1.png</guid>
		<description></description>
		<content:encoded><![CDATA[]]></content:encoded>
		<excerpt:encoded><![CDATA[]]></excerpt:encoded>
		<wp:post_id>98</wp:post_id>
		<wp:post_date>2015-12-17 17:05:14</wp:post_date>
		<wp:post_date_gmt>2015-12-17 17:05:14</wp:post_date_gmt>
		<wp:comment_status>open</wp:comment_status>
		<wp:ping_status>closed</wp:ping_status>
		<wp:post_name>logo-6</wp:post_name>
		<wp:status>inherit</wp:status>
		<wp:post_parent>69</wp:post_parent>
		<wp:menu_order>0</wp:menu_order>
		<wp:post_type>attachment</wp:post_type>
		<wp:post_password></wp:post_password>
		<wp:is_sticky>0</wp:is_sticky>
		<wp:attachment_url>http://xtemos.com/dummy/basel2/wp-content/uploads/2015/12/logo-6-1.png</wp:attachment_url>
		<wp:postmeta>
			<wp:meta_key>_wp_attached_file</wp:meta_key>
			<wp:meta_value><![CDATA[2015/12/logo-6-1.png]]></wp:meta_value>
		</wp:postmeta>
	</item>
	<item>
		<title>Home alternative</title>
		<link>http://xtemos.com/dummy/basel2/home-alternative/</link>
		<pubDate>Thu, 17 Dec 2015 18:00:09 +0000</pubDate>
		<dc:creator><![CDATA[admin]]></dc:creator>
		<guid isPermaLink="false">http://xtemos.com/dummy/basel2/?page_id=102</guid>
		<description></description>
		<content:encoded><![CDATA[[vc_row css=".vc_custom_1450365049936{margin-top: -40px !important;margin-bottom: 30px !important;}"][vc_column][rev_slider_vc alias="boxed1"][/vc_column][/vc_row][vc_row css=".vc_custom_1450365041288{margin-bottom: 50px !important;}"][vc_column width="1/2" offset="vc_col-lg-4 vc_col-md-4"][promo_banner image="110" alignment="center" vertical_alignment="middle" hover="2" style="2" basel_color_scheme="light" img_size="360x205" link="http://xtemos.com/demo/shop/"]
<h2 style="margin: 0;">MAN SUITS &amp; SHIRTS</h2>
[/promo_banner][/vc_column][vc_column width="1/3" offset="vc_hidden-sm"][promo_banner image="111" alignment="center" vertical_alignment="middle" hover="2" style="2" basel_color_scheme="light" img_size="360x205" link="http://xtemos.com/demo/shop/"]
<h2 style="margin: 0;">DRESS &amp; FASHION 2016</h2>
[/promo_banner][/vc_column][vc_column width="1/2" offset="vc_col-lg-4 vc_col-md-4"][promo_banner image="109" alignment="center" vertical_alignment="middle" hover="2" style="2" basel_color_scheme="light" img_size="360x205" link="http://xtemos.com/demo/shop/"]
<h2 style="margin: 0;">PERFECT WATCHES</h2>
[/promo_banner][/vc_column][/vc_row][vc_row css=".vc_custom_1450356398561{margin-bottom: 60px !important;}"][vc_column][basel_posts speed="8000" slides_per_view="4" scroll_per_page="yes" hide_pagination_control="yes" wrap="yes" title="Man Dresses" posts_query="size:5|order_by:date|post_type:product|tax_query:50" img_size="270x345"][/vc_column][/vc_row][vc_row css=".vc_custom_1450357158996{margin-bottom: 50px !important;}"][vc_column][basel_title color="primary" title="PRODUCT CATEGORIES"][basel_categories orderby="" order="" columns="4" style="default" number="8"][/vc_column][/vc_row][vc_row css=".vc_custom_1450357556027{margin-bottom: 60px !important;}"][vc_column][basel_posts slides_per_view="3" scroll_per_page="yes" hide_pagination_control="yes" wrap="yes" posts_query="size:4|order_by:title|order:DESC|post_type:post" title="Our Blog" img_size="400x250"][/vc_column][/vc_row][vc_row el_class="text-center" css=".vc_custom_1450357590718{margin-bottom: 40px !important;}"][vc_column css=".vc_custom_1450364896488{margin-bottom: 60px !important;border-top-width: 10px !important;border-right-width: 10px !important;border-bottom-width: 10px !important;border-left-width: 10px !important;padding-top: 60px !important;padding-right: 30px !important;padding-bottom: 40px !important;padding-left: 30px !important;border-left-color: #212121 !important;border-left-style: solid !important;border-right-color: #212121 !important;border-right-style: solid !important;border-top-color: #212121 !important;border-top-style: solid !important;border-bottom-color: #212121 !important;border-bottom-style: solid !important;}"][vc_column_text basel_color_scheme="dark" css=".vc_custom_1450364792876{padding-right: 10% !important;padding-left: 10% !important;}"]
<h1>NEWSLETTER</h1>
Vestibulum suspendisse fermentum venenatis primis ridiculus litora egestas consectetur a senectus parturient leo velit cursus litora id nisl nisi potenti fames eu leo velit cursus litora сonvallis dui.

[/vc_column_text][vc_column_text basel_color_scheme="dark"][mc4wp_form][/vc_column_text][/vc_column][/vc_row][vc_row full_width="stretch_row" css=".vc_custom_1443702761726{margin-bottom: 30px !important;}"][vc_column width="1/3" css=".vc_custom_1438263959650{margin-bottom: 35px !important;}" offset="vc_col-lg-3 vc_col-md-3"][basel_shortcode_products_widget number="2" show="onsale" order="desc" title="Sale products"][/vc_column][vc_column width="1/3" css=".vc_custom_1438263975065{margin-bottom: 35px !important;}" offset="vc_col-lg-3 vc_col-md-3"][basel_shortcode_products_widget number="2" show="featured" title="Featured products"][/vc_column][vc_column width="1/4" css=".vc_custom_1438263930691{margin-bottom: 35px !important;}" offset="vc_hidden-sm"][basel_shortcode_products_widget number="2" orderby="price" title="New products"][/vc_column][vc_column width="1/3" css=".vc_custom_1438263984658{margin-bottom: 35px !important;}" offset="vc_col-lg-3 vc_col-md-3"][basel_shortcode_products_widget number="2" show="onsale" order="desc" title="Sale products"][/vc_column][/vc_row][vc_row full_width="stretch_row_content" css=".vc_custom_1449676557673{margin-bottom: -40px !important;padding-top: 60px !important;padding-bottom: 80px !important;background-image: url(http://demo.xtemos.com/basel/wp-content/uploads/2015/06/big-baner-in-alt-6.jpg?id=21432) !important;background-position: center !important;background-repeat: no-repeat !important;background-size: cover !important;}"][vc_column width="1/4" offset="vc_col-lg-4 vc_col-md-3 vc_col-xs-2"][vc_column_text]
[/vc_column_text][/vc_column][vc_column width="1/2" offset="vc_col-lg-4 vc_col-md-6 vc_col-xs-8"][basel_title style="cross" color="black" size="large" title="<strong>ABOUT OUR SHOP</strong>" css=".vc_custom_1449673397926{margin-bottom: 25px !important;}"][vc_column_text basel_color_scheme="dark" css=".vc_custom_1449679393755{margin-bottom: 20px !important;}"]
<p class="font-alt" style="text-align: center; font-size: 16px; margin-bottom: 20px; line-height: 1.8;">Id a luctus fusce ante ac quisque curabitur vestibulum frsum odio
ullamcorper magnis. Nulla vestibulum nam ullamcorper.

[/vc_column_text][vc_images_carousel images="80,97,98,96,95" img_size="full" slides_per_view="4" autoplay="yes" hide_pagination_control="yes" hide_prev_next_buttons="yes" wrap="yes" css=".vc_custom_1450714711171{margin-bottom: 20px !important;}"][vc_column_text basel_color_scheme="dark" css=".vc_custom_1449674378961{margin-top: -10px !important;}"]
<p style="text-align: center;"><a class="btn btn-color-black btn-style- btn-size-default" href="http://#">shop now</a></p>

[/vc_column_text][/vc_column][vc_column width="1/4" offset="vc_col-lg-4 vc_col-md-3 vc_col-xs-2"][vc_column_text]
[/vc_column_text][/vc_column][/vc_row]]]></content:encoded>
		<excerpt:encoded><![CDATA[]]></excerpt:encoded>
		<wp:post_id>108</wp:post_id>
		<wp:post_date>2015-12-17 18:00:09</wp:post_date>
		<wp:post_date_gmt>2015-12-17 18:00:09</wp:post_date_gmt>
		<wp:comment_status>closed</wp:comment_status>
		<wp:ping_status>closed</wp:ping_status>
		<wp:post_name>home-alternative</wp:post_name>
		<wp:status>publish</wp:status>
		<wp:post_parent>0</wp:post_parent>
		<wp:menu_order>0</wp:menu_order>
		<wp:post_type>page</wp:post_type>
		<wp:post_password></wp:post_password>
		<wp:is_sticky>0</wp:is_sticky>
		<wp:postmeta>
			<wp:meta_key>_wp_page_template</wp:meta_key>
			<wp:meta_value><![CDATA[default]]></wp:meta_value>
		</wp:postmeta>
		<wp:postmeta>
			<wp:meta_key>_wpb_shortcodes_custom_css</wp:meta_key>
			<wp:meta_value><![CDATA[.vc_custom_1450365049936{margin-top: -40px !important;margin-bottom: 30px !important;}.vc_custom_1450365041288{margin-bottom: 50px !important;}.vc_custom_1450356398561{margin-bottom: 60px !important;}.vc_custom_1450357158996{margin-bottom: 50px !important;}.vc_custom_1450357556027{margin-bottom: 60px !important;}.vc_custom_1450357590718{margin-bottom: 40px !important;}.vc_custom_1443702761726{margin-bottom: 30px !important;}.vc_custom_1449676557673{margin-bottom: -40px !important;padding-top: 60px !important;padding-bottom: 80px !important;background-image: url(http://demo.xtemos.com/basel/wp-content/uploads/2015/06/big-baner-in-alt-6.jpg?id=21432) !important;background-position: center !important;background-repeat: no-repeat !important;background-size: cover !important;}.vc_custom_1450364896488{margin-bottom: 60px !important;border-top-width: 10px !important;border-right-width: 10px !important;border-bottom-width: 10px !important;border-left-width: 10px !important;padding-top: 60px !important;padding-right: 30px !important;padding-bottom: 40px !important;padding-left: 30px !important;border-left-color: #212121 !important;border-left-style: solid !important;border-right-color: #212121 !important;border-right-style: solid !important;border-top-color: #212121 !important;border-top-style: solid !important;border-bottom-color: #212121 !important;border-bottom-style: solid !important;}.vc_custom_1450364792876{padding-right: 10% !important;padding-left: 10% !important;}.vc_custom_1438263959650{margin-bottom: 35px !important;}.vc_custom_1438263975065{margin-bottom: 35px !important;}.vc_custom_1438263930691{margin-bottom: 35px !important;}.vc_custom_1438263984658{margin-bottom: 35px !important;}.vc_custom_1449673397926{margin-bottom: 25px !important;}.vc_custom_1449679393755{margin-bottom: 20px !important;}.vc_custom_1450714711171{margin-bottom: 20px !important;}.vc_custom_1449674378961{margin-top: -10px !important;}]]></wp:meta_value>
		</wp:postmeta>
		<wp:postmeta>
			<wp:meta_key>_basel_main_layout</wp:meta_key>
			<wp:meta_value><![CDATA[full-width]]></wp:meta_value>
		</wp:postmeta>
		<wp:postmeta>
			<wp:meta_key>_basel_header</wp:meta_key>
			<wp:meta_value><![CDATA[categories]]></wp:meta_value>
		</wp:postmeta>
		<wp:postmeta>
			<wp:meta_key>_basel_title_off</wp:meta_key>
			<wp:meta_value><![CDATA[on]]></wp:meta_value>
		</wp:postmeta>
		<wp:postmeta>
			<wp:meta_key>_basel_open_categories</wp:meta_key>
			<wp:meta_value><![CDATA[on]]></wp:meta_value>
		</wp:postmeta>
	</item>
	<item>
		<title>banner-man</title>
		<link>http://xtemos.com/dummy/basel2/home-alternative/banner-man/</link>
		<pubDate>Thu, 17 Dec 2015 18:02:53 +0000</pubDate>
		<dc:creator><![CDATA[admin]]></dc:creator>
		<guid isPermaLink="false">http://xtemos.com/dummy/basel2/wp-content/uploads/2015/12/banner-man-1.jpg</guid>
		<description></description>
		<content:encoded><![CDATA[]]></content:encoded>
		<excerpt:encoded><![CDATA[]]></excerpt:encoded>
		<wp:post_id>109</wp:post_id>
		<wp:post_date>2015-12-17 18:02:53</wp:post_date>
		<wp:post_date_gmt>2015-12-17 18:02:53</wp:post_date_gmt>
		<wp:comment_status>open</wp:comment_status>
		<wp:ping_status>closed</wp:ping_status>
		<wp:post_name>banner-man</wp:post_name>
		<wp:status>inherit</wp:status>
		<wp:post_parent>108</wp:post_parent>
		<wp:menu_order>0</wp:menu_order>
		<wp:post_type>attachment</wp:post_type>
		<wp:post_password></wp:post_password>
		<wp:is_sticky>0</wp:is_sticky>
		<wp:attachment_url>http://xtemos.com/dummy/basel2/wp-content/uploads/2015/12/banner-man-1.jpg</wp:attachment_url>
		<wp:postmeta>
			<wp:meta_key>_wp_attached_file</wp:meta_key>
			<wp:meta_value><![CDATA[2015/12/banner-man-1.jpg]]></wp:meta_value>
		</wp:postmeta>
	</item>
	<item>
		<title>banner-watches</title>
		<link>http://xtemos.com/dummy/basel2/home-alternative/banner-watches/</link>
		<pubDate>Thu, 17 Dec 2015 18:02:54 +0000</pubDate>
		<dc:creator><![CDATA[admin]]></dc:creator>
		<guid isPermaLink="false">http://xtemos.com/dummy/basel2/wp-content/uploads/2015/12/banner-watches-1.jpg</guid>
		<description></description>
		<content:encoded><![CDATA[]]></content:encoded>
		<excerpt:encoded><![CDATA[]]></excerpt:encoded>
		<wp:post_id>110</wp:post_id>
		<wp:post_date>2015-12-17 18:02:54</wp:post_date>
		<wp:post_date_gmt>2015-12-17 18:02:54</wp:post_date_gmt>
		<wp:comment_status>open</wp:comment_status>
		<wp:ping_status>closed</wp:ping_status>
		<wp:post_name>banner-watches</wp:post_name>
		<wp:status>inherit</wp:status>
		<wp:post_parent>108</wp:post_parent>
		<wp:menu_order>0</wp:menu_order>
		<wp:post_type>attachment</wp:post_type>
		<wp:post_password></wp:post_password>
		<wp:is_sticky>0</wp:is_sticky>
		<wp:attachment_url>http://xtemos.com/dummy/basel2/wp-content/uploads/2015/12/banner-watches-1.jpg</wp:attachment_url>
		<wp:postmeta>
			<wp:meta_key>_wp_attached_file</wp:meta_key>
			<wp:meta_value><![CDATA[2015/12/banner-watches-1.jpg]]></wp:meta_value>
		</wp:postmeta>
	</item>
	<item>
		<title>banner-woman</title>
		<link>http://xtemos.com/dummy/basel2/home-alternative/banner-woman/</link>
		<pubDate>Thu, 17 Dec 2015 18:02:54 +0000</pubDate>
		<dc:creator><![CDATA[admin]]></dc:creator>
		<guid isPermaLink="false">http://xtemos.com/dummy/basel2/wp-content/uploads/2015/12/banner-woman-1.jpg</guid>
		<description></description>
		<content:encoded><![CDATA[]]></content:encoded>
		<excerpt:encoded><![CDATA[]]></excerpt:encoded>
		<wp:post_id>111</wp:post_id>
		<wp:post_date>2015-12-17 18:02:54</wp:post_date>
		<wp:post_date_gmt>2015-12-17 18:02:54</wp:post_date_gmt>
		<wp:comment_status>open</wp:comment_status>
		<wp:ping_status>closed</wp:ping_status>
		<wp:post_name>banner-woman</wp:post_name>
		<wp:status>inherit</wp:status>
		<wp:post_parent>108</wp:post_parent>
		<wp:menu_order>0</wp:menu_order>
		<wp:post_type>attachment</wp:post_type>
		<wp:post_password></wp:post_password>
		<wp:is_sticky>0</wp:is_sticky>
		<wp:attachment_url>http://xtemos.com/dummy/basel2/wp-content/uploads/2015/12/banner-woman-1.jpg</wp:attachment_url>
		<wp:postmeta>
			<wp:meta_key>_wp_attached_file</wp:meta_key>
			<wp:meta_value><![CDATA[2015/12/banner-woman-1.jpg]]></wp:meta_value>
		</wp:postmeta>
	</item>
</channel>
</rss>
