<?xml version="1.0" encoding="UTF-8" ?>
<!-- This is a WordPress eXtended RSS file generated by WordPress as an export of your site. -->
<!-- It contains information about your site's posts, pages, comments, categories, and other content. -->
<!-- You may use this file to transfer that content from one site to another. -->
<!-- This file is not intended to serve as a complete backup of your site. -->

<!-- To import this information into a WordPress site follow these steps: -->
<!-- 1. Log in to that site as an administrator. -->
<!-- 2. Go to Tools: Import in the WordPress admin panel. -->
<!-- 3. Install the "WordPress" importer from the list. -->
<!-- 4. Activate & Run Importer. -->
<!-- 5. Upload this file using the form provided on that page. -->
<!-- 6. You will first be asked to map the authors in this export file to users -->
<!--    on the site. For each author, you may choose to map to an -->
<!--    existing user on the site or to create a new user. -->
<!-- 7. WordPress will then import each of the posts, pages, comments, categories, etc. -->
<!--    contained in this file into your site. -->

<!-- generator="WordPress/4.4.2" created="2016-03-23 18:42" -->
<rss version="2.0"
	xmlns:excerpt="http://wordpress.org/export/1.2/excerpt/"
	xmlns:content="http://purl.org/rss/1.0/modules/content/"
	xmlns:wfw="http://wellformedweb.org/CommentAPI/"
	xmlns:dc="http://purl.org/dc/elements/1.1/"
	xmlns:wp="http://wordpress.org/export/1.2/"
>

<channel>
	<title>Xtemos New</title>
	<link>http://demo.xtemos.com/basel</link>
	<description>Just another WordPress site</description>
	<pubDate>Wed, 23 Mar 2016 18:42:11 +0000</pubDate>
	<language>en-US</language>
	<wp:wxr_version>1.2</wp:wxr_version>
	<wp:base_site_url>http://demo.xtemos.com/basel</wp:base_site_url>
	<wp:base_blog_url>http://demo.xtemos.com/basel</wp:base_blog_url>

	<wp:author><wp:author_id>1</wp:author_id><wp:author_login>admin</wp:author_login><wp:author_email>adad@adad.ad</wp:author_email><wp:author_display_name><![CDATA[admin]]></wp:author_display_name><wp:author_first_name><![CDATA[]]></wp:author_first_name><wp:author_last_name><![CDATA[]]></wp:author_last_name></wp:author>


	<generator>https://wordpress.org/?v=4.4.2</generator>

	<item>
		<title>our-team2</title>
		<link>http://demo.xtemos.com/basel/our-team/our-team2/</link>
		<pubDate>Sat, 20 Jun 2015 15:27:35 +0000</pubDate>
		<dc:creator><![CDATA[admin]]></dc:creator>
		<guid isPermaLink="false">http://demo.xtemos.com/basel/wp-content/uploads/2015/06/our-team2.jpg</guid>
		<description></description>
		<content:encoded><![CDATA[]]></content:encoded>
		<excerpt:encoded><![CDATA[]]></excerpt:encoded>
		<wp:post_id>343</wp:post_id>
		<wp:post_date>2015-06-20 15:27:35</wp:post_date>
		<wp:post_date_gmt>2015-06-20 15:27:35</wp:post_date_gmt>
		<wp:comment_status>open</wp:comment_status>
		<wp:ping_status>open</wp:ping_status>
		<wp:post_name>our-team2</wp:post_name>
		<wp:status>inherit</wp:status>
		<wp:post_parent>339</wp:post_parent>
		<wp:menu_order>0</wp:menu_order>
		<wp:post_type>attachment</wp:post_type>
		<wp:post_password></wp:post_password>
		<wp:is_sticky>0</wp:is_sticky>
		<wp:attachment_url>http://demo.xtemos.com/basel/wp-content/uploads/2015/06/our-team2.jpg</wp:attachment_url>
		<wp:postmeta>
			<wp:meta_key>_wp_attached_file</wp:meta_key>
			<wp:meta_value><![CDATA[2015/06/our-team2.jpg]]></wp:meta_value>
		</wp:postmeta>
	</item>
	<item>
		<title>Our Services</title>
		<link>http://demo.xtemos.com/basel/our-services/</link>
		<pubDate>Sun, 21 Jun 2015 08:55:32 +0000</pubDate>
		<dc:creator><![CDATA[admin]]></dc:creator>
		<guid isPermaLink="false">http://xtemos.com/demo/?page_id=375</guid>
		<description></description>
		<content:encoded><![CDATA[[vc_row full_width="stretch_row" css=".vc_custom_1451145300456{margin-bottom: 45px !important;padding-top: 200px !important;padding-bottom: 150px !important;background-image: url(http://demo.xtemos.com/basel/wp-content/uploads/2015/06/section-our-service-6.jpg?id=21501) !important;background-position: center !important;background-repeat: no-repeat !important;background-size: cover !important;}"][vc_column][vc_column_text basel_color_scheme="light"]
<h1 style="text-align: center; font-size: 56px; margin-bottom: 5px;"><strong>OUR SERVICES</strong></h1>
<p class="font-title" style="font-size: 16px; font-style: italic; text-align: center;">Welcome to the very best in globally sourced premium goods.
We offer free shipping, free returns shopping experience.</p>
[/vc_column_text][/vc_column][/vc_row][vc_row css=".vc_custom_1451145464750{margin-bottom: 60px !important;}"][vc_column width="3/4" offset="vc_col-lg-4 vc_col-md-12 vc_col-xs-12"][vc_column_text css=".vc_custom_1451145393908{margin-bottom: 30px !important;padding-top: 15px !important;}"]
<h2><strong>WE ARE A PASSIONATE FROM
<span style="color: red;">X</span>-TEMOS STUDIO.</strong></h2>
<p style="text-align: justify;">We are an experienced web development team that love to deliver impressive and well-designed WordPress themes. All our themes is easy to install and customize, so you can start your own web-site just in a few minutes. Our dedicated support will provide you with fast useful answers if you have any questions concerning theme setup or configuration.</p>
[/vc_column_text][vc_column_text]
<h2><strong>DO BEAUTIFUL AND EASY-TO-USE DIGITAL USE.</strong></h2>
<p style="text-align: justify;">Aliquam pulvinar pellentesque purus, nec condimentum nibh. Aenean dapibus iaculis odio id vestibulum. Nam at justo ante. Maecenas eros mi, lacinia eu ultricies vel, elementum et justo.</p>
[/vc_column_text][/vc_column][vc_column width="1/4" offset="vc_col-lg-8 vc_col-md-12 vc_col-xs-12 vc_hidden-xs"][vc_images_carousel images="343,503" autoplay="yes" design="macbook"][/vc_column][/vc_row][vc_row full_width="stretch_row" css=".vc_custom_1450027730864{margin-bottom: 0px !important;padding-top: 50px !important;padding-bottom: 70px !important;background-image: url(http://demo.xtemos.com/basel/wp-content/uploads/2015/06/section-our-service-7.jpg?id=21516) !important;background-position: center !important;background-repeat: no-repeat !important;background-size: cover !important;}"][vc_column basel_color_scheme="light"][vc_row_inner css=".vc_custom_1450023659115{margin-bottom: 60px !important;}"][vc_column_inner][vc_column_text]
<h1 style="text-align: center; font-size: 52px;"><strong>LOOKING FOR EXPERIENCED AGENCY?</strong></h1>
[/vc_column_text][/vc_column_inner][/vc_row_inner][vc_row_inner css=".vc_custom_1450023674178{margin-bottom: 0px !important;}"][vc_column_inner width="1/4" css=".vc_custom_1438783347292{margin-bottom: 40px !important;}"][vc_icon type="linecons" icon_linecons="vc_li vc_li-display" color="custom" background_style="rounded-outline" background_color="white" size="lg" align="center" custom_color="#ffffff" css=".vc_custom_1450023573927{margin-bottom: 20px !important;}"][basel_counter label="WEB PAGES READY" value="1500" initial_value="1"][/vc_column_inner][vc_column_inner width="1/4" css=".vc_custom_1438783353284{margin-bottom: 40px !important;}"][vc_icon type="linecons" icon_linecons="vc_li vc_li-bubble" color="custom" background_style="rounded-outline" background_color="white" size="lg" align="center" custom_color="#ffffff" css=".vc_custom_1450023616351{margin-bottom: 20px !important;}"][basel_counter label="CUSTOMERS REVIEWS" value="150" initial_value="1"][/vc_column_inner][vc_column_inner width="1/4" css=".vc_custom_1438783357796{margin-bottom: 40px !important;}"][vc_icon type="linecons" icon_linecons="vc_li vc_li-settings" color="custom" background_style="rounded-outline" background_color="white" size="lg" align="center" custom_color="#ffffff" css=".vc_custom_1450023589607{margin-bottom: 20px !important;}"][basel_counter label="YEARS OF DEVELOPING" value="5" initial_value="1"][/vc_column_inner][vc_column_inner width="1/4" css=".vc_custom_1438783362371{margin-bottom: 40px !important;}"][vc_icon type="linecons" icon_linecons="vc_li vc_li-like" color="custom" background_style="rounded-outline" background_color="white" size="lg" align="center" custom_color="#ffffff" css=".vc_custom_1450023438575{margin-bottom: 20px !important;}"][basel_counter label="FACEBOOK LIKES" value="1500" initial_value="1"][/vc_column_inner][/vc_row_inner][/vc_column][/vc_row][vc_row content_placement="middle" css=".vc_custom_1450026755733{margin-bottom: 40px !important;padding-top: 50px !important;padding-bottom: 50px !important;}"][vc_column width="1/3" css=".vc_custom_1450026342927{padding-top: 20px !important;padding-bottom: 20px !important;}"][vc_column_text css=".vc_custom_1450026437548{margin-bottom: 0px !important;border-right-width: 1px !important;padding-top: 20px !important;padding-right: 20px !important;padding-bottom: 20px !important;border-right-color: #efefef !important;border-right-style: solid !important;}"]
<h2 style="text-align: right;"><strong>OUR CLIENTS SAYS:</strong></h2>
<p class="font-alt" style="text-align: right; color: #878787; font-size: 16px;">Read client’s opinions about posuere suspendisse
congue aliquet dis penatibus netus tempor a lorem</p>
[/vc_column_text][/vc_column][vc_column width="2/3"][testimonials][testimonial name="John Doe" title="CEO envato" image="391"]The standard chunk of Lorem Ipsum used since the 1500s is reproduced below for those interested. Sections 1.10.32 and 1.10.33 from "de Finibus Bonorum et Malorum" by Cicero are[/testimonial][testimonial name="Joahna Doe" title="Support X-temos" image="395"]Sections 1.10.32 and 1.10.33 from "de Finibus Bonorum et Malorum" by Cicero are. The standard chunk of Lorem Ipsum used since the 1500s is reproduced below for those interested.[/testimonial][testimonial name="Joahna Doe" title="Support X-temos" image="396"]Sections 1.10.32 and 1.10.33 from "de Finibus Bonorum et Malorum" by Cicero are. The standard chunk of Lorem Ipsum used since the 1500s is reproduced below for those interested.[/testimonial][/testimonials][/vc_column][/vc_row][vc_row full_width="stretch_row" css=".vc_custom_1451146669531{margin-bottom: 20px !important;background-color: #0a0a0a !important;}"][vc_column css=".vc_custom_1450028681871{padding-top: 20px !important;padding-bottom: 20px !important;}"][vc_column_text basel_color_scheme="light" css=".vc_custom_1450028713083{margin-bottom: 0px !important;}"]
<h1 style="text-align: center; font-size: 38px;"><strong>YOU ARE READY WORK WITH OUR TEAM?</strong></h1>
[/vc_column_text][/vc_column][/vc_row][vc_row full_width="stretch_row" css=".vc_custom_1451147055077{margin-bottom: 25px !important;}"][vc_column][vc_row_inner css=".vc_custom_1438783474502{margin-bottom: -40px !important;}"][vc_column_inner width="1/4" css=".vc_custom_1438783488485{margin-bottom: 40px !important;}"][team_member name="Joahna Doe" position="Support Manager" img="20762" img_size="full" email="john_doe@gmail.com" facebook="#" twitter="#" google_plus="#" instagram="#" linkedin="#"]Nisi vivamus suspendisse a urna integer ultricies nascetur in cum aliquam penatibus nascetur parturient metus adipiscing porttitor habitasse dolor pretium orci sem a parturient semper[/team_member][/vc_column_inner][vc_column_inner width="1/4" css=".vc_custom_1438783492253{margin-bottom: 40px !important;}"][team_member name="Joahna Doe" position="Office Manager" img="20761" img_size="full" email="john_doe@gmail.com" facebook="#" twitter="#" google_plus="#" instagram="#"]Nisi vivamus suspendisse a urna integer ultricies nascetur in cum aliquam penatibus nascetur parturient metus adipiscing porttitor habitasse dolor pretium orci sem a parturient semper[/team_member][/vc_column_inner][vc_column_inner width="1/4" css=".vc_custom_1438783497148{margin-bottom: 40px !important;}"][team_member name="Joahna Doe" position="Flowers Manager" img="20760" img_size="full" email="john_doe@gmail.com" facebook="#" google_plus="#" instagram="#" linkedin="#" skype="#"]Nisi vivamus suspendisse a urna integer ultricies nascetur in cum aliquam penatibus nascetur parturient metus adipiscing porttitor habitasse dolor pretium orci sem a parturient semper[/team_member][/vc_column_inner][vc_column_inner width="1/4" css=".vc_custom_1438783501508{margin-bottom: 40px !important;}"][team_member name="Mister John" position="Team Lead" img="20763" img_size="full" email="john_doe@gmail.com" facebook="#" twitter="#" google_plus="#" instagram="#" linkedin="#" skype="#"]Nisi vivamus suspendisse a urna integer ultricies nascetur in cum aliquam penatibus nascetur parturient metus adipiscing porttitor habitasse dolor pretium orci sem a parturient semper[/team_member][/vc_column_inner][/vc_row_inner][/vc_column][/vc_row][vc_row full_width="stretch_row_content_no_spaces" css=".vc_custom_1451147100095{margin-bottom: 20px !important;}"][vc_column][basel_title style="cross" size="large" title="<strong>OUR WORKS</strong>" css=".vc_custom_1450081979392{margin-bottom: 40px !important;}"][basel_portfolio columns="4" spacing="0" posts_per_page="8"][/vc_column][/vc_row][vc_row full_width="stretch_row" content_placement="middle" css=".vc_custom_1451126695072{background-position: center !important;background-repeat: no-repeat !important;background-size: cover !important;}"][vc_column basel_color_scheme="dark"][basel_title style="bordered" color="black" size="extra-large" title="<strong>DO YOU HAVE ANY QUESTIONS FOR US?</strong>" css=".vc_custom_1451146250309{margin-bottom: 60px !important;}" after_title="A augue praesent penatibus nunc eleifend eros elementum parturient fames dignissim dis
facilisis donec a ornare laoreet id a suspendisse dignissim id a ultricies per."][contact-form-7 id="460"][/vc_column][/vc_row][vc_row css=".vc_custom_1451129392644{margin-bottom: -40px !important;}"][vc_column width="1/4" css=".vc_custom_1451129398993{margin-bottom: 25px !important;}"][vc_column_text]<span class="vc_icon_element-icon icon-envelope icons" style="float: left; font-size: 38px; margin: 0 10px 0;"> </span>Tel: 877-45-44-33
E-Mail: shop@store.uk[/vc_column_text][/vc_column][vc_column width="1/4" css=".vc_custom_1451129403369{margin-bottom: 25px !important;}"][vc_column_text css=".vc_custom_1451127817344{margin-bottom: 35px !important;}"]<span class="vc_icon_element-icon icon-cursor icons" style="float: left; font-size: 38px; margin: 0 10px 0;"> </span>20 Margaret St, London
Great Britain, 3NM98-LK[/vc_column_text][/vc_column][vc_column width="1/4" css=".vc_custom_1451129408776{margin-bottom: 25px !important;}"][vc_column_text]<span class="vc_icon_element-icon icon-rocket icons" style="float: left; font-size: 38px; margin: 0 10px 0;"> </span>Free standard shipping
on all orders in New York.[/vc_column_text][/vc_column][vc_column width="1/4" css=".vc_custom_1451129413569{margin-bottom: 25px !important;}"][vc_column_text]<span class="vc_icon_element-icon icon-clock icons" style="float: left; font-size: 38px; margin: 0 10px 0;"> </span>Support forum provide
for over 24h, every day.[/vc_column_text][/vc_column][/vc_row]]]></content:encoded>
		<excerpt:encoded><![CDATA[]]></excerpt:encoded>
		<wp:post_id>375</wp:post_id>
		<wp:post_date>2015-06-21 08:55:32</wp:post_date>
		<wp:post_date_gmt>2015-06-21 08:55:32</wp:post_date_gmt>
		<wp:comment_status>closed</wp:comment_status>
		<wp:ping_status>open</wp:ping_status>
		<wp:post_name>our-services</wp:post_name>
		<wp:status>publish</wp:status>
		<wp:post_parent>0</wp:post_parent>
		<wp:menu_order>0</wp:menu_order>
		<wp:post_type>page</wp:post_type>
		<wp:post_password></wp:post_password>
		<wp:is_sticky>0</wp:is_sticky>
		<wp:postmeta>
			<wp:meta_key>_wpb_shortcodes_custom_css</wp:meta_key>
			<wp:meta_value><![CDATA[.vc_custom_1451145300456{margin-bottom: 45px !important;padding-top: 200px !important;padding-bottom: 150px !important;background-image: url(http://demo.xtemos.com/basel/wp-content/uploads/2015/06/section-our-service-6.jpg?id=21501) !important;background-position: center !important;background-repeat: no-repeat !important;background-size: cover !important;}.vc_custom_1451145464750{margin-bottom: 60px !important;}.vc_custom_1450027730864{margin-bottom: 0px !important;padding-top: 50px !important;padding-bottom: 70px !important;background-image: url(http://demo.xtemos.com/basel/wp-content/uploads/2015/06/section-our-service-7.jpg?id=21516) !important;background-position: center !important;background-repeat: no-repeat !important;background-size: cover !important;}.vc_custom_1450026755733{margin-bottom: 40px !important;padding-top: 50px !important;padding-bottom: 50px !important;}.vc_custom_1451146669531{margin-bottom: 20px !important;background-color: #0a0a0a !important;}.vc_custom_1451147055077{margin-bottom: 25px !important;}.vc_custom_1451147100095{margin-bottom: 20px !important;}.vc_custom_1451126695072{background-position: center !important;background-repeat: no-repeat !important;background-size: cover !important;}.vc_custom_1451129392644{margin-bottom: -40px !important;}.vc_custom_1451145393908{margin-bottom: 30px !important;padding-top: 15px !important;}.vc_custom_1450023659115{margin-bottom: 60px !important;}.vc_custom_1450023674178{margin-bottom: 0px !important;}.vc_custom_1438783347292{margin-bottom: 40px !important;}.vc_custom_1438783353284{margin-bottom: 40px !important;}.vc_custom_1438783357796{margin-bottom: 40px !important;}.vc_custom_1438783362371{margin-bottom: 40px !important;}.vc_custom_1450023573927{margin-bottom: 20px !important;}.vc_custom_1450023616351{margin-bottom: 20px !important;}.vc_custom_1450023589607{margin-bottom: 20px !important;}.vc_custom_1450023438575{margin-bottom: 20px !important;}.vc_custom_1450026342927{padding-top: 20px !important;padding-bottom: 20px !important;}.vc_custom_1450026437548{margin-bottom: 0px !important;border-right-width: 1px !important;padding-top: 20px !important;padding-right: 20px !important;padding-bottom: 20px !important;border-right-color: #efefef !important;border-right-style: solid !important;}.vc_custom_1450028681871{padding-top: 20px !important;padding-bottom: 20px !important;}.vc_custom_1450028713083{margin-bottom: 0px !important;}.vc_custom_1438783474502{margin-bottom: -40px !important;}.vc_custom_1438783488485{margin-bottom: 40px !important;}.vc_custom_1438783492253{margin-bottom: 40px !important;}.vc_custom_1438783497148{margin-bottom: 40px !important;}.vc_custom_1438783501508{margin-bottom: 40px !important;}.vc_custom_1450081979392{margin-bottom: 40px !important;}.vc_custom_1451146250309{margin-bottom: 60px !important;}.vc_custom_1451129398993{margin-bottom: 25px !important;}.vc_custom_1451129403369{margin-bottom: 25px !important;}.vc_custom_1451129408776{margin-bottom: 25px !important;}.vc_custom_1451129413569{margin-bottom: 25px !important;}.vc_custom_1451127817344{margin-bottom: 35px !important;}]]></wp:meta_value>
		</wp:postmeta>
		<wp:postmeta>
			<wp:meta_key>_wp_page_template</wp:meta_key>
			<wp:meta_value><![CDATA[default]]></wp:meta_value>
		</wp:postmeta>
		<wp:postmeta>
			<wp:meta_key>_basel_main_layout</wp:meta_key>
			<wp:meta_value><![CDATA[full-width]]></wp:meta_value>
		</wp:postmeta>
		<wp:postmeta>
			<wp:meta_key>_basel_title_off</wp:meta_key>
			<wp:meta_value><![CDATA[on]]></wp:meta_value>
		</wp:postmeta>
		<wp:postmeta>
			<wp:meta_key>_basel_header</wp:meta_key>
			<wp:meta_value><![CDATA[shop]]></wp:meta_value>
		</wp:postmeta>
		<wp:postmeta>
			<wp:meta_key>_basel_header_color_scheme</wp:meta_key>
			<wp:meta_value><![CDATA[light]]></wp:meta_value>
		</wp:postmeta>
		<wp:postmeta>
			<wp:meta_key>_basel_header-overlap</wp:meta_key>
			<wp:meta_value><![CDATA[on]]></wp:meta_value>
		</wp:postmeta>
		<wp:postmeta>
			<wp:meta_key>_post_restored_from</wp:meta_key>
			<wp:meta_value><![CDATA[a:3:{s:20:"restored_revision_id";i:21847;s:16:"restored_by_user";i:3;s:13:"restored_time";i:1451123725;}]]></wp:meta_value>
		</wp:postmeta>
		<wp:postmeta>
			<wp:meta_key>_wpb_post_custom_css</wp:meta_key>
			<wp:meta_value><![CDATA[.basel-pagination {display:none;}]]></wp:meta_value>
		</wp:postmeta>
	</item>
	<item>
		<title>client1</title>
		<link>http://demo.xtemos.com/basel/our-services/client1/</link>
		<pubDate>Sun, 21 Jun 2015 09:18:46 +0000</pubDate>
		<dc:creator><![CDATA[admin]]></dc:creator>
		<guid isPermaLink="false">http://demo.xtemos.com/basel/wp-content/uploads/2015/06/client1.png</guid>
		<description></description>
		<content:encoded><![CDATA[]]></content:encoded>
		<excerpt:encoded><![CDATA[]]></excerpt:encoded>
		<wp:post_id>391</wp:post_id>
		<wp:post_date>2015-06-21 09:18:46</wp:post_date>
		<wp:post_date_gmt>2015-06-21 09:18:46</wp:post_date_gmt>
		<wp:comment_status>open</wp:comment_status>
		<wp:ping_status>open</wp:ping_status>
		<wp:post_name>client1</wp:post_name>
		<wp:status>inherit</wp:status>
		<wp:post_parent>375</wp:post_parent>
		<wp:menu_order>0</wp:menu_order>
		<wp:post_type>attachment</wp:post_type>
		<wp:post_password></wp:post_password>
		<wp:is_sticky>0</wp:is_sticky>
		<wp:attachment_url>http://demo.xtemos.com/basel/wp-content/uploads/2015/06/client1.png</wp:attachment_url>
		<wp:postmeta>
			<wp:meta_key>_wp_attached_file</wp:meta_key>
			<wp:meta_value><![CDATA[2015/06/client1.png]]></wp:meta_value>
		</wp:postmeta>
	</item>
	<item>
		<title>client2</title>
		<link>http://demo.xtemos.com/basel/our-services/client2/</link>
		<pubDate>Sun, 21 Jun 2015 09:22:41 +0000</pubDate>
		<dc:creator><![CDATA[admin]]></dc:creator>
		<guid isPermaLink="false">http://demo.xtemos.com/basel/wp-content/uploads/2015/06/client2.png</guid>
		<description></description>
		<content:encoded><![CDATA[]]></content:encoded>
		<excerpt:encoded><![CDATA[]]></excerpt:encoded>
		<wp:post_id>395</wp:post_id>
		<wp:post_date>2015-06-21 09:22:41</wp:post_date>
		<wp:post_date_gmt>2015-06-21 09:22:41</wp:post_date_gmt>
		<wp:comment_status>open</wp:comment_status>
		<wp:ping_status>open</wp:ping_status>
		<wp:post_name>client2</wp:post_name>
		<wp:status>inherit</wp:status>
		<wp:post_parent>375</wp:post_parent>
		<wp:menu_order>0</wp:menu_order>
		<wp:post_type>attachment</wp:post_type>
		<wp:post_password></wp:post_password>
		<wp:is_sticky>0</wp:is_sticky>
		<wp:attachment_url>http://demo.xtemos.com/basel/wp-content/uploads/2015/06/client2.png</wp:attachment_url>
		<wp:postmeta>
			<wp:meta_key>_wp_attached_file</wp:meta_key>
			<wp:meta_value><![CDATA[2015/06/client2.png]]></wp:meta_value>
		</wp:postmeta>
	</item>
	<item>
		<title>client3</title>
		<link>http://demo.xtemos.com/basel/our-services/client3/</link>
		<pubDate>Sun, 21 Jun 2015 09:24:08 +0000</pubDate>
		<dc:creator><![CDATA[admin]]></dc:creator>
		<guid isPermaLink="false">http://demo.xtemos.com/basel/wp-content/uploads/2015/06/client3.png</guid>
		<description></description>
		<content:encoded><![CDATA[]]></content:encoded>
		<excerpt:encoded><![CDATA[]]></excerpt:encoded>
		<wp:post_id>396</wp:post_id>
		<wp:post_date>2015-06-21 09:24:08</wp:post_date>
		<wp:post_date_gmt>2015-06-21 09:24:08</wp:post_date_gmt>
		<wp:comment_status>open</wp:comment_status>
		<wp:ping_status>open</wp:ping_status>
		<wp:post_name>client3</wp:post_name>
		<wp:status>inherit</wp:status>
		<wp:post_parent>375</wp:post_parent>
		<wp:menu_order>0</wp:menu_order>
		<wp:post_type>attachment</wp:post_type>
		<wp:post_password></wp:post_password>
		<wp:is_sticky>0</wp:is_sticky>
		<wp:attachment_url>http://demo.xtemos.com/basel/wp-content/uploads/2015/06/client3.png</wp:attachment_url>
		<wp:postmeta>
			<wp:meta_key>_wp_attached_file</wp:meta_key>
			<wp:meta_value><![CDATA[2015/06/client3.png]]></wp:meta_value>
		</wp:postmeta>
	</item>
	<item>
		<title>company5</title>
		<link>http://demo.xtemos.com/basel/company5/</link>
		<pubDate>Sun, 21 Jun 2015 11:15:16 +0000</pubDate>
		<dc:creator><![CDATA[admin]]></dc:creator>
		<guid isPermaLink="false">http://demo.xtemos.com/basel/wp-content/uploads/2015/06/company5.jpg</guid>
		<description></description>
		<content:encoded><![CDATA[]]></content:encoded>
		<excerpt:encoded><![CDATA[]]></excerpt:encoded>
		<wp:post_id>503</wp:post_id>
		<wp:post_date>2015-06-21 11:15:16</wp:post_date>
		<wp:post_date_gmt>2015-06-21 11:15:16</wp:post_date_gmt>
		<wp:comment_status>open</wp:comment_status>
		<wp:ping_status>open</wp:ping_status>
		<wp:post_name>company5</wp:post_name>
		<wp:status>inherit</wp:status>
		<wp:post_parent>0</wp:post_parent>
		<wp:menu_order>0</wp:menu_order>
		<wp:post_type>attachment</wp:post_type>
		<wp:post_password></wp:post_password>
		<wp:is_sticky>0</wp:is_sticky>
		<wp:attachment_url>http://demo.xtemos.com/basel/wp-content/uploads/2015/06/company5.jpg</wp:attachment_url>
		<wp:postmeta>
			<wp:meta_key>_wp_attached_file</wp:meta_key>
			<wp:meta_value><![CDATA[2015/06/company5.jpg]]></wp:meta_value>
		</wp:postmeta>
	</item>
</channel>
</rss>
