<?xml version="1.0" encoding="UTF-8" ?>
<!-- This is a WordPress eXtended RSS file generated by WordPress as an export of your site. -->
<!-- It contains information about your site's posts, pages, comments, categories, and other content. -->
<!-- You may use this file to transfer that content from one site to another. -->
<!-- This file is not intended to serve as a complete backup of your site. -->

<!-- To import this information into a WordPress site follow these steps: -->
<!-- 1. Log in to that site as an administrator. -->
<!-- 2. Go to Tools: Import in the WordPress admin panel. -->
<!-- 3. Install the "WordPress" importer from the list. -->
<!-- 4. Activate & Run Importer. -->
<!-- 5. Upload this file using the form provided on that page. -->
<!-- 6. You will first be asked to map the authors in this export file to users -->
<!--    on the site. For each author, you may choose to map to an -->
<!--    existing user on the site or to create a new user. -->
<!-- 7. WordPress will then import each of the posts, pages, comments, categories, etc. -->
<!--    contained in this file into your site. -->

<!-- generator="WordPress/4.6.1" created="2016-10-03 21:32" -->
<rss version="2.0"
	xmlns:excerpt="http://wordpress.org/export/1.2/excerpt/"
	xmlns:content="http://purl.org/rss/1.0/modules/content/"
	xmlns:wfw="http://wellformedweb.org/CommentAPI/"
	xmlns:dc="http://purl.org/dc/elements/1.1/"
	xmlns:wp="http://wordpress.org/export/1.2/"
>

<channel>
	<title>Dummy 3</title>
	<link>http://xtemos.com/dummy/basel3</link>
	<description>Just another WordPress site</description>
	<pubDate>Mon, 03 Oct 2016 21:32:00 +0000</pubDate>
	<language>en-US</language>
	<wp:wxr_version>1.2</wp:wxr_version>
	<wp:base_site_url>http://xtemos.com/dummy/basel3</wp:base_site_url>
	<wp:base_blog_url>http://xtemos.com/dummy/basel3</wp:base_blog_url>

	<wp:author><wp:author_id>1</wp:author_id><wp:author_login>admin</wp:author_login><wp:author_email>admin@basel.as</wp:author_email><wp:author_display_name><![CDATA[admin]]></wp:author_display_name><wp:author_first_name><![CDATA[]]></wp:author_first_name><wp:author_last_name><![CDATA[]]></wp:author_last_name></wp:author>


	<generator>https://wordpress.org/?v=4.6.1</generator>

	<item>
		<title>Home coffee</title>
		<link>http://xtemos.com/dummy/basel3/home-coffee/</link>
		<pubDate>Mon, 03 Oct 2016 21:28:15 +0000</pubDate>
		<dc:creator><![CDATA[admin]]></dc:creator>
		<guid isPermaLink="false">http://xtemos.com/dummy/basel3/?page_id=425</guid>
		<description></description>
		<content:encoded><![CDATA[[vc_row css=".vc_custom_1475417430700{margin-bottom: 10vh !important;}"][vc_column][rev_slider_vc alias="coffee-slider"][/vc_column][/vc_row][vc_row css=".vc_custom_1475424348828{margin-bottom: 10vh !important;}"][vc_column width="1/3" css=".vc_custom_1475527218990{margin-bottom: 20px !important;}"][basel_info_box image="426" alignment="center" img_size="full" link="http://demo.xtemos.com/basel/shop/" btn_text="Open shop"]
<h3>COLLECT BEANS</h3>
<p style="text-align: center;"> Hac a dis ullamcorper libero scelerisque nostra condimentum facilisi integer.</p>
[/basel_info_box][/vc_column][vc_column width="1/3" css=".vc_custom_1475527226743{margin-bottom: 20px !important;}"][basel_info_box image="426" alignment="center" img_size="full" link="http://demo.xtemos.com/basel/shop/" btn_text="Open shop"]
<h3>PACKING &amp; DELIVERY</h3>
<p style="text-align: center;">Hac a dis ullamcorper libero scelerisque nostra condimentum facilisi integer.</p>
[/basel_info_box][/vc_column][vc_column width="1/3" css=".vc_custom_1475527229935{margin-bottom: 20px !important;}"][basel_info_box image="426" alignment="center" img_size="full" link="http://demo.xtemos.com/basel/shop/" btn_text="Open shop"]
<h3>ENJOY THE MOMENT</h3>
<p style="text-align: center;"> Hac a dis ullamcorper libero scelerisque nostra condimentum facilisi integer.</p>
[/basel_info_box][/vc_column][/vc_row][vc_row css=".vc_custom_1475417435898{margin-bottom: 10vh !important;}"][vc_column][basel_title style="bordered" title="CHECKOUT OUR PRODUCTS" subtitle="COFFEE SHOP FEATURED" css=".vc_custom_1475417349759{margin-bottom: 30px !important;}"][basel_products items_per_page="8" columns="4"][/vc_column][/vc_row][vc_row full_width="stretch_row" css=".vc_custom_1475529791810{margin-bottom: 10vh !important;padding-top: 100px !important;padding-bottom: 100px !important;background-image: url(http://xtemos.com/dummy/basel3/wp-content/uploads/2016/10/coffee-block-bg.jpg?id=427) !important;background-position: center !important;background-repeat: no-repeat !important;background-size: cover !important;}" el_class="parallax-bg"][vc_column width="1/2" basel_color_scheme="light" offset="vc_col-md-3"][basel_counter value="982"][vc_separator color="custom" border_width="2" el_width="30" accent_color="rgba(255,255,255,0.8)" css=".vc_custom_1475482106287{margin-bottom: 20px !important;}"][vc_custom_heading text="CUSTOMER COUNT" font_container="tag:h2|text_align:center|color:%23ffffff" use_theme_fonts="yes"][/vc_column][vc_column width="1/2" basel_color_scheme="light" offset="vc_col-md-3"][basel_counter value="1123"][vc_separator color="custom" border_width="2" el_width="30" accent_color="rgba(255,255,255,0.8)" css=".vc_custom_1475482106287{margin-bottom: 20px !important;}"][vc_custom_heading text="DISHES SERVED" font_container="tag:h2|text_align:center|color:%23ffffff" use_theme_fonts="yes"][/vc_column][vc_column width="1/2" basel_color_scheme="light" offset="vc_col-md-3"][basel_counter value="365"][vc_separator color="custom" border_width="2" el_width="30" accent_color="rgba(255,255,255,0.8)" css=".vc_custom_1475482106287{margin-bottom: 20px !important;}"][vc_custom_heading text="WORKING DAYS" font_container="tag:h2|text_align:center|color:%23ffffff" use_theme_fonts="yes"][/vc_column][vc_column width="1/2" basel_color_scheme="light" offset="vc_col-md-3"][basel_counter value="205"][vc_separator color="custom" border_width="2" el_width="30" accent_color="rgba(255,255,255,0.8)" css=".vc_custom_1475482106287{margin-bottom: 20px !important;}"][vc_custom_heading text="EXPERT REVIEWS" font_container="tag:h2|text_align:center|color:%23ffffff" use_theme_fonts="yes"][/vc_column][/vc_row][vc_row equal_height="yes" content_placement="middle" css=".vc_custom_1475522205088{margin-bottom: 10vh !important;}"][vc_column width="1/2" css=".vc_custom_1475521656435{background-position: center !important;background-repeat: no-repeat !important;background-size: contain !important;}"][vc_single_image image="428" img_size="full"][/vc_column][vc_column width="1/2" css=".vc_custom_1475427245539{padding-top: 5vh !important;padding-bottom: 5vh !important;}"][basel_title style="simple" align="left" title="WHY OUR COFFEE SHOP" subtitle="LEARN MORE"][vc_column_text css=".vc_custom_1475522393159{margin-bottom: 20px !important;}"]A aliquet torquent vestibulum hendrerit lacinia sociis donec aliquam aenean vestibulum enim sociis justo metus potenti sem ullamcorper cras vestibulum.
<ul>
 	<li><strong>100% original </strong>nissim vestibulum interdum eu.</li>
 	<li><strong>Organic components</strong> per magna tempor est class.</li>
 	<li><strong>Arabica &amp; espresso</strong> consectetur maecenas suspendisse.</li>
 	<li><strong>Aroma classic</strong> blandit rutrum condimentum.</li>
</ul>
[/vc_column_text][basel_button color="primary" align="left" title="GO TO SHOP" link="http://demo.xtemos.com/basel/shop/"][/vc_column][/vc_row][vc_row css=".vc_custom_1475417452138{margin-bottom: 10vh !important;}"][vc_column][basel_title style="bordered" title="ABOUT COFFEE" subtitle="OUR BLOG" css=".vc_custom_1475417308507{margin-bottom: 30px !important;}"][basel_posts slides_per_view="3" hide_prev_next_buttons="yes"][/vc_column][/vc_row][vc_row full_width="stretch_row" css=".vc_custom_1475437339540{margin-bottom: -40px !important;padding-top: 5vh !important;padding-bottom: 5vh !important;background-color: #f9f9f9 !important;}"][vc_column][basel_title style="bordered" title="ABOUT US" subtitle="OUR CLIENTS SAY" css=".vc_custom_1475417392785{margin-bottom: 30px !important;}"][testimonials style="boxed" slides_per_view="3" autoplay="yes" speed="9000" hide_prev_next_buttons="yes" wrap="yes"][testimonial name="Miranda Louis" title="Vloger" image="429" img_size="full"]Consectetur diam a a faucibus eget nec a praesent ac taciti pretium a mollis ultrices aenean sem facilisis leo scelerisque mi convallis dolor.[/testimonial][testimonial name="Miranda Louis" title="Vloger" image="429" img_size="full"]Consectetur diam a a faucibus eget nec a praesent ac taciti pretium a mollis ultrices aenean sem facilisis leo scelerisque mi convallis dolor.[/testimonial][testimonial name="Miranda Louis" title="Vloger" image="429" img_size="full"]Consectetur diam a a faucibus eget nec a praesent ac taciti pretium a mollis ultrices aenean sem facilisis leo scelerisque mi convallis dolor.[/testimonial][testimonial name="Miranda Louis" title="Vloger" image="429" img_size="full"]Consectetur diam a a faucibus eget nec a praesent ac taciti pretium a mollis ultrices aenean sem facilisis leo scelerisque mi convallis dolor.[/testimonial][testimonial name="Miranda Louis" title="Vloger" image="429" img_size="full"]Consectetur diam a a faucibus eget nec a praesent ac taciti pretium a mollis ultrices aenean sem facilisis leo scelerisque mi convallis dolor.[/testimonial][/testimonials][/vc_column][/vc_row]]]></content:encoded>
		<excerpt:encoded><![CDATA[]]></excerpt:encoded>
		<wp:post_id>425</wp:post_id>
		<wp:post_date>2016-10-03 21:28:15</wp:post_date>
		<wp:post_date_gmt>2016-10-03 21:28:15</wp:post_date_gmt>
		<wp:comment_status>closed</wp:comment_status>
		<wp:ping_status>closed</wp:ping_status>
		<wp:post_name>home-coffee</wp:post_name>
		<wp:status>publish</wp:status>
		<wp:post_parent>0</wp:post_parent>
		<wp:menu_order>0</wp:menu_order>
		<wp:post_type>page</wp:post_type>
		<wp:post_password></wp:post_password>
		<wp:is_sticky>0</wp:is_sticky>
		<wp:postmeta>
			<wp:meta_key>_wp_page_template</wp:meta_key>
			<wp:meta_value><![CDATA[default]]></wp:meta_value>
		</wp:postmeta>
		<wp:postmeta>
			<wp:meta_key>_wpb_shortcodes_custom_css</wp:meta_key>
			<wp:meta_value><![CDATA[.vc_custom_1475417430700{margin-bottom: 10vh !important;}.vc_custom_1475424348828{margin-bottom: 10vh !important;}.vc_custom_1475417435898{margin-bottom: 10vh !important;}.vc_custom_1475529791810{margin-bottom: 10vh !important;padding-top: 100px !important;padding-bottom: 100px !important;background-image: url(http://xtemos.com/dummy/basel3/wp-content/uploads/2016/10/coffee-block-bg.jpg?id=427) !important;background-position: center !important;background-repeat: no-repeat !important;background-size: cover !important;}.vc_custom_1475522205088{margin-bottom: 10vh !important;}.vc_custom_1475417452138{margin-bottom: 10vh !important;}.vc_custom_1475437339540{margin-bottom: -40px !important;padding-top: 5vh !important;padding-bottom: 5vh !important;background-color: #f9f9f9 !important;}.vc_custom_1475527218990{margin-bottom: 20px !important;}.vc_custom_1475527226743{margin-bottom: 20px !important;}.vc_custom_1475527229935{margin-bottom: 20px !important;}.vc_custom_1475417349759{margin-bottom: 30px !important;}.vc_custom_1475482106287{margin-bottom: 20px !important;}.vc_custom_1475482106287{margin-bottom: 20px !important;}.vc_custom_1475482106287{margin-bottom: 20px !important;}.vc_custom_1475482106287{margin-bottom: 20px !important;}.vc_custom_1475521656435{background-position: center !important;background-repeat: no-repeat !important;background-size: contain !important;}.vc_custom_1475427245539{padding-top: 5vh !important;padding-bottom: 5vh !important;}.vc_custom_1475522393159{margin-bottom: 20px !important;}.vc_custom_1475417308507{margin-bottom: 30px !important;}.vc_custom_1475417392785{margin-bottom: 30px !important;}]]></wp:meta_value>
		</wp:postmeta>
		<wp:postmeta>
			<wp:meta_key>_basel_main_layout</wp:meta_key>
			<wp:meta_value><![CDATA[full-width]]></wp:meta_value>
		</wp:postmeta>
		<wp:postmeta>
			<wp:meta_key>_basel_header_color_scheme</wp:meta_key>
			<wp:meta_value><![CDATA[inherit]]></wp:meta_value>
		</wp:postmeta>
		<wp:postmeta>
			<wp:meta_key>_basel_title_off</wp:meta_key>
			<wp:meta_value><![CDATA[on]]></wp:meta_value>
		</wp:postmeta>
		<wp:postmeta>
			<wp:meta_key>_basel_title_image_id</wp:meta_key>
			<wp:meta_value><![CDATA[0]]></wp:meta_value>
		</wp:postmeta>
	</item>
	<item>
		<title>coffee_icon</title>
		<link>http://xtemos.com/dummy/basel3/home-coffee/coffee_icon/</link>
		<pubDate>Mon, 03 Oct 2016 21:26:29 +0000</pubDate>
		<dc:creator><![CDATA[admin]]></dc:creator>
		<guid isPermaLink="false">http://xtemos.com/dummy/basel3/wp-content/uploads/2016/10/coffee_icon.png</guid>
		<description></description>
		<content:encoded><![CDATA[]]></content:encoded>
		<excerpt:encoded><![CDATA[]]></excerpt:encoded>
		<wp:post_id>426</wp:post_id>
		<wp:post_date>2016-10-03 21:26:29</wp:post_date>
		<wp:post_date_gmt>2016-10-03 21:26:29</wp:post_date_gmt>
		<wp:comment_status>open</wp:comment_status>
		<wp:ping_status>closed</wp:ping_status>
		<wp:post_name>coffee_icon</wp:post_name>
		<wp:status>inherit</wp:status>
		<wp:post_parent>425</wp:post_parent>
		<wp:menu_order>0</wp:menu_order>
		<wp:post_type>attachment</wp:post_type>
		<wp:post_password></wp:post_password>
		<wp:is_sticky>0</wp:is_sticky>
		<wp:attachment_url>http://xtemos.com/dummy/basel3/wp-content/uploads/2016/10/coffee_icon.png</wp:attachment_url>
		<wp:postmeta>
			<wp:meta_key>_wp_attached_file</wp:meta_key>
			<wp:meta_value><![CDATA[2016/10/coffee_icon.png]]></wp:meta_value>
		</wp:postmeta>
	</item>
	<item>
		<title>beans</title>
		<link>http://xtemos.com/dummy/basel3/home-coffee/beans/</link>
		<pubDate>Mon, 03 Oct 2016 21:27:26 +0000</pubDate>
		<dc:creator><![CDATA[admin]]></dc:creator>
		<guid isPermaLink="false">http://xtemos.com/dummy/basel3/wp-content/uploads/2016/10/beans.jpg</guid>
		<description></description>
		<content:encoded><![CDATA[]]></content:encoded>
		<excerpt:encoded><![CDATA[]]></excerpt:encoded>
		<wp:post_id>428</wp:post_id>
		<wp:post_date>2016-10-03 21:27:26</wp:post_date>
		<wp:post_date_gmt>2016-10-03 21:27:26</wp:post_date_gmt>
		<wp:comment_status>open</wp:comment_status>
		<wp:ping_status>closed</wp:ping_status>
		<wp:post_name>beans</wp:post_name>
		<wp:status>inherit</wp:status>
		<wp:post_parent>425</wp:post_parent>
		<wp:menu_order>0</wp:menu_order>
		<wp:post_type>attachment</wp:post_type>
		<wp:post_password></wp:post_password>
		<wp:is_sticky>0</wp:is_sticky>
		<wp:attachment_url>http://xtemos.com/dummy/basel3/wp-content/uploads/2016/10/beans.jpg</wp:attachment_url>
		<wp:postmeta>
			<wp:meta_key>_wp_attached_file</wp:meta_key>
			<wp:meta_value><![CDATA[2016/10/beans.jpg]]></wp:meta_value>
		</wp:postmeta>
	</item>
	<item>
		<title>testimon5</title>
		<link>http://xtemos.com/dummy/basel3/home-coffee/testimon5/</link>
		<pubDate>Mon, 03 Oct 2016 21:28:01 +0000</pubDate>
		<dc:creator><![CDATA[admin]]></dc:creator>
		<guid isPermaLink="false">http://xtemos.com/dummy/basel3/wp-content/uploads/2016/10/testimon5.jpg</guid>
		<description></description>
		<content:encoded><![CDATA[]]></content:encoded>
		<excerpt:encoded><![CDATA[]]></excerpt:encoded>
		<wp:post_id>429</wp:post_id>
		<wp:post_date>2016-10-03 21:28:01</wp:post_date>
		<wp:post_date_gmt>2016-10-03 21:28:01</wp:post_date_gmt>
		<wp:comment_status>open</wp:comment_status>
		<wp:ping_status>closed</wp:ping_status>
		<wp:post_name>testimon5</wp:post_name>
		<wp:status>inherit</wp:status>
		<wp:post_parent>425</wp:post_parent>
		<wp:menu_order>0</wp:menu_order>
		<wp:post_type>attachment</wp:post_type>
		<wp:post_password></wp:post_password>
		<wp:is_sticky>0</wp:is_sticky>
		<wp:attachment_url>http://xtemos.com/dummy/basel3/wp-content/uploads/2016/10/testimon5.jpg</wp:attachment_url>
		<wp:postmeta>
			<wp:meta_key>_wp_attached_file</wp:meta_key>
			<wp:meta_value><![CDATA[2016/10/testimon5.jpg]]></wp:meta_value>
		</wp:postmeta>
	</item>
</channel>
</rss>
