<?xml version="1.0" encoding="UTF-8" ?>
<!-- This is a WordPress eXtended RSS file generated by WordPress as an export of your site. -->
<!-- It contains information about your site's posts, pages, comments, categories, and other content. -->
<!-- You may use this file to transfer that content from one site to another. -->
<!-- This file is not intended to serve as a complete backup of your site. -->

<!-- To import this information into a WordPress site follow these steps: -->
<!-- 1. Log in to that site as an administrator. -->
<!-- 2. Go to Tools: Import in the WordPress admin panel. -->
<!-- 3. Install the "WordPress" importer from the list. -->
<!-- 4. Activate & Run Importer. -->
<!-- 5. Upload this file using the form provided on that page. -->
<!-- 6. You will first be asked to map the authors in this export file to users -->
<!--    on the site. For each author, you may choose to map to an -->
<!--    existing user on the site or to create a new user. -->
<!-- 7. WordPress will then import each of the posts, pages, comments, categories, etc. -->
<!--    contained in this file into your site. -->

<!-- generator="WordPress/4.6.1" created="2016-10-17 20:25" -->
<rss version="2.0"
	xmlns:excerpt="http://wordpress.org/export/1.2/excerpt/"
	xmlns:content="http://purl.org/rss/1.0/modules/content/"
	xmlns:wfw="http://wellformedweb.org/CommentAPI/"
	xmlns:dc="http://purl.org/dc/elements/1.1/"
	xmlns:wp="http://wordpress.org/export/1.2/"
>

<channel>
	<title>Dummy 3</title>
	<link>http://xtemos.com/dummy/basel3</link>
	<description>Just another WordPress site</description>
	<pubDate>Mon, 17 Oct 2016 20:25:59 +0000</pubDate>
	<language>en-US</language>
	<wp:wxr_version>1.2</wp:wxr_version>
	<wp:base_site_url>http://xtemos.com/dummy/basel3</wp:base_site_url>
	<wp:base_blog_url>http://xtemos.com/dummy/basel3</wp:base_blog_url>

	<wp:author><wp:author_id>1</wp:author_id><wp:author_login>admin</wp:author_login><wp:author_email>admin@basel.as</wp:author_email><wp:author_display_name><![CDATA[admin]]></wp:author_display_name><wp:author_first_name><![CDATA[]]></wp:author_first_name><wp:author_last_name><![CDATA[]]></wp:author_last_name></wp:author>


	<generator>https://wordpress.org/?v=4.6.1</generator>

	<item>
		<title>testimon5</title>
		<link>http://xtemos.com/dummy/basel3/home-coffee/testimon5/</link>
		<pubDate>Mon, 03 Oct 2016 21:28:01 +0000</pubDate>
		<dc:creator><![CDATA[admin]]></dc:creator>
		<guid isPermaLink="false">http://xtemos.com/dummy/basel3/wp-content/uploads/2016/10/testimon5.jpg</guid>
		<description></description>
		<content:encoded><![CDATA[]]></content:encoded>
		<excerpt:encoded><![CDATA[]]></excerpt:encoded>
		<wp:post_id>429</wp:post_id>
		<wp:post_date>2016-10-03 21:28:01</wp:post_date>
		<wp:post_date_gmt>2016-10-03 21:28:01</wp:post_date_gmt>
		<wp:comment_status>open</wp:comment_status>
		<wp:ping_status>closed</wp:ping_status>
		<wp:post_name>testimon5</wp:post_name>
		<wp:status>inherit</wp:status>
		<wp:post_parent>425</wp:post_parent>
		<wp:menu_order>0</wp:menu_order>
		<wp:post_type>attachment</wp:post_type>
		<wp:post_password></wp:post_password>
		<wp:is_sticky>0</wp:is_sticky>
		<wp:attachment_url>http://xtemos.com/dummy/basel3/wp-content/uploads/2016/10/testimon5.jpg</wp:attachment_url>
		<wp:postmeta>
			<wp:meta_key>_wp_attached_file</wp:meta_key>
			<wp:meta_value><![CDATA[2016/10/testimon5.jpg]]></wp:meta_value>
		</wp:postmeta>
	</item>
	<item>
		<title>Home organic</title>
		<link>http://xtemos.com/dummy/basel3/home-organic/</link>
		<pubDate>Mon, 17 Oct 2016 18:11:35 +0000</pubDate>
		<dc:creator><![CDATA[admin]]></dc:creator>
		<guid isPermaLink="false">http://xtemos.com/dummy/basel3/?page_id=441</guid>
		<description></description>
		<content:encoded><![CDATA[[vc_row css=".vc_custom_1476617537686{margin-bottom: -40px !important;}"][vc_column][rev_slider_vc alias="organic-slider"][/vc_column][/vc_row][vc_row full_width="stretch_row" css=".vc_custom_1476354699861{margin-bottom: 10vh !important;background-color: #f9f9f9 !important;}"][vc_column][basel_title style="simple" size="extra-large" title="How it works"][/vc_column][vc_column width="1/3" css=".vc_custom_1476358529567{margin-bottom: 40px !important;}"][vc_row_inner content_placement="bottom"][vc_column_inner width="1/2" css=".vc_custom_1476434073288{padding-right: 30px !important;}" offset="vc_col-lg-6 vc_col-md-6 vc_col-xs-6"][vc_custom_heading text="1." font_container="tag:h1|font_size:60px|text_align:right|color:%2398cb4c|line_height:1" use_theme_fonts="yes" css=".vc_custom_1476269341255{margin-bottom: 35px !important;}"][/vc_column_inner][vc_column_inner width="1/2" css=".vc_custom_1476434086998{padding-left: 0px !important;}" offset="vc_col-lg-6 vc_col-md-6 vc_col-xs-6"][vc_single_image image="450" img_size="full"][/vc_column_inner][/vc_row_inner][vc_column_text]
<h2 style="font-weight: bold; text-align: center;">Select your box</h2>
<p style="text-align: center;">Primis aptent vel turpis a a class suspendisse et augue orci a diam tristique consequat hendrerit ullamcorper torquent a integer a arcu neque vestibulum hac.</p>
[/vc_column_text][/vc_column][vc_column width="1/3" css=".vc_custom_1476358536357{margin-bottom: 40px !important;}"][vc_row_inner content_placement="bottom"][vc_column_inner width="1/2" css=".vc_custom_1476434178106{padding-right: 30px !important;}" offset="vc_col-lg-6 vc_col-md-6 vc_col-xs-6"][vc_custom_heading text="2." font_container="tag:h1|font_size:60px|text_align:right|color:%2398cb4c|line_height:1" use_theme_fonts="yes" css=".vc_custom_1476269351747{margin-bottom: 35px !important;}"][/vc_column_inner][vc_column_inner width="1/2" css=".vc_custom_1476434186920{padding-left: 0px !important;}" offset="vc_col-lg-6 vc_col-md-6 vc_col-xs-6"][vc_single_image image="450" img_size="full"][/vc_column_inner][/vc_row_inner][vc_column_text]
<h2 style="font-weight: bold; text-align: center;">Choose your box contents</h2>
<p style="text-align: center;">Purus velit class id conse ctetur ante elit vestibulum dignissim magna adipiscing quisque ante volutpat vestibulum vulputate. Suspendisse eu.</p>
[/vc_column_text][/vc_column][vc_column width="1/3" css=".vc_custom_1476358541582{margin-bottom: 40px !important;}"][vc_row_inner content_placement="bottom"][vc_column_inner width="1/2" css=".vc_custom_1476434194868{padding-right: 30px !important;}" offset="vc_col-lg-6 vc_col-md-6 vc_col-xs-6"][vc_custom_heading text="3." font_container="tag:h1|font_size:60px|text_align:right|color:%2398cb4c|line_height:1" use_theme_fonts="yes" css=".vc_custom_1476269358614{margin-bottom: 35px !important;}"][/vc_column_inner][vc_column_inner width="1/2" css=".vc_custom_1476434203083{padding-left: 0px !important;}" offset="vc_col-lg-6 vc_col-md-6 vc_col-xs-6"][vc_single_image image="450" img_size="full"][/vc_column_inner][/vc_row_inner][vc_column_text]
<h2 style="font-weight: bold; text-align: center;">Recieve your box</h2>
<p style="text-align: center;">Hendrerit cursus duis nostra adipiscing vestibulum nulla a nam eu commodo primis scelerisque lacus litora a tristique adipiscing nam.</p>
[/vc_column_text][/vc_column][/vc_row][vc_row css=".vc_custom_1476096953664{margin-bottom: 25px !important;}"][vc_column][basel_title style="simple" size="extra-large" title="Our products"][/vc_column][/vc_row][vc_row css=".vc_custom_1476348487849{margin-bottom: 10vh !important;}"][vc_column width="1/3" offset="vc_hidden-sm vc_hidden-xs"][promo_banner image="452" alignment="center" hover="4" basel_color_scheme="dark" img_size="full" link="#"]
<h1 style="font-size: 32px;">Healthy Snacks</h1>
Orci condimentum et a fringilla urna.
Integer tincidunt fusce eu ipsum a.

<a class="btn btn-color-primary btn-style-default btn-size-small" href="#">Shop now</a>[/promo_banner][promo_banner image="453" alignment="center" hover="4" basel_color_scheme="dark" img_size="full" link="#"]
<h1 style="font-size: 32px;">Organic Jam</h1>
Gravida a imperdiet vestulum tempor.
Vulsputate nec prlimis a nec class.

<a class="btn btn-color-primary btn-style-default btn-size-small" href="#">Shop now</a>[/promo_banner][/vc_column][vc_column offset="vc_col-lg-8 vc_col-md-8 vc_col-xs-12"][vc_tta_tabs shape="square" spacing="" active_section="1" no_fill_content_area="true"][vc_tta_section title="Supersnack" tab_id="supersnack"][basel_products items_per_page="6" columns="3"][/vc_tta_section][vc_tta_section title="Meal Kit" tab_id="meal-kit"][basel_products items_per_page="6" columns="3"][/vc_tta_section][vc_tta_section title="Superfood" tab_id="superfood"][basel_products items_per_page="6" columns="3"][/vc_tta_section][/vc_tta_tabs][/vc_column][/vc_row][vc_row full_width="stretch_row" css=".vc_custom_1476729799605{margin-bottom: 0px !important;padding-top: 20px !important;padding-bottom: 50px !important;background-image: url(http://xtemos.com/dummy/basel3/wp-content/uploads/2016/10/org-testimon-bg.jpg?id=454) !important;}"][vc_column][basel_title style="simple" size="extra-large" title="Our clients say"][testimonials style="boxed" slides_per_view="3"][testimonial name="Miranda Louis" title="Vloger" image="429" img_size="full"]Rhoncus id ut gravida ante mi mattis a dignissim ridiculus a ornare est fusce sem a orci. Quis ante a a sodales dolor consectetur ligula vivamus per natoque ac adipiscing interdum litora consectetur consequat iaculis etiam ad ac vestibulum dolor.[/testimonial][testimonial name="Miranda Louis" title="Vloger" image="429" img_size="full"]Rhoncus id ut gravida ante mi mattis a dignissim ridiculus a ornare est fusce sem a orci. Quis ante a a sodales dolor consectetur ligula vivamus per natoque ac adipiscing interdum litora consectetur consequat iaculis etiam ad ac vestibulum dolor.[/testimonial][testimonial name="Miranda Louis" title="Vloger" image="429" img_size="full"]Rhoncus id ut gravida ante mi mattis a dignissim ridiculus a ornare est fusce sem a orci. Quis ante a a sodales dolor consectetur ligula vivamus per natoque ac adipiscing interdum litora consectetur consequat iaculis etiam ad ac vestibulum dolor.[/testimonial][testimonial name="Miranda Louis" title="Vloger" image="429" img_size="full"]Rhoncus id ut gravida ante mi mattis a dignissim ridiculus a ornare est fusce sem a orci. Quis ante a a sodales dolor consectetur ligula vivamus per natoque ac adipiscing interdum litora consectetur consequat iaculis etiam ad ac vestibulum dolor.[/testimonial][/testimonials][/vc_column][/vc_row][vc_row full_width="stretch_row" content_placement="middle" css=".vc_custom_1476729843272{margin-bottom: 10vh !important;padding-top: 70px !important;padding-bottom: 70px !important;background-image: url(http://xtemos.com/dummy/basel3/wp-content/uploads/2016/10/org-sld1.jpg?id=455) !important;background-position: center !important;background-repeat: no-repeat !important;background-size: cover !important;}"][vc_column width="1/2" basel_color_scheme="light" css=".vc_custom_1476310192253{padding-bottom: 35px !important;}"][vc_custom_heading text="CLEAN FOOD'S MOTTO" font_container="tag:h1|font_size:20px|text_align:right|color:rgba(255%2C255%2C255%2C0.9)|line_height:1" use_theme_fonts="yes"][vc_custom_heading text="Eat clean food" font_container="tag:h1|font_size:50px|text_align:right|color:%23ffffff|line_height:1" use_theme_fonts="yes"][vc_column_text]
<p style="text-align: right;">Malesuada ultrices natoque ullamcorper suspendisse penatibus fringilla risus parturient suscipit torquent et condimentum convallis dapibus. Condimentum dui vestibulum fusce pharetra urna mi porta curae a in eu non auctor nulla a condimentum a elit mus.</p>
<p style="text-align: right;">Phasellus scelerisque adipiscing a a luctus mattis a eget adipiscing ultricies habitasse suspendisse suspendisse quam facilisis quam conubia parturient ipsum dolor a facilisis ullamcorper.</p>
[/vc_column_text][social_buttons align="right"][/vc_column][vc_column width="1/2" basel_color_scheme="light"][vc_single_image image="456" img_size="428x370" css=".vc_custom_1476729934343{padding-left: 30px !important;}"][/vc_column][/vc_row][vc_row full_width="stretch_row" content_placement="middle" css=".vc_custom_1476462998431{margin-bottom: 10vh !important;}"][vc_column width="1/2"][vc_images_carousel images="457,458" img_size="full" onclick="link_no" autoplay="yes" wrap="yes"][/vc_column][vc_column width="1/2" css=".vc_custom_1476463155351{padding-top: 0px !important;}"][vc_custom_heading text="THIS MONTH'S SPECIAL" font_container="tag:h1|font_size:20px|text_align:left|color:%23a2a2a2|line_height:1" use_theme_fonts="yes"][vc_custom_heading text="Zdravo 100% organic juice" font_container="tag:h1|font_size:50px|text_align:left|color:%23000000|line_height:1" use_theme_fonts="yes"][vc_custom_heading text="$16.99" font_container="tag:h1|font_size:42px|text_align:left|color:%2398cb4c|line_height:1" use_theme_fonts="yes"][vc_column_text css=".vc_custom_1476457325342{margin-bottom: 20px !important;}"]Quam a lacinia a ridiculus a penatibus ut in magnis et a conubia a dolor arcu lacinia vestibulum leo eu praesent hac. Erat adipiscing imperdiet nunc erat aliquet tincidunt ut a platea nullam vel vehicula sed semper scelerisque id sit maecenas interdum.[/vc_column_text][vc_row_inner css=".vc_custom_1476457332932{margin-bottom: 20px !important;margin-left: -2px !important;padding-left: 0px !important;}"][vc_column_inner css=".vc_custom_1476359969809{padding-left: 0px !important;}"][basel_countdown_timer basel_color_scheme="light" size="small" align="left" style="standard" date="2017/12/31"][/vc_column_inner][/vc_row_inner][basel_button color="primary" align="left" title="Go to shop" link="http://demo.xtemos.com/basel/shop/"][/vc_column][/vc_row][vc_row full_width="stretch_row" css=".vc_custom_1476613734092{margin-bottom: 8vh !important;padding-top: 40px !important;padding-bottom: 60px !important;background-color: #f9f9f9 !important;}"][vc_column][basel_title style="simple" size="extra-large" title="Our blog"][basel_posts slides_per_view="3" scroll_per_page="yes" posts_query="size:3|order_by:date|post_type:,post" img_size="367x225"][/vc_column][/vc_row][vc_row css=".vc_custom_1476613712108{margin-bottom: 10vh !important;}"][vc_column width="1/2" offset="vc_col-lg-3 vc_col-md-3 vc_col-xs-12"][basel_title style="simple" align="left" title="New products"][basel_shortcode_products_widget number="3"][/vc_column][vc_column width="1/2" offset="vc_col-lg-3 vc_col-md-3 vc_col-xs-12"][basel_title style="simple" align="left" title="Featured"][basel_shortcode_products_widget number="3"][/vc_column][vc_column width="1/2" offset="vc_col-lg-3 vc_col-md-3 vc_col-xs-12"][basel_title style="simple" align="left" title="Recent tweets"][vc_widget_sidebar sidebar_id="sidebar-461"][/vc_column][vc_column width="1/2" offset="vc_col-lg-3 vc_col-md-3 vc_col-xs-12"][basel_title style="simple" align="left" title="Instagram"][basel_instagram target="_blank" design="grid" per_row="3" spacing="1" username="befitfoods" number="9"][/basel_instagram][/vc_column][/vc_row][vc_row full_width="stretch_row" css=".vc_custom_1476613314875{margin-bottom: -40px !important;background-color: #98cb4c !important;}"][vc_column width="1/2" basel_color_scheme="light" css=".vc_custom_1476463254488{margin-bottom: 0px !important;padding-top: 20px !important;padding-bottom: 20px !important;}" offset="vc_col-lg-3 vc_col-md-3 vc_col-xs-12"][vc_column_text css=".vc_custom_1476433947709{margin-bottom: 0px !important;}"]
<h5 style="text-align: center; margin-bottom: 0; text-transform: uppercase;"><i class="fa fa-truck" style="margin-right: 5px;"></i>FREE SHIPPING</h5>
[/vc_column_text][/vc_column][vc_column width="1/2" basel_color_scheme="light" css=".vc_custom_1476463267119{margin-bottom: 0px !important;padding-top: 20px !important;padding-bottom: 20px !important;}" offset="vc_col-lg-3 vc_col-md-3 vc_col-xs-12"][vc_column_text css=".vc_custom_1476433955671{margin-bottom: 0px !important;}"]
<h5 style="text-align: center; margin-bottom: 0; text-transform: uppercase;"><i class="fa fa-life-ring" style="margin-right: 5px;"></i>SUPPORT CUSTOMER</h5>
[/vc_column_text][/vc_column][vc_column width="1/2" basel_color_scheme="light" css=".vc_custom_1476463280736{margin-bottom: 0px !important;padding-top: 20px !important;padding-bottom: 20px !important;}" offset="vc_col-lg-3 vc_col-md-3 vc_col-xs-12"][vc_column_text css=".vc_custom_1476433961634{margin-bottom: 0px !important;}"]
<h5 style="text-align: center; margin-bottom: 0; text-transform: uppercase;"><i class="fa fa-cc-visa" style="margin-right: 5px;"></i>SECURE PAYMENTS</h5>
[/vc_column_text][/vc_column][vc_column width="1/2" basel_color_scheme="light" css=".vc_custom_1476463312411{margin-bottom: 0px !important;padding-top: 20px !important;padding-bottom: 20px !important;}" offset="vc_col-lg-3 vc_col-md-3 vc_col-xs-12"][vc_column_text css=".vc_custom_1476433967996{margin-bottom: 0px !important;}"]
<h5 style="text-align: center; margin-bottom: 0; text-transform: uppercase;"><i class="fa fa-leaf" style="margin-right: 5px;"></i>MADE WITH LOVE</h5>
[/vc_column_text][/vc_column][/vc_row]]]></content:encoded>
		<excerpt:encoded><![CDATA[]]></excerpt:encoded>
		<wp:post_id>441</wp:post_id>
		<wp:post_date>2016-10-17 18:11:35</wp:post_date>
		<wp:post_date_gmt>2016-10-17 18:11:35</wp:post_date_gmt>
		<wp:comment_status>closed</wp:comment_status>
		<wp:ping_status>closed</wp:ping_status>
		<wp:post_name>home-organic</wp:post_name>
		<wp:status>publish</wp:status>
		<wp:post_parent>0</wp:post_parent>
		<wp:menu_order>0</wp:menu_order>
		<wp:post_type>page</wp:post_type>
		<wp:post_password></wp:post_password>
		<wp:is_sticky>0</wp:is_sticky>
		<wp:postmeta>
			<wp:meta_key>_wp_page_template</wp:meta_key>
			<wp:meta_value><![CDATA[default]]></wp:meta_value>
		</wp:postmeta>
		<wp:postmeta>
			<wp:meta_key>_wpb_shortcodes_custom_css</wp:meta_key>
			<wp:meta_value><![CDATA[.vc_custom_1476617537686{margin-bottom: -40px !important;}.vc_custom_1476354699861{margin-bottom: 10vh !important;background-color: #f9f9f9 !important;}.vc_custom_1476096953664{margin-bottom: 25px !important;}.vc_custom_1476348487849{margin-bottom: 10vh !important;}.vc_custom_1476729799605{margin-bottom: 0px !important;padding-top: 20px !important;padding-bottom: 50px !important;background-image: url(http://xtemos.com/dummy/basel3/wp-content/uploads/2016/10/org-testimon-bg.jpg?id=454) !important;}.vc_custom_1476729843272{margin-bottom: 10vh !important;padding-top: 70px !important;padding-bottom: 70px !important;background-image: url(http://xtemos.com/dummy/basel3/wp-content/uploads/2016/10/org-sld1.jpg?id=455) !important;background-position: center !important;background-repeat: no-repeat !important;background-size: cover !important;}.vc_custom_1476462998431{margin-bottom: 10vh !important;}.vc_custom_1476613734092{margin-bottom: 8vh !important;padding-top: 40px !important;padding-bottom: 60px !important;background-color: #f9f9f9 !important;}.vc_custom_1476613712108{margin-bottom: 10vh !important;}.vc_custom_1476613314875{margin-bottom: -40px !important;background-color: #98cb4c !important;}.vc_custom_1476358529567{margin-bottom: 40px !important;}.vc_custom_1476358536357{margin-bottom: 40px !important;}.vc_custom_1476358541582{margin-bottom: 40px !important;}.vc_custom_1476434073288{padding-right: 30px !important;}.vc_custom_1476434086998{padding-left: 0px !important;}.vc_custom_1476269341255{margin-bottom: 35px !important;}.vc_custom_1476434178106{padding-right: 30px !important;}.vc_custom_1476434186920{padding-left: 0px !important;}.vc_custom_1476269351747{margin-bottom: 35px !important;}.vc_custom_1476434194868{padding-right: 30px !important;}.vc_custom_1476434203083{padding-left: 0px !important;}.vc_custom_1476269358614{margin-bottom: 35px !important;}.vc_custom_1476310192253{padding-bottom: 35px !important;}.vc_custom_1476729934343{padding-left: 30px !important;}.vc_custom_1476463155351{padding-top: 0px !important;}.vc_custom_1476457325342{margin-bottom: 20px !important;}.vc_custom_1476457332932{margin-bottom: 20px !important;margin-left: -2px !important;padding-left: 0px !important;}.vc_custom_1476359969809{padding-left: 0px !important;}.vc_custom_1476463254488{margin-bottom: 0px !important;padding-top: 20px !important;padding-bottom: 20px !important;}.vc_custom_1476463267119{margin-bottom: 0px !important;padding-top: 20px !important;padding-bottom: 20px !important;}.vc_custom_1476463280736{margin-bottom: 0px !important;padding-top: 20px !important;padding-bottom: 20px !important;}.vc_custom_1476463312411{margin-bottom: 0px !important;padding-top: 20px !important;padding-bottom: 20px !important;}.vc_custom_1476433947709{margin-bottom: 0px !important;}.vc_custom_1476433955671{margin-bottom: 0px !important;}.vc_custom_1476433961634{margin-bottom: 0px !important;}.vc_custom_1476433967996{margin-bottom: 0px !important;}]]></wp:meta_value>
		</wp:postmeta>
		<wp:postmeta>
			<wp:meta_key>_basel_main_layout</wp:meta_key>
			<wp:meta_value><![CDATA[full-width]]></wp:meta_value>
		</wp:postmeta>
		<wp:postmeta>
			<wp:meta_key>_basel_header_color_scheme</wp:meta_key>
			<wp:meta_value><![CDATA[light]]></wp:meta_value>
		</wp:postmeta>
		<wp:postmeta>
			<wp:meta_key>_basel_title_image_id</wp:meta_key>
			<wp:meta_value><![CDATA[0]]></wp:meta_value>
		</wp:postmeta>
		<wp:postmeta>
			<wp:meta_key>_wpb_post_custom_css</wp:meta_key>
			<wp:meta_value><![CDATA[.main-header {
    background-color: rgba(0,0,0,0.2);
}]]></wp:meta_value>
		</wp:postmeta>
		<wp:postmeta>
			<wp:meta_key>_basel_header-overlap</wp:meta_key>
			<wp:meta_value><![CDATA[on]]></wp:meta_value>
		</wp:postmeta>
		<wp:postmeta>
			<wp:meta_key>_basel_title_off</wp:meta_key>
			<wp:meta_value><![CDATA[on]]></wp:meta_value>
		</wp:postmeta>
	</item>
	<item>
		<title>organic-icon-1</title>
		<link>http://xtemos.com/dummy/basel3/home-organic/organic-icon-1/</link>
		<pubDate>Mon, 17 Oct 2016 18:46:14 +0000</pubDate>
		<dc:creator><![CDATA[admin]]></dc:creator>
		<guid isPermaLink="false">http://xtemos.com/dummy/basel3/wp-content/uploads/2016/10/organic-icon-1.png</guid>
		<description></description>
		<content:encoded><![CDATA[]]></content:encoded>
		<excerpt:encoded><![CDATA[]]></excerpt:encoded>
		<wp:post_id>450</wp:post_id>
		<wp:post_date>2016-10-17 18:46:14</wp:post_date>
		<wp:post_date_gmt>2016-10-17 18:46:14</wp:post_date_gmt>
		<wp:comment_status>open</wp:comment_status>
		<wp:ping_status>closed</wp:ping_status>
		<wp:post_name>organic-icon-1</wp:post_name>
		<wp:status>inherit</wp:status>
		<wp:post_parent>441</wp:post_parent>
		<wp:menu_order>0</wp:menu_order>
		<wp:post_type>attachment</wp:post_type>
		<wp:post_password></wp:post_password>
		<wp:is_sticky>0</wp:is_sticky>
		<wp:attachment_url>http://xtemos.com/dummy/basel3/wp-content/uploads/2016/10/organic-icon-1.png</wp:attachment_url>
		<wp:postmeta>
			<wp:meta_key>_wp_attached_file</wp:meta_key>
			<wp:meta_value><![CDATA[2016/10/organic-icon-1.png]]></wp:meta_value>
		</wp:postmeta>
	</item>
	<item>
		<title>organic-bann-1</title>
		<link>http://xtemos.com/dummy/basel3/home-organic/organic-bann-1/</link>
		<pubDate>Mon, 17 Oct 2016 18:47:48 +0000</pubDate>
		<dc:creator><![CDATA[admin]]></dc:creator>
		<guid isPermaLink="false">http://xtemos.com/dummy/basel3/wp-content/uploads/2016/10/organic-bann-1.jpg</guid>
		<description></description>
		<content:encoded><![CDATA[]]></content:encoded>
		<excerpt:encoded><![CDATA[]]></excerpt:encoded>
		<wp:post_id>452</wp:post_id>
		<wp:post_date>2016-10-17 18:47:48</wp:post_date>
		<wp:post_date_gmt>2016-10-17 18:47:48</wp:post_date_gmt>
		<wp:comment_status>open</wp:comment_status>
		<wp:ping_status>closed</wp:ping_status>
		<wp:post_name>organic-bann-1</wp:post_name>
		<wp:status>inherit</wp:status>
		<wp:post_parent>441</wp:post_parent>
		<wp:menu_order>0</wp:menu_order>
		<wp:post_type>attachment</wp:post_type>
		<wp:post_password></wp:post_password>
		<wp:is_sticky>0</wp:is_sticky>
		<wp:attachment_url>http://xtemos.com/dummy/basel3/wp-content/uploads/2016/10/organic-bann-1.jpg</wp:attachment_url>
		<wp:postmeta>
			<wp:meta_key>_wp_attached_file</wp:meta_key>
			<wp:meta_value><![CDATA[2016/10/organic-bann-1.jpg]]></wp:meta_value>
		</wp:postmeta>
	</item>
	<item>
		<title>organic-bann-2</title>
		<link>http://xtemos.com/dummy/basel3/home-organic/organic-bann-2/</link>
		<pubDate>Mon, 17 Oct 2016 18:47:58 +0000</pubDate>
		<dc:creator><![CDATA[admin]]></dc:creator>
		<guid isPermaLink="false">http://xtemos.com/dummy/basel3/wp-content/uploads/2016/10/organic-bann-2.jpg</guid>
		<description></description>
		<content:encoded><![CDATA[]]></content:encoded>
		<excerpt:encoded><![CDATA[]]></excerpt:encoded>
		<wp:post_id>453</wp:post_id>
		<wp:post_date>2016-10-17 18:47:58</wp:post_date>
		<wp:post_date_gmt>2016-10-17 18:47:58</wp:post_date_gmt>
		<wp:comment_status>open</wp:comment_status>
		<wp:ping_status>closed</wp:ping_status>
		<wp:post_name>organic-bann-2</wp:post_name>
		<wp:status>inherit</wp:status>
		<wp:post_parent>441</wp:post_parent>
		<wp:menu_order>0</wp:menu_order>
		<wp:post_type>attachment</wp:post_type>
		<wp:post_password></wp:post_password>
		<wp:is_sticky>0</wp:is_sticky>
		<wp:attachment_url>http://xtemos.com/dummy/basel3/wp-content/uploads/2016/10/organic-bann-2.jpg</wp:attachment_url>
		<wp:postmeta>
			<wp:meta_key>_wp_attached_file</wp:meta_key>
			<wp:meta_value><![CDATA[2016/10/organic-bann-2.jpg]]></wp:meta_value>
		</wp:postmeta>
	</item>
	<item>
		<title>logo-test</title>
		<link>http://xtemos.com/dummy/basel3/home-organic/logo-test/</link>
		<pubDate>Mon, 17 Oct 2016 18:50:26 +0000</pubDate>
		<dc:creator><![CDATA[admin]]></dc:creator>
		<guid isPermaLink="false">http://xtemos.com/dummy/basel3/wp-content/uploads/2016/10/logo-test.png</guid>
		<description></description>
		<content:encoded><![CDATA[]]></content:encoded>
		<excerpt:encoded><![CDATA[]]></excerpt:encoded>
		<wp:post_id>456</wp:post_id>
		<wp:post_date>2016-10-17 18:50:26</wp:post_date>
		<wp:post_date_gmt>2016-10-17 18:50:26</wp:post_date_gmt>
		<wp:comment_status>open</wp:comment_status>
		<wp:ping_status>closed</wp:ping_status>
		<wp:post_name>logo-test</wp:post_name>
		<wp:status>inherit</wp:status>
		<wp:post_parent>441</wp:post_parent>
		<wp:menu_order>0</wp:menu_order>
		<wp:post_type>attachment</wp:post_type>
		<wp:post_password></wp:post_password>
		<wp:is_sticky>0</wp:is_sticky>
		<wp:attachment_url>http://xtemos.com/dummy/basel3/wp-content/uploads/2016/10/logo-test.png</wp:attachment_url>
		<wp:postmeta>
			<wp:meta_key>_wp_attached_file</wp:meta_key>
			<wp:meta_value><![CDATA[2016/10/logo-test.png]]></wp:meta_value>
		</wp:postmeta>
	</item>
	<item>
		<title>organic-single-prod-2</title>
		<link>http://xtemos.com/dummy/basel3/home-organic/organic-single-prod-2/</link>
		<pubDate>Mon, 17 Oct 2016 18:50:51 +0000</pubDate>
		<dc:creator><![CDATA[admin]]></dc:creator>
		<guid isPermaLink="false">http://xtemos.com/dummy/basel3/wp-content/uploads/2016/10/organic-single-prod-2.jpg</guid>
		<description></description>
		<content:encoded><![CDATA[]]></content:encoded>
		<excerpt:encoded><![CDATA[]]></excerpt:encoded>
		<wp:post_id>457</wp:post_id>
		<wp:post_date>2016-10-17 18:50:51</wp:post_date>
		<wp:post_date_gmt>2016-10-17 18:50:51</wp:post_date_gmt>
		<wp:comment_status>open</wp:comment_status>
		<wp:ping_status>closed</wp:ping_status>
		<wp:post_name>organic-single-prod-2</wp:post_name>
		<wp:status>inherit</wp:status>
		<wp:post_parent>441</wp:post_parent>
		<wp:menu_order>0</wp:menu_order>
		<wp:post_type>attachment</wp:post_type>
		<wp:post_password></wp:post_password>
		<wp:is_sticky>0</wp:is_sticky>
		<wp:attachment_url>http://xtemos.com/dummy/basel3/wp-content/uploads/2016/10/organic-single-prod-2.jpg</wp:attachment_url>
		<wp:postmeta>
			<wp:meta_key>_wp_attached_file</wp:meta_key>
			<wp:meta_value><![CDATA[2016/10/organic-single-prod-2.jpg]]></wp:meta_value>
		</wp:postmeta>
	</item>
	<item>
		<title>organic-single-prod-3</title>
		<link>http://xtemos.com/dummy/basel3/home-organic/organic-single-prod-3/</link>
		<pubDate>Mon, 17 Oct 2016 18:50:52 +0000</pubDate>
		<dc:creator><![CDATA[admin]]></dc:creator>
		<guid isPermaLink="false">http://xtemos.com/dummy/basel3/wp-content/uploads/2016/10/organic-single-prod-3.jpg</guid>
		<description></description>
		<content:encoded><![CDATA[]]></content:encoded>
		<excerpt:encoded><![CDATA[]]></excerpt:encoded>
		<wp:post_id>458</wp:post_id>
		<wp:post_date>2016-10-17 18:50:52</wp:post_date>
		<wp:post_date_gmt>2016-10-17 18:50:52</wp:post_date_gmt>
		<wp:comment_status>open</wp:comment_status>
		<wp:ping_status>closed</wp:ping_status>
		<wp:post_name>organic-single-prod-3</wp:post_name>
		<wp:status>inherit</wp:status>
		<wp:post_parent>441</wp:post_parent>
		<wp:menu_order>0</wp:menu_order>
		<wp:post_type>attachment</wp:post_type>
		<wp:post_password></wp:post_password>
		<wp:is_sticky>0</wp:is_sticky>
		<wp:attachment_url>http://xtemos.com/dummy/basel3/wp-content/uploads/2016/10/organic-single-prod-3.jpg</wp:attachment_url>
		<wp:postmeta>
			<wp:meta_key>_wp_attached_file</wp:meta_key>
			<wp:meta_value><![CDATA[2016/10/organic-single-prod-3.jpg]]></wp:meta_value>
		</wp:postmeta>
	</item>
	<item>
		<title>Twitter</title>
		<link>http://xtemos.com/dummy/basel3/?basel_sidebar=twitter</link>
		<pubDate>Mon, 17 Oct 2016 19:00:14 +0000</pubDate>
		<dc:creator><![CDATA[admin]]></dc:creator>
		<guid isPermaLink="false">http://xtemos.com/dummy/basel3/?post_type=basel_sidebar&#038;p=461</guid>
		<description></description>
		<content:encoded><![CDATA[]]></content:encoded>
		<excerpt:encoded><![CDATA[]]></excerpt:encoded>
		<wp:post_id>461</wp:post_id>
		<wp:post_date>2016-10-17 19:00:14</wp:post_date>
		<wp:post_date_gmt>2016-10-17 19:00:14</wp:post_date_gmt>
		<wp:comment_status>closed</wp:comment_status>
		<wp:ping_status>closed</wp:ping_status>
		<wp:post_name>twitter</wp:post_name>
		<wp:status>publish</wp:status>
		<wp:post_parent>0</wp:post_parent>
		<wp:menu_order>0</wp:menu_order>
		<wp:post_type>basel_sidebar</wp:post_type>
		<wp:post_password></wp:post_password>
		<wp:is_sticky>0</wp:is_sticky>
	</item>
</channel>
</rss>
