<?xml version="1.0" encoding="UTF-8" ?>
<!-- This is a WordPress eXtended RSS file generated by WordPress as an export of your site. -->
<!-- It contains information about your site's posts, pages, comments, categories, and other content. -->
<!-- You may use this file to transfer that content from one site to another. -->
<!-- This file is not intended to serve as a complete backup of your site. -->

<!-- To import this information into a WordPress site follow these steps: -->
<!-- 1. Log in to that site as an administrator. -->
<!-- 2. Go to Tools: Import in the WordPress admin panel. -->
<!-- 3. Install the "WordPress" importer from the list. -->
<!-- 4. Activate & Run Importer. -->
<!-- 5. Upload this file using the form provided on that page. -->
<!-- 6. You will first be asked to map the authors in this export file to users -->
<!--    on the site. For each author, you may choose to map to an -->
<!--    existing user on the site or to create a new user. -->
<!-- 7. WordPress will then import each of the posts, pages, comments, categories, etc. -->
<!--    contained in this file into your site. -->

<!-- generator="WordPress/4.4.2" created="2016-03-10 18:06" -->
<rss version="2.0"
	xmlns:excerpt="http://wordpress.org/export/1.2/excerpt/"
	xmlns:content="http://purl.org/rss/1.0/modules/content/"
	xmlns:wfw="http://wellformedweb.org/CommentAPI/"
	xmlns:dc="http://purl.org/dc/elements/1.1/"
	xmlns:wp="http://wordpress.org/export/1.2/"
>

<channel>
	<title>Dummy 3</title>
	<link>http://xtemos.com/dummy/basel3</link>
	<description>Just another WordPress site</description>
	<pubDate>Thu, 10 Mar 2016 18:06:17 +0000</pubDate>
	<language>en-US</language>
	<wp:wxr_version>1.2</wp:wxr_version>
	<wp:base_site_url>http://xtemos.com/dummy/basel3</wp:base_site_url>
	<wp:base_blog_url>http://xtemos.com/dummy/basel3</wp:base_blog_url>

	<wp:author><wp:author_id>1</wp:author_id><wp:author_login>admin</wp:author_login><wp:author_email>admin@basel.as</wp:author_email><wp:author_display_name><![CDATA[admin]]></wp:author_display_name><wp:author_first_name><![CDATA[]]></wp:author_first_name><wp:author_last_name><![CDATA[]]></wp:author_last_name></wp:author>


	<generator>https://wordpress.org/?v=4.4.2</generator>

	<item>
		<title>logo-1</title>
		<link>http://xtemos.com/dummy/basel3/home/logo-1/</link>
		<pubDate>Sat, 13 Feb 2016 09:35:35 +0000</pubDate>
		<dc:creator><![CDATA[admin]]></dc:creator>
		<guid isPermaLink="false">http://xtemos.com/dummy/basel3/wp-content/uploads/2015/12/logo-1.png</guid>
		<description></description>
		<content:encoded><![CDATA[]]></content:encoded>
		<excerpt:encoded><![CDATA[]]></excerpt:encoded>
		<wp:post_id>121</wp:post_id>
		<wp:post_date>2016-02-13 09:35:35</wp:post_date>
		<wp:post_date_gmt>2016-02-13 09:35:35</wp:post_date_gmt>
		<wp:comment_status>open</wp:comment_status>
		<wp:ping_status>closed</wp:ping_status>
		<wp:post_name>logo-1</wp:post_name>
		<wp:status>inherit</wp:status>
		<wp:post_parent>11</wp:post_parent>
		<wp:menu_order>0</wp:menu_order>
		<wp:post_type>attachment</wp:post_type>
		<wp:post_password></wp:post_password>
		<wp:is_sticky>0</wp:is_sticky>
		<wp:attachment_url>http://xtemos.com/dummy/basel3/wp-content/uploads/2015/12/logo-1.png</wp:attachment_url>
		<wp:postmeta>
			<wp:meta_key>_wp_attached_file</wp:meta_key>
			<wp:meta_value><![CDATA[2015/12/logo-1.png]]></wp:meta_value>
		</wp:postmeta>
	</item>
	<item>
		<title>logo-3</title>
		<link>http://xtemos.com/dummy/basel3/home/logo-3/</link>
		<pubDate>Sat, 13 Feb 2016 09:35:35 +0000</pubDate>
		<dc:creator><![CDATA[admin]]></dc:creator>
		<guid isPermaLink="false">http://xtemos.com/dummy/basel3/wp-content/uploads/2015/12/logo-3.png</guid>
		<description></description>
		<content:encoded><![CDATA[]]></content:encoded>
		<excerpt:encoded><![CDATA[]]></excerpt:encoded>
		<wp:post_id>122</wp:post_id>
		<wp:post_date>2016-02-13 09:35:35</wp:post_date>
		<wp:post_date_gmt>2016-02-13 09:35:35</wp:post_date_gmt>
		<wp:comment_status>open</wp:comment_status>
		<wp:ping_status>closed</wp:ping_status>
		<wp:post_name>logo-3</wp:post_name>
		<wp:status>inherit</wp:status>
		<wp:post_parent>11</wp:post_parent>
		<wp:menu_order>0</wp:menu_order>
		<wp:post_type>attachment</wp:post_type>
		<wp:post_password></wp:post_password>
		<wp:is_sticky>0</wp:is_sticky>
		<wp:attachment_url>http://xtemos.com/dummy/basel3/wp-content/uploads/2015/12/logo-3.png</wp:attachment_url>
		<wp:postmeta>
			<wp:meta_key>_wp_attached_file</wp:meta_key>
			<wp:meta_value><![CDATA[2015/12/logo-3.png]]></wp:meta_value>
		</wp:postmeta>
	</item>
	<item>
		<title>logo-4</title>
		<link>http://xtemos.com/dummy/basel3/home/logo-4/</link>
		<pubDate>Sat, 13 Feb 2016 09:35:36 +0000</pubDate>
		<dc:creator><![CDATA[admin]]></dc:creator>
		<guid isPermaLink="false">http://xtemos.com/dummy/basel3/wp-content/uploads/2015/12/logo-4.png</guid>
		<description></description>
		<content:encoded><![CDATA[]]></content:encoded>
		<excerpt:encoded><![CDATA[]]></excerpt:encoded>
		<wp:post_id>123</wp:post_id>
		<wp:post_date>2016-02-13 09:35:36</wp:post_date>
		<wp:post_date_gmt>2016-02-13 09:35:36</wp:post_date_gmt>
		<wp:comment_status>open</wp:comment_status>
		<wp:ping_status>closed</wp:ping_status>
		<wp:post_name>logo-4</wp:post_name>
		<wp:status>inherit</wp:status>
		<wp:post_parent>11</wp:post_parent>
		<wp:menu_order>0</wp:menu_order>
		<wp:post_type>attachment</wp:post_type>
		<wp:post_password></wp:post_password>
		<wp:is_sticky>0</wp:is_sticky>
		<wp:attachment_url>http://xtemos.com/dummy/basel3/wp-content/uploads/2015/12/logo-4.png</wp:attachment_url>
		<wp:postmeta>
			<wp:meta_key>_wp_attached_file</wp:meta_key>
			<wp:meta_value><![CDATA[2015/12/logo-4.png]]></wp:meta_value>
		</wp:postmeta>
	</item>
	<item>
		<title>logo-5</title>
		<link>http://xtemos.com/dummy/basel3/home/logo-5/</link>
		<pubDate>Sat, 13 Feb 2016 09:35:36 +0000</pubDate>
		<dc:creator><![CDATA[admin]]></dc:creator>
		<guid isPermaLink="false">http://xtemos.com/dummy/basel3/wp-content/uploads/2015/12/logo-5.png</guid>
		<description></description>
		<content:encoded><![CDATA[]]></content:encoded>
		<excerpt:encoded><![CDATA[]]></excerpt:encoded>
		<wp:post_id>124</wp:post_id>
		<wp:post_date>2016-02-13 09:35:36</wp:post_date>
		<wp:post_date_gmt>2016-02-13 09:35:36</wp:post_date_gmt>
		<wp:comment_status>open</wp:comment_status>
		<wp:ping_status>closed</wp:ping_status>
		<wp:post_name>logo-5</wp:post_name>
		<wp:status>inherit</wp:status>
		<wp:post_parent>11</wp:post_parent>
		<wp:menu_order>0</wp:menu_order>
		<wp:post_type>attachment</wp:post_type>
		<wp:post_password></wp:post_password>
		<wp:is_sticky>0</wp:is_sticky>
		<wp:attachment_url>http://xtemos.com/dummy/basel3/wp-content/uploads/2015/12/logo-5.png</wp:attachment_url>
		<wp:postmeta>
			<wp:meta_key>_wp_attached_file</wp:meta_key>
			<wp:meta_value><![CDATA[2015/12/logo-5.png]]></wp:meta_value>
		</wp:postmeta>
	</item>
	<item>
		<title>logo-6</title>
		<link>http://xtemos.com/dummy/basel3/home/logo-6/</link>
		<pubDate>Sat, 13 Feb 2016 09:35:37 +0000</pubDate>
		<dc:creator><![CDATA[admin]]></dc:creator>
		<guid isPermaLink="false">http://xtemos.com/dummy/basel3/wp-content/uploads/2015/12/logo-6.png</guid>
		<description></description>
		<content:encoded><![CDATA[]]></content:encoded>
		<excerpt:encoded><![CDATA[]]></excerpt:encoded>
		<wp:post_id>125</wp:post_id>
		<wp:post_date>2016-02-13 09:35:37</wp:post_date>
		<wp:post_date_gmt>2016-02-13 09:35:37</wp:post_date_gmt>
		<wp:comment_status>open</wp:comment_status>
		<wp:ping_status>closed</wp:ping_status>
		<wp:post_name>logo-6</wp:post_name>
		<wp:status>inherit</wp:status>
		<wp:post_parent>11</wp:post_parent>
		<wp:menu_order>0</wp:menu_order>
		<wp:post_type>attachment</wp:post_type>
		<wp:post_password></wp:post_password>
		<wp:is_sticky>0</wp:is_sticky>
		<wp:attachment_url>http://xtemos.com/dummy/basel3/wp-content/uploads/2015/12/logo-6.png</wp:attachment_url>
		<wp:postmeta>
			<wp:meta_key>_wp_attached_file</wp:meta_key>
			<wp:meta_value><![CDATA[2015/12/logo-6.png]]></wp:meta_value>
		</wp:postmeta>
	</item>
	<item>
		<title>Home fashion</title>
		<link>http://xtemos.com/dummy/basel3/home-fashion/</link>
		<pubDate>Thu, 10 Mar 2016 17:55:39 +0000</pubDate>
		<dc:creator><![CDATA[admin]]></dc:creator>
		<guid isPermaLink="false">http://xtemos.com/dummy/basel3/?page_id=207</guid>
		<description></description>
		<content:encoded><![CDATA[[vc_row css=".vc_custom_1457348494248{margin-top: -10px !important;margin-bottom: 40px !important;}"][vc_column width="1/4" offset="vc_hidden-sm vc_hidden-xs"][basel_mega_menu basel_color_scheme="light" title="Browse Categories"][/vc_column][vc_column width="1/4"][promo_banner image="213" vertical_alignment="middle" hover="1" style="2" basel_color_scheme="light" img_size="full"]
<div style="display: inline-block; margin-bottom: 5px; background: #D9BE39; color: white; padding: 3px 8px;">WOMAN</div>
<h1 style="margin-bottom: 5px;"><strong>NEW ARRIVALS</strong></h1>
<p style="margin-bottom: 7px;">Tincidunt nunc a mattis fames scelerisque fermentum.</p>
<a class="btn btn-style-link btn-color-white" href="#">Read More</a>[/promo_banner][/vc_column][vc_column width="1/4"][promo_banner image="213" alignment="center" vertical_alignment="middle" hover="1" style="2" basel_color_scheme="light" img_size="full"]
<div style="display: inline-block; margin-bottom: 5px; background: #2389E0; color: white; padding: 3px 8px;">FOR STYLED</div>
<h1 style="margin-bottom: 5px;"><strong>YOUNG MODEL</strong></h1>
<p style="margin-bottom: 7px;">Tincidunt nunc a mattis fames scelerisque fermentum.</p>
<a class="btn btn-style-link btn-color-white" href="#">Read More</a>[/promo_banner][/vc_column][vc_column width="1/4"][promo_banner image="213" alignment="right" vertical_alignment="middle" hover="1" style="2" basel_color_scheme="light" img_size="full"]
<div style="display: inline-block; margin-bottom: 5px; background: #D93939; color: white; padding: 3px 8px;">COLLECTION</div>
<h1 style="margin-bottom: 5px;"><strong>MAN'S CASUAL</strong></h1>
<p style="margin-bottom: 7px;">Tincidunt nunc a mattis fames scelerisque fermentum.</p>
<a class="btn btn-style-link btn-color-white" href="#">Read More</a>[/promo_banner][/vc_column][/vc_row][vc_row css=".vc_custom_1457458190721{margin-bottom: 0px !important;}"][vc_column][vc_tta_tabs shape="square" spacing="" alignment="center" active_section="1" no_fill_content_area="true" css=".vc_custom_1457458288014{padding-top: 0px !important;padding-bottom: 0px !important;}"][vc_tta_section title="Man" tab_id="man"][basel_products items_per_page="8" columns="4" img_size="262x334"][/vc_tta_section][vc_tta_section title="Woman" tab_id="woman"][basel_products items_per_page="8" columns="4" img_size="262x334"][/vc_tta_section][vc_tta_section title="Accessories" tab_id="accessories"][basel_products items_per_page="8" columns="4" img_size="262x334"][/vc_tta_section][/vc_tta_tabs][/vc_column][/vc_row][vc_row full_width="stretch_row" css=".vc_custom_1457628451337{margin-top: -20px !important;margin-bottom: 30px !important;padding-top: 80px !important;padding-bottom: 80px !important;background: #f2f2f2 url(http://xtemos.com/dummy/basel3/wp-content/uploads/revslider/slider-hero/hero-slide1.jpg?id=165) !important;background-position: center !important;background-repeat: no-repeat !important;background-size: cover !important;}"][vc_column basel_color_scheme="light"][vc_column_text css=".vc_custom_1450375040921{margin-right: 5% !important;margin-left: 5% !important;border-top-width: 5px !important;border-right-width: 5px !important;border-bottom-width: 5px !important;border-left-width: 5px !important;padding-top: 30px !important;padding-right: 30px !important;padding-bottom: 30px !important;padding-left: 30px !important;border-left-color: #ffffff !important;border-left-style: solid !important;border-right-color: #ffffff !important;border-right-style: solid !important;border-top-color: #ffffff !important;border-top-style: solid !important;border-bottom-color: #ffffff !important;border-bottom-style: solid !important;}" el_class="text-center"]
<h2 class="font-title" style="font-size: 42px; font-wegight: bold; margin-bottom: 10px;">-50% HOT SUMMER COLLECTION SALE</h2>
<p style="text-align: center; font-size: 16px; color: rgba(255,255,255,0.9);">Commodo pulvinar amet parturient mus sociis dis parturient conubia suspendisse nullamparturient
mus sociis dis parturient conubia suspendisse nullam</p>
<a class="btn btn-size-small btn-color-white" href="#">READ MORE</a>[/vc_column_text][/vc_column][/vc_row][vc_row css=".vc_custom_1457457817898{margin-bottom: 40px !important;}"][vc_column][basel_title style="cross" title="FROM OUR BLOG"][basel_posts slides_per_view="3" hide_pagination_control="yes" img_size="367x225"][/vc_column][/vc_row][vc_row css=".vc_custom_1457625879180{margin-right: 0px !important;margin-bottom: 25px !important;margin-left: 0px !important;border-top-width: 10px !important;border-right-width: 10px !important;border-bottom-width: 10px !important;border-left-width: 10px !important;padding-top: 50px !important;padding-bottom: 60px !important;background-image: url(http://demo.xtemos.com/basel/wp-content/uploads/2016/03/newsPaper.png?id=22716) !important;background-position: 0 0 !important;background-repeat: no-repeat !important;border-left-color: #f2f2f2 !important;border-left-style: solid !important;border-right-color: #f2f2f2 !important;border-right-style: solid !important;border-top-color: #f2f2f2 !important;border-top-style: solid !important;border-bottom-color: #f2f2f2 !important;border-bottom-style: solid !important;}"][vc_column css=".vc_custom_1457358686552{padding-top: 0px !important;}"][basel_title style="cross" size="large" title="Our Newsletter" css=".vc_custom_1457357871569{margin-bottom: 20px !important;}"][vc_column_text css=".vc_custom_1457360277056{margin-bottom: 25px !important;}"]
<p style="text-align: center;">It only takes a second to be the first to find out about our latest
news and promotions…</p>
[/vc_column_text][vc_column_text css=".vc_custom_1457360265484{margin-bottom: 10px !important;}"][mc4wp_form][/vc_column_text][social_buttons style="colored-alt"][/vc_column][/vc_row][vc_row css=".vc_custom_1457520803253{margin-bottom: 50px !important;}"][vc_column width="1/4" basel_color_scheme="light" el_class="text-center" css=".vc_custom_1457360468761{margin-bottom: 0px !important;}"][vc_column_text css=".vc_custom_1457625892493{margin-bottom: 0px !important;padding-top: 35px !important;padding-right: 30px !important;padding-bottom: 35px !important;padding-left: 30px !important;background: #d93939 url(http://demo.xtemos.com/basel/wp-content/uploads/2016/03/ok-element.png?id=22747) !important;background-position: center !important;background-repeat: no-repeat !important;background-size: contain !important;}"]
<h5 style="margin-bottom: 10px; font-weight: bold; text-transform: uppercase;">20,000+Satisfied Customers</h5>
<p style="margin-bottom: 10px;">Non fames duis fusce egestas dis convallis cras.</p>
<a class="btn btn-style-link btn-size-small btn-color-white" href="#">Read More</a>[/vc_column_text][/vc_column][vc_column width="1/4" basel_color_scheme="light" el_class="text-center" css=".vc_custom_1457360472441{margin-bottom: 0px !important;}"][vc_column_text css=".vc_custom_1457625927097{margin-bottom: 0px !important;padding-top: 35px !important;padding-right: 30px !important;padding-bottom: 35px !important;padding-left: 30px !important;background: #2b2b2b url(http://demo.xtemos.com/basel/wp-content/uploads/2016/03/tax-free-element-white.png?id=22750) !important;background-position: center !important;background-repeat: no-repeat !important;background-size: contain !important;}"]
<h5 style="text-align: center; margin-bottom: 10px; font-weight: bold; text-transform: uppercase;">Free Worldwide Shipping</h5>
<p style="margin-bottom: 10px;">Non fames duis fusce egestas dis convallis cras.</p>
<a class="btn btn-style-link btn-size-small btn-color-white" href="#">Read More</a>[/vc_column_text][/vc_column][vc_column width="1/4" basel_color_scheme="light" el_class="text-center" css=".vc_custom_1457360476048{margin-bottom: 0px !important;}"][vc_column_text css=".vc_custom_1457625936851{margin-bottom: 0px !important;padding-top: 35px !important;padding-right: 30px !important;padding-bottom: 35px !important;padding-left: 30px !important;background: #d93939 url(http://demo.xtemos.com/basel/wp-content/uploads/2016/03/replace-element.png?id=22748) !important;background-position: center !important;background-repeat: no-repeat !important;background-size: contain !important;}"]
<h5 style="text-align: center; margin-bottom: 10px; font-weight: bold; text-transform: uppercase;">30-Day
Return Policy</h5>
<p style="margin-bottom: 10px;">Non fames duis fusce egestas dis convallis cras.</p>
<a class="btn btn-style-link btn-size-small btn-color-white" href="#">Read More</a>[/vc_column_text][/vc_column][vc_column width="1/4" basel_color_scheme="light" el_class="text-center" css=".vc_custom_1457360479976{margin-bottom: 0px !important;}"][vc_column_text css=".vc_custom_1457625948451{margin-bottom: 0px !important;padding-top: 35px !important;padding-right: 30px !important;padding-bottom: 35px !important;padding-left: 30px !important;background: #2b2b2b url(http://demo.xtemos.com/basel/wp-content/uploads/2016/03/shipping-car-elements-white.png?id=22749) !important;background-position: center !important;background-repeat: no-repeat !important;background-size: contain !important;}"]
<h5 style="text-align: center; margin-bottom: 10px; font-weight: bold; text-transform: uppercase;">Tax Free
Shopping</h5>
<p style="margin-bottom: 10px;">Non fames duis fusce egestas dis convallis cras.</p>
<a class="btn btn-style-link btn-size-small btn-color-white" href="#">Read More</a>[/vc_column_text][/vc_column][/vc_row][vc_row css=".vc_custom_1457360355659{margin-top: 0px !important;margin-bottom: -30px !important;}"][vc_column][vc_images_carousel images="125,123,124,121,122" img_size="full" onclick="custom_link" slides_per_view="5" hide_pagination_control="yes" hide_prev_next_buttons="yes" spaces="yes" css=".vc_custom_1457628623199{margin-bottom: 0px !important;}"][/vc_column][/vc_row]]]></content:encoded>
		<excerpt:encoded><![CDATA[]]></excerpt:encoded>
		<wp:post_id>207</wp:post_id>
		<wp:post_date>2016-03-10 17:55:39</wp:post_date>
		<wp:post_date_gmt>2016-03-10 17:55:39</wp:post_date_gmt>
		<wp:comment_status>closed</wp:comment_status>
		<wp:ping_status>closed</wp:ping_status>
		<wp:post_name>home-fashion</wp:post_name>
		<wp:status>publish</wp:status>
		<wp:post_parent>0</wp:post_parent>
		<wp:menu_order>0</wp:menu_order>
		<wp:post_type>page</wp:post_type>
		<wp:post_password></wp:post_password>
		<wp:is_sticky>0</wp:is_sticky>
		<wp:postmeta>
			<wp:meta_key>_wp_page_template</wp:meta_key>
			<wp:meta_value><![CDATA[default]]></wp:meta_value>
		</wp:postmeta>
		<wp:postmeta>
			<wp:meta_key>_wpb_shortcodes_custom_css</wp:meta_key>
			<wp:meta_value><![CDATA[.vc_custom_1457348494248{margin-top: -10px !important;margin-bottom: 40px !important;}.vc_custom_1457458190721{margin-bottom: 0px !important;}.vc_custom_1457628451337{margin-top: -20px !important;margin-bottom: 30px !important;padding-top: 80px !important;padding-bottom: 80px !important;background: #f2f2f2 url(http://xtemos.com/dummy/basel3/wp-content/uploads/revslider/slider-hero/hero-slide1.jpg?id=165) !important;background-position: center !important;background-repeat: no-repeat !important;background-size: cover !important;}.vc_custom_1457457817898{margin-bottom: 40px !important;}.vc_custom_1457625879180{margin-right: 0px !important;margin-bottom: 25px !important;margin-left: 0px !important;border-top-width: 10px !important;border-right-width: 10px !important;border-bottom-width: 10px !important;border-left-width: 10px !important;padding-top: 50px !important;padding-bottom: 60px !important;background-image: url(http://demo.xtemos.com/basel/wp-content/uploads/2016/03/newsPaper.png?id=22716) !important;background-position: 0 0 !important;background-repeat: no-repeat !important;border-left-color: #f2f2f2 !important;border-left-style: solid !important;border-right-color: #f2f2f2 !important;border-right-style: solid !important;border-top-color: #f2f2f2 !important;border-top-style: solid !important;border-bottom-color: #f2f2f2 !important;border-bottom-style: solid !important;}.vc_custom_1457520803253{margin-bottom: 50px !important;}.vc_custom_1457360355659{margin-top: 0px !important;margin-bottom: -30px !important;}.vc_custom_1457458288014{padding-top: 0px !important;padding-bottom: 0px !important;}.vc_custom_1450375040921{margin-right: 5% !important;margin-left: 5% !important;border-top-width: 5px !important;border-right-width: 5px !important;border-bottom-width: 5px !important;border-left-width: 5px !important;padding-top: 30px !important;padding-right: 30px !important;padding-bottom: 30px !important;padding-left: 30px !important;border-left-color: #ffffff !important;border-left-style: solid !important;border-right-color: #ffffff !important;border-right-style: solid !important;border-top-color: #ffffff !important;border-top-style: solid !important;border-bottom-color: #ffffff !important;border-bottom-style: solid !important;}.vc_custom_1457358686552{padding-top: 0px !important;}.vc_custom_1457357871569{margin-bottom: 20px !important;}.vc_custom_1457360277056{margin-bottom: 25px !important;}.vc_custom_1457360265484{margin-bottom: 10px !important;}.vc_custom_1457360468761{margin-bottom: 0px !important;}.vc_custom_1457360472441{margin-bottom: 0px !important;}.vc_custom_1457360476048{margin-bottom: 0px !important;}.vc_custom_1457360479976{margin-bottom: 0px !important;}.vc_custom_1457625892493{margin-bottom: 0px !important;padding-top: 35px !important;padding-right: 30px !important;padding-bottom: 35px !important;padding-left: 30px !important;background: #d93939 url(http://demo.xtemos.com/basel/wp-content/uploads/2016/03/ok-element.png?id=22747) !important;background-position: center !important;background-repeat: no-repeat !important;background-size: contain !important;}.vc_custom_1457625927097{margin-bottom: 0px !important;padding-top: 35px !important;padding-right: 30px !important;padding-bottom: 35px !important;padding-left: 30px !important;background: #2b2b2b url(http://demo.xtemos.com/basel/wp-content/uploads/2016/03/tax-free-element-white.png?id=22750) !important;background-position: center !important;background-repeat: no-repeat !important;background-size: contain !important;}.vc_custom_1457625936851{margin-bottom: 0px !important;padding-top: 35px !important;padding-right: 30px !important;padding-bottom: 35px !important;padding-left: 30px !important;background: #d93939 url(http://demo.xtemos.com/basel/wp-content/uploads/2016/03/replace-element.png?id=22748) !important;background-position: center !important;background-repeat: no-repeat !important;background-size: contain !important;}.vc_custom_1457625948451{margin-bottom: 0px !important;padding-top: 35px !important;padding-right: 30px !important;padding-bottom: 35px !important;padding-left: 30px !important;background: #2b2b2b url(http://demo.xtemos.com/basel/wp-content/uploads/2016/03/shipping-car-elements-white.png?id=22749) !important;background-position: center !important;background-repeat: no-repeat !important;background-size: contain !important;}.vc_custom_1457628623199{margin-bottom: 0px !important;}]]></wp:meta_value>
		</wp:postmeta>
		<wp:postmeta>
			<wp:meta_key>_basel_main_layout</wp:meta_key>
			<wp:meta_value><![CDATA[full-width]]></wp:meta_value>
		</wp:postmeta>
		<wp:postmeta>
			<wp:meta_key>_basel_header</wp:meta_key>
			<wp:meta_value><![CDATA[simple]]></wp:meta_value>
		</wp:postmeta>
		<wp:postmeta>
			<wp:meta_key>_basel_title_off</wp:meta_key>
			<wp:meta_value><![CDATA[on]]></wp:meta_value>
		</wp:postmeta>
	</item>
	<item>
		<title>demo-content-baner</title>
		<link>http://xtemos.com/dummy/basel3/home-fashion/demo-content-baner/</link>
		<pubDate>Thu, 10 Mar 2016 18:03:30 +0000</pubDate>
		<dc:creator><![CDATA[admin]]></dc:creator>
		<guid isPermaLink="false">http://xtemos.com/dummy/basel3/wp-content/uploads/2016/03/demo-content-baner.jpg</guid>
		<description></description>
		<content:encoded><![CDATA[]]></content:encoded>
		<excerpt:encoded><![CDATA[]]></excerpt:encoded>
		<wp:post_id>213</wp:post_id>
		<wp:post_date>2016-03-10 18:03:30</wp:post_date>
		<wp:post_date_gmt>2016-03-10 18:03:30</wp:post_date_gmt>
		<wp:comment_status>open</wp:comment_status>
		<wp:ping_status>closed</wp:ping_status>
		<wp:post_name>demo-content-baner</wp:post_name>
		<wp:status>inherit</wp:status>
		<wp:post_parent>207</wp:post_parent>
		<wp:menu_order>0</wp:menu_order>
		<wp:post_type>attachment</wp:post_type>
		<wp:post_password></wp:post_password>
		<wp:is_sticky>0</wp:is_sticky>
		<wp:attachment_url>http://xtemos.com/dummy/basel3/wp-content/uploads/2016/03/demo-content-baner.jpg</wp:attachment_url>
		<wp:postmeta>
			<wp:meta_key>_wp_attached_file</wp:meta_key>
			<wp:meta_value><![CDATA[2016/03/demo-content-baner.jpg]]></wp:meta_value>
		</wp:postmeta>
	</item>
</channel>
</rss>
