<?xml version="1.0" encoding="UTF-8" ?>
<!-- This is a WordPress eXtended RSS file generated by WordPress as an export of your site. -->
<!-- It contains information about your site's posts, pages, comments, categories, and other content. -->
<!-- You may use this file to transfer that content from one site to another. -->
<!-- This file is not intended to serve as a complete backup of your site. -->

<!-- To import this information into a WordPress site follow these steps: -->
<!-- 1. Log in to that site as an administrator. -->
<!-- 2. Go to Tools: Import in the WordPress admin panel. -->
<!-- 3. Install the "WordPress" importer from the list. -->
<!-- 4. Activate & Run Importer. -->
<!-- 5. Upload this file using the form provided on that page. -->
<!-- 6. You will first be asked to map the authors in this export file to users -->
<!--    on the site. For each author, you may choose to map to an -->
<!--    existing user on the site or to create a new user. -->
<!-- 7. WordPress will then import each of the posts, pages, comments, categories, etc. -->
<!--    contained in this file into your site. -->

<!-- generator="WordPress/4.5.3" created="2016-07-05 20:50" -->
<rss version="2.0"
	xmlns:excerpt="http://wordpress.org/export/1.2/excerpt/"
	xmlns:content="http://purl.org/rss/1.0/modules/content/"
	xmlns:wfw="http://wellformedweb.org/CommentAPI/"
	xmlns:dc="http://purl.org/dc/elements/1.1/"
	xmlns:wp="http://wordpress.org/export/1.2/"
>

<channel>
	<title>Dummy 3</title>
	<link>http://xtemos.com/dummy/basel3</link>
	<description>Just another WordPress site</description>
	<pubDate>Tue, 05 Jul 2016 20:50:50 +0000</pubDate>
	<language>en-US</language>
	<wp:wxr_version>1.2</wp:wxr_version>
	<wp:base_site_url>http://xtemos.com/dummy/basel3</wp:base_site_url>
	<wp:base_blog_url>http://xtemos.com/dummy/basel3</wp:base_blog_url>

	<wp:author><wp:author_id>1</wp:author_id><wp:author_login>admin</wp:author_login><wp:author_email>admin@basel.as</wp:author_email><wp:author_display_name><![CDATA[admin]]></wp:author_display_name><wp:author_first_name><![CDATA[]]></wp:author_first_name><wp:author_last_name><![CDATA[]]></wp:author_last_name></wp:author>


	<generator>https://wordpress.org/?v=4.5.3</generator>

	<item>
		<title>Home electronics</title>
		<link>http://xtemos.com/dummy/basel3/home-electronics/</link>
		<pubDate>Tue, 05 Jul 2016 19:00:05 +0000</pubDate>
		<dc:creator><![CDATA[admin]]></dc:creator>
		<guid isPermaLink="false">http://xtemos.com/dummy/basel3/?page_id=287</guid>
		<description></description>
		<content:encoded><![CDATA[[vc_row css=".vc_custom_1467743796776{margin-top: -55px !important;margin-bottom: 30px !important;}"][vc_column][vc_row_inner][vc_column_inner css=".vc_custom_1467743785622{margin-bottom: 15px !important;}" offset="vc_hidden-lg vc_hidden-md"][/vc_column_inner][/vc_row_inner][rev_slider_vc alias="Home-electronics-2"][/vc_column][/vc_row][vc_row css=".vc_custom_1467737753982{margin-bottom: 5vh !important;}"][vc_column offset="vc_col-lg-6 vc_col-md-6"][promo_banner image="299" hover="4" basel_color_scheme="dark" img_size="full" link="http://demo.xtemos.com/basel/shop/"]
<h6 style="margin-bottom: 0px; color: #0f8db3; font-size: 14px;"><strong>TRUE 360 SOUND</strong></h6>
<h1 style="margin-bottom: -7px; font-size: 36px;"><strong>POWERFUL</strong></h1>
<h1 style="margin-bottom: 5px; font-size: 36px;"><strong>SOUND</strong></h1>
<p class="hidden-xs" style="margin-bottom: 15px;">Suscipit adipiscing neclis
mus tempus porta cum.</p>
<a class="btn btn-size-small btn-color-primary" href="http://demo.xtemos.com/basel/shop/">shop now</a>[/promo_banner][/vc_column][vc_column offset="vc_col-lg-6 vc_col-md-6"][promo_banner image="299" hover="4" basel_color_scheme="dark" img_size="full" link="http://demo.xtemos.com/basel/shop/"]
<h6 style="margin-bottom: 0px; color: #0f8db3; font-size: 14px;"><strong>POWERFUL CAMERA</strong></h6>
<h1 style="margin-bottom: -7px; font-size: 36px;"><strong>ACCURATE</strong></h1>
<h1 style="margin-bottom: 5px; font-size: 36px;"><strong>SHOTS</strong></h1>
<p class="hidden-xs" style="margin-bottom: 15px;">Suscipit adipiscing neclis
mus tempus porta cum.</p>
<a class="btn btn-size-small btn-color-primary" href="http://demo.xtemos.com/basel/shop/">shop now</a>[/promo_banner][/vc_column][/vc_row][vc_row css=".vc_custom_1467749390528{margin-bottom: 0px !important;}"][vc_column offset="vc_col-lg-9 vc_col-md-9"][vc_tta_tabs color="white" active_section="1" no_fill_content_area="true"][vc_tta_section title="New arrivals" tab_id="1467544048695-348d1c4b-c277"][basel_products items_per_page="6" columns="3"][/vc_tta_section][vc_tta_section title="Best sellers" tab_id="1467544079778-fa2521c0-b866"][basel_products items_per_page="6" columns="3" order="ASC"][/vc_tta_section][/vc_tta_tabs][/vc_column][vc_column width="1/4" offset="vc_hidden-sm vc_hidden-xs"][promo_banner image="300" hover="4" basel_color_scheme="dark" img_size="full" link="http://demo.xtemos.com/basel/shop/"]
<h1 style="margin-bottom: -7px; font-size: 36px;"><strong>NOW</strong></h1>
<h1 style="margin-bottom: 5px; font-size: 36px;"><strong>WIRELESS</strong></h1>
<h6 style="margin-bottom: 7px; color: #0f8db3; font-size: 14px;"><strong>DESIGNED FOR SOUND</strong></h6>
<a class="btn btn-size-small btn-style-link btn-color-primary" href="http://demo.xtemos.com/basel/shop/">shop now</a>[/promo_banner][vc_empty_space height="10"][vc_column_text basel_color_scheme="light" css=".vc_custom_1467713838265{margin-bottom: 30px !important;padding-top: 14px !important;padding-right: 20px !important;padding-bottom: 14px !important;padding-left: 20px !important;background-color: #0f8db3 !important;}"]
<h6 style="text-align: center; font-size: 14px; font-weight: bold;">RECENT PRODUCTS</h6>
[/vc_column_text][basel_shortcode_products_widget number="3" show="featured"][/vc_column][/vc_row][vc_row full_width="stretch_row" css=".vc_custom_1467749520511{margin-bottom: 9vh !important;padding-top: 5vh !important;padding-bottom: 20px !important;background-color: #f9f9f9 !important;}"][vc_column css=".vc_custom_1467748887142{padding-top: 0px !important;}"][basel_title style="simple" size="large" title="<strong>BEST SELLERS</strong>" css=".vc_custom_1467748633568{margin-bottom: 30px !important;}" after_title="Penatibus tristique parturient metus ostra etiam primis nibh ante
risus fames parturient in a odio adipiscing nulla."][basel_products post_type="sale" items_per_page="3" columns="3" sale_countdown="true" orderby="ID"][vc_column_text]
<p style="text-align: center;"><a class="btn btn-color-primary btn-style-default btn-size-default" href="http://demo.xtemos.com/basel/shop/">VIEW ALL PRODUCTS</a></p>
[/vc_column_text][/vc_column][/vc_row][vc_row equal_height="yes" content_placement="middle" equal_columns="yes" css=".vc_custom_1467748050338{margin-right: 0px !important;margin-bottom: 60px !important;margin-left: 0px !important;background-color: #000000 !important;}"][vc_column width="1/3" css=".vc_custom_1467639836140{margin-left: -15px !important;padding-right: 0px !important;padding-left: 0px !important;background-color: #000000 !important;background-position: center !important;background-repeat: no-repeat !important;background-size: cover !important;}"][promo_banner image="296" alignment="center" vertical_alignment="bottom" xz_color_scheme="light" img_size="400x500" link="http://#"]
<h3 style="font-size: 19px; margin-bottom: 0; letter-spacing: 3px; color: #009fdf;">INTRODUCING</h3>
<h3 style="font-size: 46px; margin-bottom: 0;"><strong>HERO 4</strong></h3>
<h1 style="font-size: 14px; letter-spacing: 2.1px;">THIS IS YOUR LIFE.</h1>
<a class="btn btn-style-bordered btn-color-white btn-size-small" href="http://xtemos.com/demo/shop/electronic/gopro-hero-4/">buy now</a>[/promo_banner][/vc_column][vc_column width="2/3" offset="vc_hidden-xs"][vc_video link="https://vimeo.com/84830889" align="center"][/vc_column][/vc_row][vc_row full_width="stretch_row" css=".vc_custom_1467651901732{margin-bottom: -40px !important;background-color: #f9f9f9 !important;}"][vc_column][basel_title style="simple" size="large" title="<strong>ALL CATEGORIES</strong>" css=".vc_custom_1467748671938{margin-bottom: 40px !important;}" after_title="Penatibus tristique parturient metus ostra etiam primis nibh ante
risus fames parturient in a odio adipiscing nulla."][vc_row_inner][vc_column_inner width="1/3"][vc_column_text css=".vc_custom_1467749850702{margin-bottom: 60px !important;padding-left: 120px !important;background-image: url(http://xtemos.com/dummy/basel3/wp-content/uploads/2016/07/demo-content-3.png?id=301) !important;background-position: 0 0 !important;background-repeat: no-repeat !important;}"]
<h4 style="margin-bottom: 10px;"><strong>SMARTPHONES</strong></h4>
<ul>
 	<li><a href="#">Phones</a></li>
 	<li><a href="#">Android</a></li>
 	<li><a href="#">Google Phones</a></li>
 	<li><a href="#">Apple Phones</a></li>
 	<li><a href="#">Batteries</a></li>
 	<li><a href="#">Charges</a></li>
</ul>
[/vc_column_text][vc_column_text css=".vc_custom_1467749850702{margin-bottom: 60px !important;padding-left: 120px !important;background-image: url(http://xtemos.com/dummy/basel3/wp-content/uploads/2016/07/demo-content-3.png?id=301) !important;background-position: 0 0 !important;background-repeat: no-repeat !important;}"]
<h4 style="margin-bottom: 10px;"><strong>SMARTPHONES</strong></h4>
<ul>
 	<li><a href="#">Phones</a></li>
 	<li><a href="#">Android</a></li>
 	<li><a href="#">Google Phones</a></li>
 	<li><a href="#">Apple Phones</a></li>
 	<li><a href="#">Batteries</a></li>
 	<li><a href="#">Charges</a></li>
</ul>
[/vc_column_text][/vc_column_inner][vc_column_inner width="1/3"][vc_column_text css=".vc_custom_1467749850702{margin-bottom: 60px !important;padding-left: 120px !important;background-image: url(http://xtemos.com/dummy/basel3/wp-content/uploads/2016/07/demo-content-3.png?id=301) !important;background-position: 0 0 !important;background-repeat: no-repeat !important;}"]
<h4 style="margin-bottom: 10px;"><strong>SMARTPHONES</strong></h4>
<ul>
 	<li><a href="#">Phones</a></li>
 	<li><a href="#">Android</a></li>
 	<li><a href="#">Google Phones</a></li>
 	<li><a href="#">Apple Phones</a></li>
 	<li><a href="#">Batteries</a></li>
 	<li><a href="#">Charges</a></li>
</ul>
[/vc_column_text][vc_column_text css=".vc_custom_1467749850702{margin-bottom: 60px !important;padding-left: 120px !important;background-image: url(http://xtemos.com/dummy/basel3/wp-content/uploads/2016/07/demo-content-3.png?id=301) !important;background-position: 0 0 !important;background-repeat: no-repeat !important;}"]
<h4 style="margin-bottom: 10px;"><strong>SMARTPHONES</strong></h4>
<ul>
 	<li><a href="#">Phones</a></li>
 	<li><a href="#">Android</a></li>
 	<li><a href="#">Google Phones</a></li>
 	<li><a href="#">Apple Phones</a></li>
 	<li><a href="#">Batteries</a></li>
 	<li><a href="#">Charges</a></li>
</ul>
[/vc_column_text][/vc_column_inner][vc_column_inner width="1/3"][vc_column_text css=".vc_custom_1467749850702{margin-bottom: 60px !important;padding-left: 120px !important;background-image: url(http://xtemos.com/dummy/basel3/wp-content/uploads/2016/07/demo-content-3.png?id=301) !important;background-position: 0 0 !important;background-repeat: no-repeat !important;}"]
<h4 style="margin-bottom: 10px;"><strong>SMARTPHONES</strong></h4>
<ul>
 	<li><a href="#">Phones</a></li>
 	<li><a href="#">Android</a></li>
 	<li><a href="#">Google Phones</a></li>
 	<li><a href="#">Apple Phones</a></li>
 	<li><a href="#">Batteries</a></li>
 	<li><a href="#">Charges</a></li>
</ul>
[/vc_column_text][vc_column_text css=".vc_custom_1467749850702{margin-bottom: 60px !important;padding-left: 120px !important;background-image: url(http://xtemos.com/dummy/basel3/wp-content/uploads/2016/07/demo-content-3.png?id=301) !important;background-position: 0 0 !important;background-repeat: no-repeat !important;}"]
<h4 style="margin-bottom: 10px;"><strong>SMARTPHONES</strong></h4>
<ul>
 	<li><a href="#">Phones</a></li>
 	<li><a href="#">Android</a></li>
 	<li><a href="#">Google Phones</a></li>
 	<li><a href="#">Apple Phones</a></li>
 	<li><a href="#">Batteries</a></li>
 	<li><a href="#">Charges</a></li>
</ul>
[/vc_column_text][/vc_column_inner][/vc_row_inner][/vc_column][/vc_row]]]></content:encoded>
		<excerpt:encoded><![CDATA[]]></excerpt:encoded>
		<wp:post_id>287</wp:post_id>
		<wp:post_date>2016-07-05 19:00:05</wp:post_date>
		<wp:post_date_gmt>2016-07-05 19:00:05</wp:post_date_gmt>
		<wp:comment_status>closed</wp:comment_status>
		<wp:ping_status>closed</wp:ping_status>
		<wp:post_name>home-electronics</wp:post_name>
		<wp:status>publish</wp:status>
		<wp:post_parent>0</wp:post_parent>
		<wp:menu_order>0</wp:menu_order>
		<wp:post_type>page</wp:post_type>
		<wp:post_password></wp:post_password>
		<wp:is_sticky>0</wp:is_sticky>
		<wp:postmeta>
			<wp:meta_key>_wp_page_template</wp:meta_key>
			<wp:meta_value><![CDATA[default]]></wp:meta_value>
		</wp:postmeta>
		<wp:postmeta>
			<wp:meta_key>_basel_main_layout</wp:meta_key>
			<wp:meta_value><![CDATA[full-width]]></wp:meta_value>
		</wp:postmeta>
		<wp:postmeta>
			<wp:meta_key>_basel_header_color_scheme</wp:meta_key>
			<wp:meta_value><![CDATA[inherit]]></wp:meta_value>
		</wp:postmeta>
		<wp:postmeta>
			<wp:meta_key>_basel_title_off</wp:meta_key>
			<wp:meta_value><![CDATA[on]]></wp:meta_value>
		</wp:postmeta>
		<wp:postmeta>
			<wp:meta_key>_basel_title_image_id</wp:meta_key>
			<wp:meta_value><![CDATA[0]]></wp:meta_value>
		</wp:postmeta>
		<wp:postmeta>
			<wp:meta_key>_wpb_shortcodes_custom_css</wp:meta_key>
			<wp:meta_value><![CDATA[.vc_custom_1467743796776{margin-top: -55px !important;margin-bottom: 30px !important;}.vc_custom_1467737753982{margin-bottom: 5vh !important;}.vc_custom_1467749390528{margin-bottom: 0px !important;}.vc_custom_1467749520511{margin-bottom: 9vh !important;padding-top: 5vh !important;padding-bottom: 20px !important;background-color: #f9f9f9 !important;}.vc_custom_1467748050338{margin-right: 0px !important;margin-bottom: 60px !important;margin-left: 0px !important;background-color: #000000 !important;}.vc_custom_1467651901732{margin-bottom: -40px !important;background-color: #f9f9f9 !important;}.vc_custom_1467743785622{margin-bottom: 15px !important;}.vc_custom_1467713838265{margin-bottom: 30px !important;padding-top: 14px !important;padding-right: 20px !important;padding-bottom: 14px !important;padding-left: 20px !important;background-color: #0f8db3 !important;}.vc_custom_1467748887142{padding-top: 0px !important;}.vc_custom_1467748633568{margin-bottom: 30px !important;}.vc_custom_1467639836140{margin-left: -15px !important;padding-right: 0px !important;padding-left: 0px !important;background-color: #000000 !important;background-position: center !important;background-repeat: no-repeat !important;background-size: cover !important;}.vc_custom_1467748671938{margin-bottom: 40px !important;}.vc_custom_1467749850702{margin-bottom: 60px !important;padding-left: 120px !important;background-image: url(http://xtemos.com/dummy/basel3/wp-content/uploads/2016/07/demo-content-3.png?id=301) !important;background-position: 0 0 !important;background-repeat: no-repeat !important;}.vc_custom_1467749850702{margin-bottom: 60px !important;padding-left: 120px !important;background-image: url(http://xtemos.com/dummy/basel3/wp-content/uploads/2016/07/demo-content-3.png?id=301) !important;background-position: 0 0 !important;background-repeat: no-repeat !important;}.vc_custom_1467749850702{margin-bottom: 60px !important;padding-left: 120px !important;background-image: url(http://xtemos.com/dummy/basel3/wp-content/uploads/2016/07/demo-content-3.png?id=301) !important;background-position: 0 0 !important;background-repeat: no-repeat !important;}.vc_custom_1467749850702{margin-bottom: 60px !important;padding-left: 120px !important;background-image: url(http://xtemos.com/dummy/basel3/wp-content/uploads/2016/07/demo-content-3.png?id=301) !important;background-position: 0 0 !important;background-repeat: no-repeat !important;}.vc_custom_1467749850702{margin-bottom: 60px !important;padding-left: 120px !important;background-image: url(http://xtemos.com/dummy/basel3/wp-content/uploads/2016/07/demo-content-3.png?id=301) !important;background-position: 0 0 !important;background-repeat: no-repeat !important;}.vc_custom_1467749850702{margin-bottom: 60px !important;padding-left: 120px !important;background-image: url(http://xtemos.com/dummy/basel3/wp-content/uploads/2016/07/demo-content-3.png?id=301) !important;background-position: 0 0 !important;background-repeat: no-repeat !important;}]]></wp:meta_value>
		</wp:postmeta>
		<wp:postmeta>
			<wp:meta_key>_oembed_04a9b0927ec8c3879ae9ac6aa18a19bb</wp:meta_key>
			<wp:meta_value><![CDATA[<iframe src="https://player.vimeo.com/video/84830889" width="500" height="281" frameborder="0" title="Get Outta Town - Go Pro Edit" webkitallowfullscreen mozallowfullscreen allowfullscreen></iframe>]]></wp:meta_value>
		</wp:postmeta>
		<wp:postmeta>
			<wp:meta_key>_oembed_time_04a9b0927ec8c3879ae9ac6aa18a19bb</wp:meta_key>
			<wp:meta_value><![CDATA[1467750278]]></wp:meta_value>
		</wp:postmeta>
		<wp:postmeta>
			<wp:meta_key>_basel_open_categories</wp:meta_key>
			<wp:meta_value><![CDATA[on]]></wp:meta_value>
		</wp:postmeta>
	</item>
	<item>
		<title>side-baner-8-400x500</title>
		<link>http://xtemos.com/dummy/basel3/home-electronics/side-baner-8-400x500/</link>
		<pubDate>Tue, 05 Jul 2016 20:24:17 +0000</pubDate>
		<dc:creator><![CDATA[admin]]></dc:creator>
		<guid isPermaLink="false">http://xtemos.com/dummy/basel3/wp-content/uploads/2016/07/side-baner-8-400x500.jpg</guid>
		<description></description>
		<content:encoded><![CDATA[]]></content:encoded>
		<excerpt:encoded><![CDATA[]]></excerpt:encoded>
		<wp:post_id>296</wp:post_id>
		<wp:post_date>2016-07-05 20:24:17</wp:post_date>
		<wp:post_date_gmt>2016-07-05 20:24:17</wp:post_date_gmt>
		<wp:comment_status>open</wp:comment_status>
		<wp:ping_status>closed</wp:ping_status>
		<wp:post_name>side-baner-8-400x500</wp:post_name>
		<wp:status>inherit</wp:status>
		<wp:post_parent>287</wp:post_parent>
		<wp:menu_order>0</wp:menu_order>
		<wp:post_type>attachment</wp:post_type>
		<wp:post_password></wp:post_password>
		<wp:is_sticky>0</wp:is_sticky>
		<wp:attachment_url>http://xtemos.com/dummy/basel3/wp-content/uploads/2016/07/side-baner-8-400x500.jpg</wp:attachment_url>
		<wp:postmeta>
			<wp:meta_key>_wp_attached_file</wp:meta_key>
			<wp:meta_value><![CDATA[2016/07/side-baner-8-400x500.jpg]]></wp:meta_value>
		</wp:postmeta>
	</item>
	<item>
		<title>demo-content-2</title>
		<link>http://xtemos.com/dummy/basel3/home-electronics/demo-content-2/</link>
		<pubDate>Tue, 05 Jul 2016 20:31:59 +0000</pubDate>
		<dc:creator><![CDATA[admin]]></dc:creator>
		<guid isPermaLink="false">http://xtemos.com/dummy/basel3/wp-content/uploads/2016/07/demo-content-2.jpg</guid>
		<description></description>
		<content:encoded><![CDATA[]]></content:encoded>
		<excerpt:encoded><![CDATA[]]></excerpt:encoded>
		<wp:post_id>299</wp:post_id>
		<wp:post_date>2016-07-05 20:31:59</wp:post_date>
		<wp:post_date_gmt>2016-07-05 20:31:59</wp:post_date_gmt>
		<wp:comment_status>open</wp:comment_status>
		<wp:ping_status>closed</wp:ping_status>
		<wp:post_name>demo-content-2</wp:post_name>
		<wp:status>inherit</wp:status>
		<wp:post_parent>287</wp:post_parent>
		<wp:menu_order>0</wp:menu_order>
		<wp:post_type>attachment</wp:post_type>
		<wp:post_password></wp:post_password>
		<wp:is_sticky>0</wp:is_sticky>
		<wp:attachment_url>http://xtemos.com/dummy/basel3/wp-content/uploads/2016/07/demo-content-2.jpg</wp:attachment_url>
		<wp:postmeta>
			<wp:meta_key>_wp_attached_file</wp:meta_key>
			<wp:meta_value><![CDATA[2016/07/demo-content-2.jpg]]></wp:meta_value>
		</wp:postmeta>
	</item>
	<item>
		<title>demo-content-1</title>
		<link>http://xtemos.com/dummy/basel3/home-electronics/demo-content-1/</link>
		<pubDate>Tue, 05 Jul 2016 20:32:17 +0000</pubDate>
		<dc:creator><![CDATA[admin]]></dc:creator>
		<guid isPermaLink="false">http://xtemos.com/dummy/basel3/wp-content/uploads/2016/07/demo-content-1.jpg</guid>
		<description></description>
		<content:encoded><![CDATA[]]></content:encoded>
		<excerpt:encoded><![CDATA[]]></excerpt:encoded>
		<wp:post_id>300</wp:post_id>
		<wp:post_date>2016-07-05 20:32:17</wp:post_date>
		<wp:post_date_gmt>2016-07-05 20:32:17</wp:post_date_gmt>
		<wp:comment_status>open</wp:comment_status>
		<wp:ping_status>closed</wp:ping_status>
		<wp:post_name>demo-content-1</wp:post_name>
		<wp:status>inherit</wp:status>
		<wp:post_parent>287</wp:post_parent>
		<wp:menu_order>0</wp:menu_order>
		<wp:post_type>attachment</wp:post_type>
		<wp:post_password></wp:post_password>
		<wp:is_sticky>0</wp:is_sticky>
		<wp:attachment_url>http://xtemos.com/dummy/basel3/wp-content/uploads/2016/07/demo-content-1.jpg</wp:attachment_url>
		<wp:postmeta>
			<wp:meta_key>_wp_attached_file</wp:meta_key>
			<wp:meta_value><![CDATA[2016/07/demo-content-1.jpg]]></wp:meta_value>
		</wp:postmeta>
	</item>
</channel>
</rss>
