<?xml version="1.0" encoding="UTF-8" ?>
<!-- This is a WordPress eXtended RSS file generated by WordPress as an export of your site. -->
<!-- It contains information about your site's posts, pages, comments, categories, and other content. -->
<!-- You may use this file to transfer that content from one site to another. -->
<!-- This file is not intended to serve as a complete backup of your site. -->

<!-- To import this information into a WordPress site follow these steps: -->
<!-- 1. Log in to that site as an administrator. -->
<!-- 2. Go to Tools: Import in the WordPress admin panel. -->
<!-- 3. Install the "WordPress" importer from the list. -->
<!-- 4. Activate & Run Importer. -->
<!-- 5. Upload this file using the form provided on that page. -->
<!-- 6. You will first be asked to map the authors in this export file to users -->
<!--    on the site. For each author, you may choose to map to an -->
<!--    existing user on the site or to create a new user. -->
<!-- 7. WordPress will then import each of the posts, pages, comments, categories, etc. -->
<!--    contained in this file into your site. -->

<!-- generator="WordPress/4.5.3" created="2016-08-23 20:27" -->
<rss version="2.0"
	xmlns:excerpt="http://wordpress.org/export/1.2/excerpt/"
	xmlns:content="http://purl.org/rss/1.0/modules/content/"
	xmlns:wfw="http://wellformedweb.org/CommentAPI/"
	xmlns:dc="http://purl.org/dc/elements/1.1/"
	xmlns:wp="http://wordpress.org/export/1.2/"
>

<channel>
	<title>Dummy 3</title>
	<link>http://xtemos.com/dummy/basel3</link>
	<description>Just another WordPress site</description>
	<pubDate>Tue, 23 Aug 2016 20:27:58 +0000</pubDate>
	<language>en-US</language>
	<wp:wxr_version>1.2</wp:wxr_version>
	<wp:base_site_url>http://xtemos.com/dummy/basel3</wp:base_site_url>
	<wp:base_blog_url>http://xtemos.com/dummy/basel3</wp:base_blog_url>

	<wp:author><wp:author_id>1</wp:author_id><wp:author_login>admin</wp:author_login><wp:author_email>admin@basel.as</wp:author_email><wp:author_display_name><![CDATA[admin]]></wp:author_display_name><wp:author_first_name><![CDATA[]]></wp:author_first_name><wp:author_last_name><![CDATA[]]></wp:author_last_name></wp:author>


	<generator>https://wordpress.org/?v=4.5.3</generator>

	<item>
		<title>testimonial1</title>
		<link>http://xtemos.com/dummy/basel3/home/testimonial1/</link>
		<pubDate>Sat, 13 Feb 2016 08:46:21 +0000</pubDate>
		<dc:creator><![CDATA[admin]]></dc:creator>
		<guid isPermaLink="false">http://xtemos.com/dummy/basel3/wp-content/uploads/2015/12/testimonial1.jpg</guid>
		<description></description>
		<content:encoded><![CDATA[]]></content:encoded>
		<excerpt:encoded><![CDATA[]]></excerpt:encoded>
		<wp:post_id>101</wp:post_id>
		<wp:post_date>2016-02-13 08:46:21</wp:post_date>
		<wp:post_date_gmt>2016-02-13 08:46:21</wp:post_date_gmt>
		<wp:comment_status>open</wp:comment_status>
		<wp:ping_status>closed</wp:ping_status>
		<wp:post_name>testimonial1</wp:post_name>
		<wp:status>inherit</wp:status>
		<wp:post_parent>11</wp:post_parent>
		<wp:menu_order>0</wp:menu_order>
		<wp:post_type>attachment</wp:post_type>
		<wp:post_password></wp:post_password>
		<wp:is_sticky>0</wp:is_sticky>
		<wp:attachment_url>http://xtemos.com/dummy/basel3/wp-content/uploads/2015/12/testimonial1.jpg</wp:attachment_url>
		<wp:postmeta>
			<wp:meta_key>_wp_attached_file</wp:meta_key>
			<wp:meta_value><![CDATA[2015/12/testimonial1.jpg]]></wp:meta_value>
		</wp:postmeta>
	</item>
	<item>
		<title>testimonial2-1</title>
		<link>http://xtemos.com/dummy/basel3/home/testimonial2-1/</link>
		<pubDate>Sat, 13 Feb 2016 08:46:23 +0000</pubDate>
		<dc:creator><![CDATA[admin]]></dc:creator>
		<guid isPermaLink="false">http://xtemos.com/dummy/basel3/wp-content/uploads/2015/12/testimonial2-1.jpg</guid>
		<description></description>
		<content:encoded><![CDATA[]]></content:encoded>
		<excerpt:encoded><![CDATA[]]></excerpt:encoded>
		<wp:post_id>102</wp:post_id>
		<wp:post_date>2016-02-13 08:46:23</wp:post_date>
		<wp:post_date_gmt>2016-02-13 08:46:23</wp:post_date_gmt>
		<wp:comment_status>open</wp:comment_status>
		<wp:ping_status>closed</wp:ping_status>
		<wp:post_name>testimonial2-1</wp:post_name>
		<wp:status>inherit</wp:status>
		<wp:post_parent>11</wp:post_parent>
		<wp:menu_order>0</wp:menu_order>
		<wp:post_type>attachment</wp:post_type>
		<wp:post_password></wp:post_password>
		<wp:is_sticky>0</wp:is_sticky>
		<wp:attachment_url>http://xtemos.com/dummy/basel3/wp-content/uploads/2015/12/testimonial2-1.jpg</wp:attachment_url>
		<wp:postmeta>
			<wp:meta_key>_wp_attached_file</wp:meta_key>
			<wp:meta_value><![CDATA[2015/12/testimonial2-1.jpg]]></wp:meta_value>
		</wp:postmeta>
	</item>
	<item>
		<title>Home cosmetics</title>
		<link>http://xtemos.com/dummy/basel3/home-cosmetics/</link>
		<pubDate>Tue, 23 Aug 2016 20:02:51 +0000</pubDate>
		<dc:creator><![CDATA[admin]]></dc:creator>
		<guid isPermaLink="false">http://xtemos.com/dummy/basel3/?page_id=351</guid>
		<description></description>
		<content:encoded><![CDATA[[vc_row css=".vc_custom_1471978316406{margin-top: -40px !important;margin-bottom: 5vh !important;}"][vc_column][rev_slider_vc alias="cosmetic"][/vc_column][/vc_row][vc_row full_width="stretch_row" css=".vc_custom_1471978324282{margin-bottom: 3vh !important;}" el_class="display-none"][vc_column][vc_row_inner][vc_column_inner width="1/12" offset="vc_col-lg-3 vc_col-md-2 vc_hidden-xs"][/vc_column_inner][vc_column_inner width="5/6" offset="vc_col-lg-6 vc_col-md-8 vc_col-xs-12"][vc_column_text css=".vc_custom_1471886867111{margin-bottom: 25px !important;padding-right: 9% !important;padding-left: 9% !important;}"]
<p class="font-title" style="text-align: center; font-size: 18px; font-style: italic;">Welcome to Basel &amp; Co. – worldwide cosmetics and make up salon. Check our products here on our <a class="color-primary" style="text-decoration: underline;" href="#" target="_blank">Catalog</a></p>
[/vc_column_text][/vc_column_inner][vc_column_inner width="1/12" offset="vc_col-lg-3 vc_col-md-2 vc_hidden-xs"][/vc_column_inner][/vc_row_inner][/vc_column][/vc_row][vc_row css=".vc_custom_1471982614421{margin-bottom: 5vh !important;}"][vc_column width="1/3"][basel_info_box image="362" btn_position="static" alignment="center" style="border" img_size="200x200" btn_text="Products " css=".vc_custom_1471983673733{margin-bottom: 45px !important;}"]EXCLUSIVE
<h4>SCULPTED BLUSH AND LASH OVERLOAD TREND™</h4>
Nascetur a purus pulvinar suspendisse dis. Facilisis duis penatibus.[/basel_info_box][/vc_column][vc_column width="1/3"][basel_info_box image="362" btn_position="static" alignment="center" style="border" img_size="200x200" btn_text="Products " css=".vc_custom_1471983680230{margin-bottom: 45px !important;}"]EXCLUSIVE
<h4>THE ULTIMATE BEAUTIFYING MAKEUP LOOK THAT SUITS™</h4>
Nascetur a purus pulvinar suspendisse dis. Facilisis duis penatibus.[/basel_info_box][/vc_column][vc_column width="1/3"][basel_info_box image="362" btn_position="static" alignment="center" style="border" img_size="200x200" btn_text="Products " css=".vc_custom_1471983690060{margin-bottom: 45px !important;}"]EXCLUSIVE
<h4>HOW TO WEAR BRONZER BEAUTIFULY FRASH DAY LOOK™</h4>
Nascetur a purus pulvinar suspendisse dis. Facilisis duis penatibus.[/basel_info_box][/vc_column][/vc_row][vc_row css=".vc_custom_1471978345407{margin-bottom: 4vh !important;}"][vc_column css=".vc_custom_1469980706418{padding-top: 0px !important;}"][basel_title style="simple" title="LATEST PRODUCTS" after_title="Lorem ipsum dolor sit amet, consectetur adipiscin
lorem solo tempor incididunt ut labore et"][basel_products items_per_page="6" columns="3" img_size="400x400" exclude="19548"][/vc_column][/vc_row][vc_row full_width="stretch_row" content_placement="middle" video_bg="yes" video_bg_url="https://www.youtube.com/watch?v=0IPAdxGD4s8" css=".vc_custom_1471982940887{margin-bottom: 5vh !important;padding-top: 100px !important;padding-bottom: 100px !important;background-color: #0a0a0a !important;}" el_class="opacity-video-bg"][vc_column css=".vc_custom_1471954779164{padding-top: 0px !important;}"][vc_custom_heading text="Exclusive First Look " font_container="tag:h2|font_size:38|text_align:center|color:%23ffffff" google_fonts="font_family:Satisfy%3Aregular|font_style:400%20regular%3A400%3Anormal" css=".vc_custom_1471982352581{margin-bottom: 5px !important;}"][basel_title style="simple" color="white" size="extra-large" subtitle_font="alt" title="#MakeUpMoments Our Latest Video" after_title="Ut sagittis sem erat accumsan parturient accumsan pharetra neque per euismod parturient
dictumst ad praesent laoreet non ornare ante fames sem sem" css=".vc_custom_1471982154452{margin-bottom: 30px !important;}"][basel_button color="white" align="center" title="Read More" link="http://#"][/vc_column][/vc_row][vc_row css=".vc_custom_1471982778492{margin-bottom: 7vh !important;}"][vc_column][basel_title style="simple" title="TOP CATEGORIES" after_title="Lorem ipsum dolor sit amet, consectetur adipiscin
lorem solo tempor incididunt ut labore et"][basel_categories orderby="" order="" style="default" categories_design="alt" columns="4" number="4" ids=""][/vc_column][/vc_row][vc_row full_width="stretch_row" css=".vc_custom_1471982951669{margin-bottom: 3vh !important;padding-top: 50px !important;padding-bottom: 50px !important;background-color: #f7f7f7 !important;}"][vc_column css=".vc_custom_1471981433092{padding-top: 0px !important;}"][basel_title style="simple" title="COSMETICS MAGAZINE" after_title="Lorem ipsum dolor sit amet, consectetur adipiscin
lorem solo tempor incididunt ut labore et"][basel_posts slides_per_view="3" hide_pagination_control="yes" posts_query="size:3|order_by:date|post_type:post" img_size="367x225"][/vc_column][/vc_row][vc_row equal_height="yes" content_placement="middle" css=".vc_custom_1471981138177{margin-bottom: 0px !important;padding-top: 50px !important;padding-bottom: 50px !important;background-image: url(http://demo.xtemos.com/basel/wp-content/uploads/2016/08/testimonials.png?id=23894) !important;background-position: center !important;background-repeat: no-repeat !important;background-size: cover !important;}"][vc_column width="1/6"][/vc_column][vc_column width="2/3" css=".vc_custom_1471981209937{border-right-width: 1px !important;padding-top: 20px !important;padding-bottom: 20px !important;border-right-color: rgba(255,255,255,0.13) !important;border-right-style: solid !important;}"][testimonials][testimonial name="John Doe" title="CEO envato" image="102"]The standard chunk of Lorem Ipsum used since the 1500s is reproduced below for those interested. Sections 1.10.32 and 1.10.33 from "de Finibus Bonorum et Malorum" by Cicero are[/testimonial][testimonial name="Joahna Doe" title="Support X-temos" image="101"]Sections 1.10.32 and 1.10.33 from "de Finibus Bonorum et Malorum" by Cicero are. The standard chunk of Lorem Ipsum used since the 1500s is reproduced below for those interested.[/testimonial][testimonial name="Joahna Doe" title="Support X-temos" image="102"]Sections 1.10.32 and 1.10.33 from "de Finibus Bonorum et Malorum" by Cicero are. The standard chunk of Lorem Ipsum used since the 1500s is reproduced below for those interested.[/testimonial][/testimonials][/vc_column][vc_column width="1/6"][/vc_column][/vc_row][vc_row full_width="stretch_row_content_no_spaces" css=".vc_custom_1471887395733{margin-bottom: -40px !important;padding-top: 0px !important;}"][vc_column css=".vc_custom_1471887392417{padding-top: 0px !important;}"][basel_instagram per_row="6" username="sephora" number="12"]
<h2 style="text-align: center; margin-bottom: 10px;">INSTAGRAM</h2>

<hr style="text-align: center; margin-bottom: 10px; border-width: 3px; border-color: black;" />
<p style="text-align: center;">Posuere eget ut sed consectetur litora lobortis cras</p>
<p style="text-align: center;"><a class="btn btn-size-small btn-color-primary" style="text-align: center;" href="#">VIEW PROFILE</a></p>
[/basel_instagram][/vc_column][/vc_row]]]></content:encoded>
		<excerpt:encoded><![CDATA[]]></excerpt:encoded>
		<wp:post_id>351</wp:post_id>
		<wp:post_date>2016-08-23 20:02:51</wp:post_date>
		<wp:post_date_gmt>2016-08-23 20:02:51</wp:post_date_gmt>
		<wp:comment_status>closed</wp:comment_status>
		<wp:ping_status>closed</wp:ping_status>
		<wp:post_name>home-cosmetics</wp:post_name>
		<wp:status>publish</wp:status>
		<wp:post_parent>0</wp:post_parent>
		<wp:menu_order>0</wp:menu_order>
		<wp:post_type>page</wp:post_type>
		<wp:post_password></wp:post_password>
		<wp:is_sticky>0</wp:is_sticky>
		<wp:postmeta>
			<wp:meta_key>_wp_page_template</wp:meta_key>
			<wp:meta_value><![CDATA[default]]></wp:meta_value>
		</wp:postmeta>
		<wp:postmeta>
			<wp:meta_key>_basel_main_layout</wp:meta_key>
			<wp:meta_value><![CDATA[full-width]]></wp:meta_value>
		</wp:postmeta>
		<wp:postmeta>
			<wp:meta_key>_basel_header_color_scheme</wp:meta_key>
			<wp:meta_value><![CDATA[inherit]]></wp:meta_value>
		</wp:postmeta>
		<wp:postmeta>
			<wp:meta_key>_basel_title_off</wp:meta_key>
			<wp:meta_value><![CDATA[on]]></wp:meta_value>
		</wp:postmeta>
		<wp:postmeta>
			<wp:meta_key>_basel_title_image_id</wp:meta_key>
			<wp:meta_value><![CDATA[0]]></wp:meta_value>
		</wp:postmeta>
		<wp:postmeta>
			<wp:meta_key>_wpb_shortcodes_custom_css</wp:meta_key>
			<wp:meta_value><![CDATA[.vc_custom_1471978316406{margin-top: -40px !important;margin-bottom: 5vh !important;}.vc_custom_1471978324282{margin-bottom: 3vh !important;}.vc_custom_1471982614421{margin-bottom: 5vh !important;}.vc_custom_1471978345407{margin-bottom: 4vh !important;}.vc_custom_1471982940887{margin-bottom: 5vh !important;padding-top: 100px !important;padding-bottom: 100px !important;background-color: #0a0a0a !important;}.vc_custom_1471982778492{margin-bottom: 7vh !important;}.vc_custom_1471982951669{margin-bottom: 3vh !important;padding-top: 50px !important;padding-bottom: 50px !important;background-color: #f7f7f7 !important;}.vc_custom_1471981138177{margin-bottom: 0px !important;padding-top: 50px !important;padding-bottom: 50px !important;background-image: url(http://demo.xtemos.com/basel/wp-content/uploads/2016/08/testimonials.png?id=23894) !important;background-position: center !important;background-repeat: no-repeat !important;background-size: cover !important;}.vc_custom_1471887395733{margin-bottom: -40px !important;padding-top: 0px !important;}.vc_custom_1471886867111{margin-bottom: 25px !important;padding-right: 9% !important;padding-left: 9% !important;}.vc_custom_1471983673733{margin-bottom: 45px !important;}.vc_custom_1471983680230{margin-bottom: 45px !important;}.vc_custom_1471983690060{margin-bottom: 45px !important;}.vc_custom_1469980706418{padding-top: 0px !important;}.vc_custom_1471954779164{padding-top: 0px !important;}.vc_custom_1471982352581{margin-bottom: 5px !important;}.vc_custom_1471982154452{margin-bottom: 30px !important;}.vc_custom_1471981433092{padding-top: 0px !important;}.vc_custom_1471981209937{border-right-width: 1px !important;padding-top: 20px !important;padding-bottom: 20px !important;border-right-color: rgba(255,255,255,0.13) !important;border-right-style: solid !important;}.vc_custom_1471887392417{padding-top: 0px !important;}]]></wp:meta_value>
		</wp:postmeta>
	</item>
	<item>
		<title>perfume</title>
		<link>http://xtemos.com/dummy/basel3/home-cosmetics/perfume/</link>
		<pubDate>Tue, 23 Aug 2016 20:26:33 +0000</pubDate>
		<dc:creator><![CDATA[admin]]></dc:creator>
		<guid isPermaLink="false">http://xtemos.com/dummy/basel3/wp-content/uploads/2016/08/perfume.jpg</guid>
		<description></description>
		<content:encoded><![CDATA[]]></content:encoded>
		<excerpt:encoded><![CDATA[]]></excerpt:encoded>
		<wp:post_id>362</wp:post_id>
		<wp:post_date>2016-08-23 20:26:33</wp:post_date>
		<wp:post_date_gmt>2016-08-23 20:26:33</wp:post_date_gmt>
		<wp:comment_status>open</wp:comment_status>
		<wp:ping_status>closed</wp:ping_status>
		<wp:post_name>perfume</wp:post_name>
		<wp:status>inherit</wp:status>
		<wp:post_parent>351</wp:post_parent>
		<wp:menu_order>0</wp:menu_order>
		<wp:post_type>attachment</wp:post_type>
		<wp:post_password></wp:post_password>
		<wp:is_sticky>0</wp:is_sticky>
		<wp:attachment_url>http://xtemos.com/dummy/basel3/wp-content/uploads/2016/08/perfume.jpg</wp:attachment_url>
		<wp:postmeta>
			<wp:meta_key>_wp_attached_file</wp:meta_key>
			<wp:meta_value><![CDATA[2016/08/perfume.jpg]]></wp:meta_value>
		</wp:postmeta>
	</item>
</channel>
</rss>
