<?xml version="1.0" encoding="UTF-8" ?>
<!-- This is a WordPress eXtended RSS file generated by WordPress as an export of your site. -->
<!-- It contains information about your site's posts, pages, comments, categories, and other content. -->
<!-- You may use this file to transfer that content from one site to another. -->
<!-- This file is not intended to serve as a complete backup of your site. -->

<!-- To import this information into a WordPress site follow these steps: -->
<!-- 1. Log in to that site as an administrator. -->
<!-- 2. Go to Tools: Import in the WordPress admin panel. -->
<!-- 3. Install the "WordPress" importer from the list. -->
<!-- 4. Activate & Run Importer. -->
<!-- 5. Upload this file using the form provided on that page. -->
<!-- 6. You will first be asked to map the authors in this export file to users -->
<!--    on the site. For each author, you may choose to map to an -->
<!--    existing user on the site or to create a new user. -->
<!-- 7. WordPress will then import each of the posts, pages, comments, categories, etc. -->
<!--    contained in this file into your site. -->

<!-- generator="WordPress/4.4.2" created="2016-03-23 18:39" -->
<rss version="2.0"
	xmlns:excerpt="http://wordpress.org/export/1.2/excerpt/"
	xmlns:content="http://purl.org/rss/1.0/modules/content/"
	xmlns:wfw="http://wellformedweb.org/CommentAPI/"
	xmlns:dc="http://purl.org/dc/elements/1.1/"
	xmlns:wp="http://wordpress.org/export/1.2/"
>

<channel>
	<title>Xtemos New</title>
	<link>http://demo.xtemos.com/basel</link>
	<description>Just another WordPress site</description>
	<pubDate>Wed, 23 Mar 2016 18:39:45 +0000</pubDate>
	<language>en-US</language>
	<wp:wxr_version>1.2</wp:wxr_version>
	<wp:base_site_url>http://demo.xtemos.com/basel</wp:base_site_url>
	<wp:base_blog_url>http://demo.xtemos.com/basel</wp:base_blog_url>

	<wp:author><wp:author_id>3</wp:author_id><wp:author_login>kabina57</wp:author_login><wp:author_email>vlad@gmail.com</wp:author_email><wp:author_display_name><![CDATA[V. Harrison]]></wp:author_display_name><wp:author_first_name><![CDATA[V.]]></wp:author_first_name><wp:author_last_name><![CDATA[Harrison]]></wp:author_last_name></wp:author>


	<generator>https://wordpress.org/?v=4.4.2</generator>

	<item>
		<title>Our shop</title>
		<link>http://demo.xtemos.com/basel/our-shop/</link>
		<pubDate>Thu, 31 Dec 2015 16:39:08 +0000</pubDate>
		<dc:creator><![CDATA[kabina57]]></dc:creator>
		<guid isPermaLink="false">http://demo.xtemos.com/basel/?page_id=22243</guid>
		<description></description>
		<content:encoded><![CDATA[[vc_row full_width="stretch_row_content_no_spaces" full_height="yes" content_placement="middle" css=".vc_custom_1458121293993{margin-bottom: -40px !important;padding-top: 50px !important;padding-right: 50px !important;padding-bottom: 50px !important;padding-left: 50px !important;background-image: url(http://demo.xtemos.com/basel/wp-content/uploads/2015/12/our-shop-2.jpg?id=22261) !important;background-position: center !important;background-repeat: no-repeat !important;background-size: cover !important;}"][vc_column][vc_column_text basel_color_scheme="light"]
<h1 class="font-title" style="text-align: center; margin-bottom: 0px; font-size: 62px; text-transform: capitalize; line-height: 1.1;">shop localization
in <span style="border-bottom: 2px solid white;">Paris</span></h1>
[/vc_column_text][vc_row_inner][vc_column_inner width="1/4" offset="vc_col-lg-offset-3 vc_col-md-offset-3 vc_col-sm-offset-3"][vc_column_text]
<p style="text-align: center; color: white;">6 Rue des Rochebrune / 75011 Paris
TEL. +3 60 340 34 43 / FAX. 3 60 340 34 43</p>
[/vc_column_text][vc_column_text]
<p style="text-align: center; color: white;">6 Rue des Rochebrune / 75011 Paris
TEL. +3 60 340 34 43 / FAX. 3 60 340 34 43</p>
[/vc_column_text][/vc_column_inner][vc_column_inner width="1/4"][vc_column_text]
<p style="text-align: center; color: white;">6 Rue des Rochebrune / 75011 Paris
TEL. +3 60 340 34 43 / FAX. 3 60 340 34 43</p>
[/vc_column_text][vc_column_text]
<p style="text-align: center; color: white;">6 Rue des Rochebrune / 75011 Paris
TEL. +3 60 340 34 43 / FAX. 3 60 340 34 43</p>
[/vc_column_text][/vc_column_inner][vc_column_inner el_class="text-center" width="1/3" offset="vc_col-lg-offset-4 vc_col-md-offset-4 vc_col-sm-offset-4"][basel_button color="white" style="link" size="extra-large" title="Contact Us" link="http://demo.xtemos.com/basel/contact-us-2/"][vc_column_text css=".vc_custom_1457906003918{margin-bottom: 20px !important;}"][/vc_column_text][social_buttons size="small" style="colored"][/vc_column_inner][/vc_row_inner][/vc_column][/vc_row]]]></content:encoded>
		<excerpt:encoded><![CDATA[]]></excerpt:encoded>
		<wp:post_id>22243</wp:post_id>
		<wp:post_date>2015-12-31 16:39:08</wp:post_date>
		<wp:post_date_gmt>2015-12-31 16:39:08</wp:post_date_gmt>
		<wp:comment_status>closed</wp:comment_status>
		<wp:ping_status>closed</wp:ping_status>
		<wp:post_name>our-shop</wp:post_name>
		<wp:status>publish</wp:status>
		<wp:post_parent>0</wp:post_parent>
		<wp:menu_order>0</wp:menu_order>
		<wp:post_type>page</wp:post_type>
		<wp:post_password></wp:post_password>
		<wp:is_sticky>0</wp:is_sticky>
		<wp:postmeta>
			<wp:meta_key>_wp_page_template</wp:meta_key>
			<wp:meta_value><![CDATA[default]]></wp:meta_value>
		</wp:postmeta>
		<wp:postmeta>
			<wp:meta_key>_wpb_shortcodes_custom_css</wp:meta_key>
			<wp:meta_value><![CDATA[.vc_custom_1458121293993{margin-bottom: -40px !important;padding-top: 50px !important;padding-right: 50px !important;padding-bottom: 50px !important;padding-left: 50px !important;background-image: url(http://demo.xtemos.com/basel/wp-content/uploads/2015/12/our-shop-2.jpg?id=22261) !important;background-position: center !important;background-repeat: no-repeat !important;background-size: cover !important;}.vc_custom_1457906003918{margin-bottom: 20px !important;}]]></wp:meta_value>
		</wp:postmeta>
		<wp:postmeta>
			<wp:meta_key>_basel_main_layout</wp:meta_key>
			<wp:meta_value><![CDATA[full-width]]></wp:meta_value>
		</wp:postmeta>
		<wp:postmeta>
			<wp:meta_key>_basel_header</wp:meta_key>
			<wp:meta_value><![CDATA[shop]]></wp:meta_value>
		</wp:postmeta>
		<wp:postmeta>
			<wp:meta_key>_basel_header-overlap</wp:meta_key>
			<wp:meta_value><![CDATA[on]]></wp:meta_value>
		</wp:postmeta>
		<wp:postmeta>
			<wp:meta_key>_basel_header_color_scheme</wp:meta_key>
			<wp:meta_value><![CDATA[light]]></wp:meta_value>
		</wp:postmeta>
		<wp:postmeta>
			<wp:meta_key>_basel_title_off</wp:meta_key>
			<wp:meta_value><![CDATA[on]]></wp:meta_value>
		</wp:postmeta>
	</item>
</channel>
</rss>
