<?xml version="1.0" encoding="UTF-8" ?>
<!-- This is a WordPress eXtended RSS file generated by WordPress as an export of your site. -->
<!-- It contains information about your site's posts, pages, comments, categories, and other content. -->
<!-- You may use this file to transfer that content from one site to another. -->
<!-- This file is not intended to serve as a complete backup of your site. -->

<!-- To import this information into a WordPress site follow these steps: -->
<!-- 1. Log in to that site as an administrator. -->
<!-- 2. Go to Tools: Import in the WordPress admin panel. -->
<!-- 3. Install the "WordPress" importer from the list. -->
<!-- 4. Activate & Run Importer. -->
<!-- 5. Upload this file using the form provided on that page. -->
<!-- 6. You will first be asked to map the authors in this export file to users -->
<!--    on the site. For each author, you may choose to map to an -->
<!--    existing user on the site or to create a new user. -->
<!-- 7. WordPress will then import each of the posts, pages, comments, categories, etc. -->
<!--    contained in this file into your site. -->

<!-- generator="WordPress/4.4.2" created="2016-03-23 18:50" -->
<rss version="2.0"
	xmlns:excerpt="http://wordpress.org/export/1.2/excerpt/"
	xmlns:content="http://purl.org/rss/1.0/modules/content/"
	xmlns:wfw="http://wellformedweb.org/CommentAPI/"
	xmlns:dc="http://purl.org/dc/elements/1.1/"
	xmlns:wp="http://wordpress.org/export/1.2/"
>

<channel>
	<title>Xtemos New</title>
	<link>http://demo.xtemos.com/basel</link>
	<description>Just another WordPress site</description>
	<pubDate>Wed, 23 Mar 2016 18:50:59 +0000</pubDate>
	<language>en-US</language>
	<wp:wxr_version>1.2</wp:wxr_version>
	<wp:base_site_url>http://demo.xtemos.com/basel</wp:base_site_url>
	<wp:base_blog_url>http://demo.xtemos.com/basel</wp:base_blog_url>

	<wp:author><wp:author_id>1</wp:author_id><wp:author_login>admin</wp:author_login><wp:author_email>adad@adad.ad</wp:author_email><wp:author_display_name><![CDATA[admin]]></wp:author_display_name><wp:author_first_name><![CDATA[]]></wp:author_first_name><wp:author_last_name><![CDATA[]]></wp:author_last_name></wp:author>
	<wp:author><wp:author_id>3</wp:author_id><wp:author_login>kabina57</wp:author_login><wp:author_email>grugorenkowlad@gmail.com</wp:author_email><wp:author_display_name><![CDATA[V. Harrison]]></wp:author_display_name><wp:author_first_name><![CDATA[V.]]></wp:author_first_name><wp:author_last_name><![CDATA[Harrison]]></wp:author_last_name></wp:author>


	<generator>https://wordpress.org/?v=4.4.2</generator>

	<item>
		<title>blog14</title>
		<link>http://demo.xtemos.com/basel/sed-ultrices-netus/blog14/</link>
		<pubDate>Fri, 06 Nov 2015 16:09:34 +0000</pubDate>
		<dc:creator><![CDATA[admin]]></dc:creator>
		<guid isPermaLink="false">http://demo.xtemos.com/basel/wp-content/uploads/2015/08/blog14.jpg</guid>
		<description></description>
		<content:encoded><![CDATA[]]></content:encoded>
		<excerpt:encoded><![CDATA[]]></excerpt:encoded>
		<wp:post_id>20218</wp:post_id>
		<wp:post_date>2015-11-06 16:09:34</wp:post_date>
		<wp:post_date_gmt>2015-11-06 16:09:34</wp:post_date_gmt>
		<wp:comment_status>open</wp:comment_status>
		<wp:ping_status>closed</wp:ping_status>
		<wp:post_name>blog14</wp:post_name>
		<wp:status>inherit</wp:status>
		<wp:post_parent>19328</wp:post_parent>
		<wp:menu_order>0</wp:menu_order>
		<wp:post_type>attachment</wp:post_type>
		<wp:post_password></wp:post_password>
		<wp:is_sticky>0</wp:is_sticky>
		<wp:attachment_url>http://demo.xtemos.com/basel/wp-content/uploads/2015/08/blog14.jpg</wp:attachment_url>
		<wp:postmeta>
			<wp:meta_key>_wp_attached_file</wp:meta_key>
			<wp:meta_value><![CDATA[2015/08/blog14.jpg]]></wp:meta_value>
		</wp:postmeta>
	</item>
	<item>
		<title>blog16</title>
		<link>http://demo.xtemos.com/basel/parturient-ut-montes-in/blog16/</link>
		<pubDate>Fri, 06 Nov 2015 16:13:45 +0000</pubDate>
		<dc:creator><![CDATA[admin]]></dc:creator>
		<guid isPermaLink="false">http://demo.xtemos.com/basel/wp-content/uploads/2015/08/blog16.jpg</guid>
		<description></description>
		<content:encoded><![CDATA[]]></content:encoded>
		<excerpt:encoded><![CDATA[]]></excerpt:encoded>
		<wp:post_id>20221</wp:post_id>
		<wp:post_date>2015-11-06 16:13:45</wp:post_date>
		<wp:post_date_gmt>2015-11-06 16:13:45</wp:post_date_gmt>
		<wp:comment_status>open</wp:comment_status>
		<wp:ping_status>closed</wp:ping_status>
		<wp:post_name>blog16</wp:post_name>
		<wp:status>inherit</wp:status>
		<wp:post_parent>19319</wp:post_parent>
		<wp:menu_order>0</wp:menu_order>
		<wp:post_type>attachment</wp:post_type>
		<wp:post_password></wp:post_password>
		<wp:is_sticky>0</wp:is_sticky>
		<wp:attachment_url>http://demo.xtemos.com/basel/wp-content/uploads/2015/08/blog16.jpg</wp:attachment_url>
		<wp:postmeta>
			<wp:meta_key>_wp_attached_file</wp:meta_key>
			<wp:meta_value><![CDATA[2015/08/blog16.jpg]]></wp:meta_value>
		</wp:postmeta>
	</item>
	<item>
		<title>blog17</title>
		<link>http://demo.xtemos.com/basel/vestibulum-bibem-eundu/blog17/</link>
		<pubDate>Fri, 06 Nov 2015 16:17:46 +0000</pubDate>
		<dc:creator><![CDATA[admin]]></dc:creator>
		<guid isPermaLink="false">http://demo.xtemos.com/basel/wp-content/uploads/2015/08/blog17.jpg</guid>
		<description></description>
		<content:encoded><![CDATA[]]></content:encoded>
		<excerpt:encoded><![CDATA[]]></excerpt:encoded>
		<wp:post_id>20223</wp:post_id>
		<wp:post_date>2015-11-06 16:17:46</wp:post_date>
		<wp:post_date_gmt>2015-11-06 16:17:46</wp:post_date_gmt>
		<wp:comment_status>open</wp:comment_status>
		<wp:ping_status>closed</wp:ping_status>
		<wp:post_name>blog17</wp:post_name>
		<wp:status>inherit</wp:status>
		<wp:post_parent>19324</wp:post_parent>
		<wp:menu_order>0</wp:menu_order>
		<wp:post_type>attachment</wp:post_type>
		<wp:post_password></wp:post_password>
		<wp:is_sticky>0</wp:is_sticky>
		<wp:attachment_url>http://demo.xtemos.com/basel/wp-content/uploads/2015/08/blog17.jpg</wp:attachment_url>
		<wp:postmeta>
			<wp:meta_key>_wp_attached_file</wp:meta_key>
			<wp:meta_value><![CDATA[2015/08/blog17.jpg]]></wp:meta_value>
		</wp:postmeta>
	</item>
	<item>
		<title>austen</title>
		<link>http://demo.xtemos.com/basel/about-me/austen/</link>
		<pubDate>Wed, 30 Dec 2015 10:06:20 +0000</pubDate>
		<dc:creator><![CDATA[kabina57]]></dc:creator>
		<guid isPermaLink="false">http://demo.xtemos.com/basel/wp-content/uploads/2015/06/austen.jpg</guid>
		<description></description>
		<content:encoded><![CDATA[]]></content:encoded>
		<excerpt:encoded><![CDATA[]]></excerpt:encoded>
		<wp:post_id>22073</wp:post_id>
		<wp:post_date>2015-12-30 10:06:20</wp:post_date>
		<wp:post_date_gmt>2015-12-30 10:06:20</wp:post_date_gmt>
		<wp:comment_status>open</wp:comment_status>
		<wp:ping_status>closed</wp:ping_status>
		<wp:post_name>austen</wp:post_name>
		<wp:status>inherit</wp:status>
		<wp:post_parent>294</wp:post_parent>
		<wp:menu_order>0</wp:menu_order>
		<wp:post_type>attachment</wp:post_type>
		<wp:post_password></wp:post_password>
		<wp:is_sticky>0</wp:is_sticky>
		<wp:attachment_url>http://demo.xtemos.com/basel/wp-content/uploads/2015/06/austen.jpg</wp:attachment_url>
		<wp:postmeta>
			<wp:meta_key>_wp_attached_file</wp:meta_key>
			<wp:meta_value><![CDATA[2015/06/austen.jpg]]></wp:meta_value>
		</wp:postmeta>
	</item>
	<item>
		<title>Our Gallery</title>
		<link>http://demo.xtemos.com/basel/our-gallery/</link>
		<pubDate>Wed, 30 Dec 2015 11:26:40 +0000</pubDate>
		<dc:creator><![CDATA[kabina57]]></dc:creator>
		<guid isPermaLink="false">http://demo.xtemos.com/basel/?page_id=22100</guid>
		<description></description>
		<content:encoded><![CDATA[[vc_row css=".vc_custom_1451475270355{margin-bottom: 60px !important;}"][vc_column][rev_slider_vc alias="our-gallery"][/vc_column][/vc_row][vc_row full_width="stretch_row_content_no_spaces" css=".vc_custom_1451482209075{margin-bottom: 70px !important;}"][vc_column width="1/4"][/vc_column][vc_column width="1/2"][vc_column_text css=".vc_custom_1451469672537{margin-bottom: 30px !important;}"]
<h1 class="font-title" style="text-align: center; font-size: 42px; text-transform: capitalize;">Consectetur lobortis maecenas risus mi lacus <span style="border-bottom: 1px solid #BDBDBD; padding-bottom: 4px;">cond consequat.</span></h1>
[/vc_column_text][vc_column_text css=".vc_custom_1451469467022{padding-right: 30px !important;padding-left: 30px !important;}"]
<p style="text-align: center; line-height: 1.8;">Suspendisse leo sodales varius leo elementum vestibulum a elit at ultrices a mi a praesent enim libero ultrices a amet suscipit. A tempus iaculis habitasse suspendisse aenean parturient blandit a rutrum purus a a et id non feugiat donec.</p>
[/vc_column_text][vc_single_image image="22073" img_size="full" alignment="center" css=".vc_custom_1451470372512{margin-bottom: 30px !important;}"][social_buttons style="circle"][/vc_column][vc_column width="1/4"][/vc_column][/vc_row][vc_row full_width="stretch_row_content_no_spaces" css=".vc_custom_1451482127174{margin-bottom: -70px !important;}"][vc_column width="1/2"][promo_banner image="22283" alignment="center" vertical_alignment="middle" hover="1" style="2" basel_color_scheme="light" img_size="full" link="http://#"]
<h2><strong>FASHING PHOTO COLLECTION</strong></h2>
[/promo_banner][vc_column_text css=".vc_custom_1451578364923{margin-top: -30px !important;margin-bottom: 0px !important;}"][/vc_column_text][promo_banner image="20221" alignment="center" vertical_alignment="middle" hover="1" style="2" basel_color_scheme="light" img_size="full" link="http://#"]
<h2><strong>NATURE PHOTO COLLECTION</strong></h2>
[/promo_banner][/vc_column][vc_column width="1/2"][promo_banner image="20223" alignment="center" vertical_alignment="middle" hover="1" style="2" basel_color_scheme="light" img_size="full" link="http://#"]
<h2><strong>NATURE PHOTO COLLECTION</strong></h2>
[/promo_banner][vc_column_text css=".vc_custom_1451578364923{margin-top: -30px !important;margin-bottom: 0px !important;}"][/vc_column_text][promo_banner image="20218" alignment="center" vertical_alignment="middle" hover="1" style="2" basel_color_scheme="light" img_size="full" link="http://#"]
<h2><strong>FASHING PHOTO COLLECTION</strong></h2>
[/promo_banner][/vc_column][/vc_row]]]></content:encoded>
		<excerpt:encoded><![CDATA[]]></excerpt:encoded>
		<wp:post_id>22100</wp:post_id>
		<wp:post_date>2015-12-30 11:26:40</wp:post_date>
		<wp:post_date_gmt>2015-12-30 11:26:40</wp:post_date_gmt>
		<wp:comment_status>closed</wp:comment_status>
		<wp:ping_status>closed</wp:ping_status>
		<wp:post_name>our-gallery</wp:post_name>
		<wp:status>publish</wp:status>
		<wp:post_parent>0</wp:post_parent>
		<wp:menu_order>0</wp:menu_order>
		<wp:post_type>page</wp:post_type>
		<wp:post_password></wp:post_password>
		<wp:is_sticky>0</wp:is_sticky>
		<wp:postmeta>
			<wp:meta_key>_wp_page_template</wp:meta_key>
			<wp:meta_value><![CDATA[default]]></wp:meta_value>
		</wp:postmeta>
		<wp:postmeta>
			<wp:meta_key>_wpb_shortcodes_custom_css</wp:meta_key>
			<wp:meta_value><![CDATA[.vc_custom_1451475270355{margin-bottom: 60px !important;}.vc_custom_1451482209075{margin-bottom: 70px !important;}.vc_custom_1451482127174{margin-bottom: -70px !important;}.vc_custom_1451469672537{margin-bottom: 30px !important;}.vc_custom_1451469467022{padding-right: 30px !important;padding-left: 30px !important;}.vc_custom_1451470372512{margin-bottom: 30px !important;}.vc_custom_1451578364923{margin-top: -30px !important;margin-bottom: 0px !important;}.vc_custom_1451578364923{margin-top: -30px !important;margin-bottom: 0px !important;}]]></wp:meta_value>
		</wp:postmeta>
		<wp:postmeta>
			<wp:meta_key>_basel_main_layout</wp:meta_key>
			<wp:meta_value><![CDATA[full-width]]></wp:meta_value>
		</wp:postmeta>
		<wp:postmeta>
			<wp:meta_key>_basel_header</wp:meta_key>
			<wp:meta_value><![CDATA[shop]]></wp:meta_value>
		</wp:postmeta>
		<wp:postmeta>
			<wp:meta_key>_basel_header_color_scheme</wp:meta_key>
			<wp:meta_value><![CDATA[light]]></wp:meta_value>
		</wp:postmeta>
		<wp:postmeta>
			<wp:meta_key>_basel_header-overlap</wp:meta_key>
			<wp:meta_value><![CDATA[on]]></wp:meta_value>
		</wp:postmeta>
		<wp:postmeta>
			<wp:meta_key>_basel_title_off</wp:meta_key>
			<wp:meta_value><![CDATA[on]]></wp:meta_value>
		</wp:postmeta>
	</item>
	<item>
		<title>blog12-1</title>
		<link>http://demo.xtemos.com/basel/blog12-1/</link>
		<pubDate>Thu, 11 Feb 2016 15:06:04 +0000</pubDate>
		<dc:creator><![CDATA[kabina57]]></dc:creator>
		<guid isPermaLink="false">http://demo.xtemos.com/basel/wp-content/uploads/2015/08/blog12-1.jpg</guid>
		<description></description>
		<content:encoded><![CDATA[]]></content:encoded>
		<excerpt:encoded><![CDATA[]]></excerpt:encoded>
		<wp:post_id>22283</wp:post_id>
		<wp:post_date>2016-02-11 15:06:04</wp:post_date>
		<wp:post_date_gmt>2016-02-11 15:06:04</wp:post_date_gmt>
		<wp:comment_status>open</wp:comment_status>
		<wp:ping_status>closed</wp:ping_status>
		<wp:post_name>blog12-1</wp:post_name>
		<wp:status>inherit</wp:status>
		<wp:post_parent>0</wp:post_parent>
		<wp:menu_order>0</wp:menu_order>
		<wp:post_type>attachment</wp:post_type>
		<wp:post_password></wp:post_password>
		<wp:is_sticky>0</wp:is_sticky>
		<wp:attachment_url>http://demo.xtemos.com/basel/wp-content/uploads/2015/08/blog12-1.jpg</wp:attachment_url>
		<wp:postmeta>
			<wp:meta_key>_wp_attached_file</wp:meta_key>
			<wp:meta_value><![CDATA[2015/08/blog12-1.jpg]]></wp:meta_value>
		</wp:postmeta>
	</item>
</channel>
</rss>
