<?xml version="1.0" encoding="UTF-8" ?>
<!-- This is a WordPress eXtended RSS file generated by WordPress as an export of your site. -->
<!-- It contains information about your site's posts, pages, comments, categories, and other content. -->
<!-- You may use this file to transfer that content from one site to another. -->
<!-- This file is not intended to serve as a complete backup of your site. -->

<!-- To import this information into a WordPress site follow these steps: -->
<!-- 1. Log in to that site as an administrator. -->
<!-- 2. Go to Tools: Import in the WordPress admin panel. -->
<!-- 3. Install the "WordPress" importer from the list. -->
<!-- 4. Activate & Run Importer. -->
<!-- 5. Upload this file using the form provided on that page. -->
<!-- 6. You will first be asked to map the authors in this export file to users -->
<!--    on the site. For each author, you may choose to map to an -->
<!--    existing user on the site or to create a new user. -->
<!-- 7. WordPress will then import each of the posts, pages, comments, categories, etc. -->
<!--    contained in this file into your site. -->

<!-- generator="WordPress/4.6.1" created="2016-09-19 20:28" -->
<rss version="2.0"
	xmlns:excerpt="http://wordpress.org/export/1.2/excerpt/"
	xmlns:content="http://purl.org/rss/1.0/modules/content/"
	xmlns:wfw="http://wellformedweb.org/CommentAPI/"
	xmlns:dc="http://purl.org/dc/elements/1.1/"
	xmlns:wp="http://wordpress.org/export/1.2/"
>

<channel>
	<title>Dummy 3</title>
	<link>http://xtemos.com/dummy/basel3</link>
	<description>Just another WordPress site</description>
	<pubDate>Mon, 19 Sep 2016 20:28:18 +0000</pubDate>
	<language>en-US</language>
	<wp:wxr_version>1.2</wp:wxr_version>
	<wp:base_site_url>http://xtemos.com/dummy/basel3</wp:base_site_url>
	<wp:base_blog_url>http://xtemos.com/dummy/basel3</wp:base_blog_url>

	<wp:author><wp:author_id>1</wp:author_id><wp:author_login>admin</wp:author_login><wp:author_email>admin@basel.as</wp:author_email><wp:author_display_name><![CDATA[admin]]></wp:author_display_name><wp:author_first_name><![CDATA[]]></wp:author_first_name><wp:author_last_name><![CDATA[]]></wp:author_last_name></wp:author>


	<generator>https://wordpress.org/?v=4.6.1</generator>

	<item>
		<title>Home flat-full-width</title>
		<link>http://xtemos.com/dummy/basel3/home-flat-full-width/</link>
		<pubDate>Mon, 19 Sep 2016 20:27:06 +0000</pubDate>
		<dc:creator><![CDATA[admin]]></dc:creator>
		<guid isPermaLink="false">http://xtemos.com/dummy/basel3/?page_id=409</guid>
		<description></description>
		<content:encoded><![CDATA[[vc_row css=".vc_custom_1474202240569{margin-bottom: 5px !important;}"][vc_column css=".vc_custom_1452525768861{margin-top: -40px !important;}"][rev_slider_vc alias="flat-full-width"][/vc_column][/vc_row][vc_row full_width="stretch_row_content_no_spaces" gap="10" css=".vc_custom_1474215085667{margin-bottom: 8vh !important;padding-right: 5px !important;padding-left: 5px !important;}"][vc_column width="1/2" offset="vc_col-lg-6 vc_col-md-6"][promo_banner image="418" vertical_alignment="middle" hover="4" img_size="1000x475"]<h5 class="hidden-xs hidden-sm" style="color: #e2474d; margin-bottom: 5px;">MAKE YOUR LOOK</h5>
<h1 style="font-size: 42px; margin-bottom: 0px;"><strong>STYLE &amp;</strong></h1>
<h1 style="font-size: 42px; margin-bottom: 0px;"><strong>FASHION</strong></h1>
<p class="hidden-xs hidden-sm" style="font-size: 16px;">Litora a ullamcorper nam elementum
varius dictumst nunc cursus.</p>
<a class="btn btn-color-white btn-style-link btn-size-large" href="#">View Collection</a>[/promo_banner][/vc_column][vc_column width="1/2" offset="vc_col-lg-6 vc_col-md-6"][promo_banner image="419" alignment="right" vertical_alignment="middle" hover="4" basel_color_scheme="dark" img_size="1000x475"]<h5 class="hidden-xs hidden-sm" style="color: #e2474d; margin-bottom: 5px;">ALL DOLLED UP</h5>
<h1 style="font-size: 42px; margin-bottom: 0px;"><strong>DESIGN &amp;</strong></h1>
<h1 style="font-size: 42px; margin-bottom: 0px;"><strong>TRANDING</strong></h1>
<p class="hidden-xs hidden-sm" style="font-size: 16px;">Litora a ullamcorper nam elementum
varius dictumst nunc cursus.</p>
<a class="btn btn-color-default btn-style-link btn-size-large" href="#">View Collection</a>[/promo_banner][/vc_column][/vc_row][vc_row css=".vc_custom_1474314192470{margin-bottom: 7vh !important;}"][vc_column][basel_title style="simple" title="FEATURED CATEGORIES" css=".vc_custom_1474212252306{margin-bottom: 0px !important;}" subtitle="MADE THE HARD WAY"][basel_categories orderby="ID" order="ASC" style="carousel" categories_design="center" spacing="20" slides_per_view="4" ids=""][/vc_column][/vc_row][vc_row css=".vc_custom_1474119945849{margin-bottom: 8vh !important;}"][vc_column][basel_title style="simple" title="FEATURED PRODUCTS" css=".vc_custom_1474212208551{margin-bottom: 20px !important;}" subtitle="MADE THE HARD WAY"][basel_posts slides_per_view="5" posts_query="size:10|order_by:date|post_type:,product" img_size="350x425"][/vc_column][/vc_row][vc_row full_width="stretch_row" css=".vc_custom_1474316602481{margin-bottom: 8vh !important;padding-top: 20vh !important;padding-right: 25px !important;padding-bottom: 20vh !important;padding-left: 25px !important;background-image: url(http://xtemos.com/dummy/basel3/wp-content/uploads/2016/09/sale.jpg?id=420) !important;background-position: center !important;background-repeat: no-repeat !important;background-size: cover !important;}"][vc_column css=".vc_custom_1474313977910{padding-top: 0px !important;}"][vc_row_inner css=".vc_custom_1474313814248{margin-bottom: 0px !important;background-image: url(http://demo.xtemos.com/basel/wp-content/uploads/2016/09/save-red-bg.png?id=24209) !important;background-position: center !important;background-repeat: no-repeat !important;background-size: contain !important;}"][vc_column_inner css=".vc_custom_1474314519236{padding-top: 7vh !important;padding-bottom: 7vh !important;}"][vc_custom_heading text="Save 60% Off Sale" font_container="tag:h1|font_size:67|text_align:center|color:%23ffffff|line_height:1" google_fonts="font_family:Playfair%20Display%3Aregular%2Citalic%2C700%2C700italic%2C900%2C900italic|font_style:700%20bold%20regular%3A700%3Anormal" css=".vc_custom_1474314215329{margin-bottom: 15px !important;}" el_class="hidden-xs"][vc_custom_heading text="Save 60% Off Sale" font_container="tag:h1|font_size:24|text_align:center|color:%23ffffff|line_height:1" google_fonts="font_family:Playfair%20Display%3Aregular%2Citalic%2C700%2C700italic%2C900%2C900italic|font_style:700%20bold%20regular%3A700%3Anormal" css=".vc_custom_1474314285397{margin-bottom: 15px !important;}" el_class="visible-xs"][vc_custom_heading text="Be the first to hear about new styles and offers
and see how you’ve helped." font_container="tag:h4|text_align:center|color:%23ffffff|line_height:1.4" use_theme_fonts="yes" css=".vc_custom_1474314210100{margin-bottom: 15px !important;}" el_class="hidden-xs"][/vc_column_inner][/vc_row_inner][vc_column_text basel_color_scheme="dark" css=".vc_custom_1474314084266{margin-bottom: 0px !important;}"][mc4wp_form id="21436"][/vc_column_text][/vc_column][/vc_row][vc_row css=".vc_custom_1474119988311{margin-bottom: 8vh !important;}"][vc_column][basel_title style="simple" title="FEATURED POSTS" css=".vc_custom_1474314343743{margin-bottom: 20px !important;}" subtitle="FASHION NEWS"][basel_posts slides_per_view="4" posts_query="size:10|order_by:date|post_type:post" img_size="380x232"][/vc_column][/vc_row][vc_row full_width="stretch_row_content_no_spaces" css=".vc_custom_1474195862238{margin-bottom: -40px !important;}"][vc_column width="1/2" css=".vc_custom_1474127582449{margin-bottom: -30px !important;}"][promo_banner image="421" vertical_alignment="middle" hover="4" basel_color_scheme="dark" img_size="full"]<div style="display: inline-block; text-align: center; padding-left: 50px;">
<h1 style="font-size: 42px; margin-bottom: 0px;"><strong>STYLE &amp;</strong></h1>
<h1 style="font-size: 42px; margin-bottom: 0px;"><strong>TRANDING</strong></h1>
<p class="hidden-xs" style="font-size: 16px;">Litora a ullamcorper nam elementum
varius dictumst nunc cursus.</p>
<a class="btn btn-color-primary btn-style-default btn-size-small" href="#">View Collection</a>

</div>[/promo_banner][/vc_column][vc_column width="1/2" css=".vc_custom_1474127578432{margin-bottom: -30px !important;}"][promo_banner image="422" alignment="right" vertical_alignment="middle" hover="4" basel_color_scheme="dark" img_size="full"]<div style="display: inline-block; text-align: center; padding-right: 50px;">
<h1 style="font-size: 42px; margin-bottom: 0px;"><strong>LATEST</strong></h1>
<h1 style="font-size: 42px; margin-bottom: 0px;"><strong>COLLECTION</strong></h1>
<p class="hidden-xs" style="font-size: 16px;">Litora a ullamcorper nam elementum
varius dictumst nunc cursus.</p>
<a class="btn btn-color-primary btn-style-default btn-size-small" href="#">View Collection</a>

</div>[/promo_banner][/vc_column][/vc_row]]]></content:encoded>
		<excerpt:encoded><![CDATA[]]></excerpt:encoded>
		<wp:post_id>409</wp:post_id>
		<wp:post_date>2016-09-19 20:27:06</wp:post_date>
		<wp:post_date_gmt>2016-09-19 20:27:06</wp:post_date_gmt>
		<wp:comment_status>closed</wp:comment_status>
		<wp:ping_status>closed</wp:ping_status>
		<wp:post_name>home-flat-full-width</wp:post_name>
		<wp:status>publish</wp:status>
		<wp:post_parent>0</wp:post_parent>
		<wp:menu_order>0</wp:menu_order>
		<wp:post_type>page</wp:post_type>
		<wp:post_password></wp:post_password>
		<wp:is_sticky>0</wp:is_sticky>
		<wp:postmeta>
			<wp:meta_key>_wp_page_template</wp:meta_key>
			<wp:meta_value><![CDATA[default]]></wp:meta_value>
		</wp:postmeta>
		<wp:postmeta>
			<wp:meta_key>_wpb_shortcodes_custom_css</wp:meta_key>
			<wp:meta_value><![CDATA[.vc_custom_1474202240569{margin-bottom: 5px !important;}.vc_custom_1474215085667{margin-bottom: 8vh !important;padding-right: 5px !important;padding-left: 5px !important;}.vc_custom_1474314192470{margin-bottom: 7vh !important;}.vc_custom_1474119945849{margin-bottom: 8vh !important;}.vc_custom_1474316602481{margin-bottom: 8vh !important;padding-top: 20vh !important;padding-right: 25px !important;padding-bottom: 20vh !important;padding-left: 25px !important;background-image: url(http://xtemos.com/dummy/basel3/wp-content/uploads/2016/09/sale.jpg?id=420) !important;background-position: center !important;background-repeat: no-repeat !important;background-size: cover !important;}.vc_custom_1474119988311{margin-bottom: 8vh !important;}.vc_custom_1474195862238{margin-bottom: -40px !important;}.vc_custom_1452525768861{margin-top: -40px !important;}.vc_custom_1474212252306{margin-bottom: 0px !important;}.vc_custom_1474212208551{margin-bottom: 20px !important;}.vc_custom_1474313977910{padding-top: 0px !important;}.vc_custom_1474313814248{margin-bottom: 0px !important;background-image: url(http://demo.xtemos.com/basel/wp-content/uploads/2016/09/save-red-bg.png?id=24209) !important;background-position: center !important;background-repeat: no-repeat !important;background-size: contain !important;}.vc_custom_1474314084266{margin-bottom: 0px !important;}.vc_custom_1474314519236{padding-top: 7vh !important;padding-bottom: 7vh !important;}.vc_custom_1474314215329{margin-bottom: 15px !important;}.vc_custom_1474314285397{margin-bottom: 15px !important;}.vc_custom_1474314210100{margin-bottom: 15px !important;}.vc_custom_1474314343743{margin-bottom: 20px !important;}.vc_custom_1474127582449{margin-bottom: -30px !important;}.vc_custom_1474127578432{margin-bottom: -30px !important;}]]></wp:meta_value>
		</wp:postmeta>
		<wp:postmeta>
			<wp:meta_key>_basel_main_layout</wp:meta_key>
			<wp:meta_value><![CDATA[full-width]]></wp:meta_value>
		</wp:postmeta>
		<wp:postmeta>
			<wp:meta_key>_basel_header_color_scheme</wp:meta_key>
			<wp:meta_value><![CDATA[inherit]]></wp:meta_value>
		</wp:postmeta>
		<wp:postmeta>
			<wp:meta_key>_basel_title_off</wp:meta_key>
			<wp:meta_value><![CDATA[on]]></wp:meta_value>
		</wp:postmeta>
		<wp:postmeta>
			<wp:meta_key>_basel_title_image_id</wp:meta_key>
			<wp:meta_value><![CDATA[0]]></wp:meta_value>
		</wp:postmeta>
	</item>
	<item>
		<title>banner1</title>
		<link>http://xtemos.com/dummy/basel3/home-flat-full-width/banner1/</link>
		<pubDate>Mon, 19 Sep 2016 20:26:05 +0000</pubDate>
		<dc:creator><![CDATA[admin]]></dc:creator>
		<guid isPermaLink="false">http://xtemos.com/dummy/basel3/wp-content/uploads/2016/09/banner1.jpg</guid>
		<description></description>
		<content:encoded><![CDATA[]]></content:encoded>
		<excerpt:encoded><![CDATA[]]></excerpt:encoded>
		<wp:post_id>418</wp:post_id>
		<wp:post_date>2016-09-19 20:26:05</wp:post_date>
		<wp:post_date_gmt>2016-09-19 20:26:05</wp:post_date_gmt>
		<wp:comment_status>open</wp:comment_status>
		<wp:ping_status>closed</wp:ping_status>
		<wp:post_name>banner1</wp:post_name>
		<wp:status>inherit</wp:status>
		<wp:post_parent>409</wp:post_parent>
		<wp:menu_order>0</wp:menu_order>
		<wp:post_type>attachment</wp:post_type>
		<wp:post_password></wp:post_password>
		<wp:is_sticky>0</wp:is_sticky>
		<wp:attachment_url>http://xtemos.com/dummy/basel3/wp-content/uploads/2016/09/banner1.jpg</wp:attachment_url>
		<wp:postmeta>
			<wp:meta_key>_wp_attached_file</wp:meta_key>
			<wp:meta_value><![CDATA[2016/09/banner1.jpg]]></wp:meta_value>
		</wp:postmeta>
	</item>
	<item>
		<title>banner2</title>
		<link>http://xtemos.com/dummy/basel3/home-flat-full-width/banner2/</link>
		<pubDate>Mon, 19 Sep 2016 20:26:18 +0000</pubDate>
		<dc:creator><![CDATA[admin]]></dc:creator>
		<guid isPermaLink="false">http://xtemos.com/dummy/basel3/wp-content/uploads/2016/09/banner2.jpg</guid>
		<description></description>
		<content:encoded><![CDATA[]]></content:encoded>
		<excerpt:encoded><![CDATA[]]></excerpt:encoded>
		<wp:post_id>419</wp:post_id>
		<wp:post_date>2016-09-19 20:26:18</wp:post_date>
		<wp:post_date_gmt>2016-09-19 20:26:18</wp:post_date_gmt>
		<wp:comment_status>open</wp:comment_status>
		<wp:ping_status>closed</wp:ping_status>
		<wp:post_name>banner2</wp:post_name>
		<wp:status>inherit</wp:status>
		<wp:post_parent>409</wp:post_parent>
		<wp:menu_order>0</wp:menu_order>
		<wp:post_type>attachment</wp:post_type>
		<wp:post_password></wp:post_password>
		<wp:is_sticky>0</wp:is_sticky>
		<wp:attachment_url>http://xtemos.com/dummy/basel3/wp-content/uploads/2016/09/banner2.jpg</wp:attachment_url>
		<wp:postmeta>
			<wp:meta_key>_wp_attached_file</wp:meta_key>
			<wp:meta_value><![CDATA[2016/09/banner2.jpg]]></wp:meta_value>
		</wp:postmeta>
	</item>
	<item>
		<title>bottom2</title>
		<link>http://xtemos.com/dummy/basel3/home-flat-full-width/bottom2/</link>
		<pubDate>Mon, 19 Sep 2016 20:26:47 +0000</pubDate>
		<dc:creator><![CDATA[admin]]></dc:creator>
		<guid isPermaLink="false">http://xtemos.com/dummy/basel3/wp-content/uploads/2016/09/bottom2.jpg</guid>
		<description></description>
		<content:encoded><![CDATA[]]></content:encoded>
		<excerpt:encoded><![CDATA[]]></excerpt:encoded>
		<wp:post_id>421</wp:post_id>
		<wp:post_date>2016-09-19 20:26:47</wp:post_date>
		<wp:post_date_gmt>2016-09-19 20:26:47</wp:post_date_gmt>
		<wp:comment_status>open</wp:comment_status>
		<wp:ping_status>closed</wp:ping_status>
		<wp:post_name>bottom2</wp:post_name>
		<wp:status>inherit</wp:status>
		<wp:post_parent>409</wp:post_parent>
		<wp:menu_order>0</wp:menu_order>
		<wp:post_type>attachment</wp:post_type>
		<wp:post_password></wp:post_password>
		<wp:is_sticky>0</wp:is_sticky>
		<wp:attachment_url>http://xtemos.com/dummy/basel3/wp-content/uploads/2016/09/bottom2.jpg</wp:attachment_url>
		<wp:postmeta>
			<wp:meta_key>_wp_attached_file</wp:meta_key>
			<wp:meta_value><![CDATA[2016/09/bottom2.jpg]]></wp:meta_value>
		</wp:postmeta>
	</item>
	<item>
		<title>bottom1</title>
		<link>http://xtemos.com/dummy/basel3/home-flat-full-width/bottom1/</link>
		<pubDate>Mon, 19 Sep 2016 20:26:59 +0000</pubDate>
		<dc:creator><![CDATA[admin]]></dc:creator>
		<guid isPermaLink="false">http://xtemos.com/dummy/basel3/wp-content/uploads/2016/09/bottom1.jpg</guid>
		<description></description>
		<content:encoded><![CDATA[]]></content:encoded>
		<excerpt:encoded><![CDATA[]]></excerpt:encoded>
		<wp:post_id>422</wp:post_id>
		<wp:post_date>2016-09-19 20:26:59</wp:post_date>
		<wp:post_date_gmt>2016-09-19 20:26:59</wp:post_date_gmt>
		<wp:comment_status>open</wp:comment_status>
		<wp:ping_status>closed</wp:ping_status>
		<wp:post_name>bottom1</wp:post_name>
		<wp:status>inherit</wp:status>
		<wp:post_parent>409</wp:post_parent>
		<wp:menu_order>0</wp:menu_order>
		<wp:post_type>attachment</wp:post_type>
		<wp:post_password></wp:post_password>
		<wp:is_sticky>0</wp:is_sticky>
		<wp:attachment_url>http://xtemos.com/dummy/basel3/wp-content/uploads/2016/09/bottom1.jpg</wp:attachment_url>
		<wp:postmeta>
			<wp:meta_key>_wp_attached_file</wp:meta_key>
			<wp:meta_value><![CDATA[2016/09/bottom1.jpg]]></wp:meta_value>
		</wp:postmeta>
	</item>
</channel>
</rss>
