<?xml version="1.0" encoding="UTF-8" ?>
<!-- This is a WordPress eXtended RSS file generated by WordPress as an export of your site. -->
<!-- It contains information about your site's posts, pages, comments, categories, and other content. -->
<!-- You may use this file to transfer that content from one site to another. -->
<!-- This file is not intended to serve as a complete backup of your site. -->

<!-- To import this information into a WordPress site follow these steps: -->
<!-- 1. Log in to that site as an administrator. -->
<!-- 2. Go to Tools: Import in the WordPress admin panel. -->
<!-- 3. Install the "WordPress" importer from the list. -->
<!-- 4. Activate & Run Importer. -->
<!-- 5. Upload this file using the form provided on that page. -->
<!-- 6. You will first be asked to map the authors in this export file to users -->
<!--    on the site. For each author, you may choose to map to an -->
<!--    existing user on the site or to create a new user. -->
<!-- 7. WordPress will then import each of the posts, pages, comments, categories, etc. -->
<!--    contained in this file into your site. -->

<!-- generator="WordPress/4.4.2" created="2016-04-19 20:21" -->
<rss version="2.0"
	xmlns:excerpt="http://wordpress.org/export/1.2/excerpt/"
	xmlns:content="http://purl.org/rss/1.0/modules/content/"
	xmlns:wfw="http://wellformedweb.org/CommentAPI/"
	xmlns:dc="http://purl.org/dc/elements/1.1/"
	xmlns:wp="http://wordpress.org/export/1.2/"
>

<channel>
	<title>Dummy 3</title>
	<link>http://xtemos.com/dummy/basel3</link>
	<description>Just another WordPress site</description>
	<pubDate>Tue, 19 Apr 2016 20:21:03 +0000</pubDate>
	<language>en-US</language>
	<wp:wxr_version>1.2</wp:wxr_version>
	<wp:base_site_url>http://xtemos.com/dummy/basel3</wp:base_site_url>
	<wp:base_blog_url>http://xtemos.com/dummy/basel3</wp:base_blog_url>

	<wp:author><wp:author_id>1</wp:author_id><wp:author_login>admin</wp:author_login><wp:author_email>admin@basel.as</wp:author_email><wp:author_display_name><![CDATA[admin]]></wp:author_display_name><wp:author_first_name><![CDATA[]]></wp:author_first_name><wp:author_last_name><![CDATA[]]></wp:author_last_name></wp:author>


	<generator>https://wordpress.org/?v=4.4.2</generator>

	<item>
		<title>Home minimalist</title>
		<link>http://xtemos.com/dummy/basel3/home-minimalist/</link>
		<pubDate>Tue, 19 Apr 2016 20:09:54 +0000</pubDate>
		<dc:creator><![CDATA[admin]]></dc:creator>
		<guid isPermaLink="false">http://xtemos.com/dummy/basel3/?page_id=241</guid>
		<description></description>
		<content:encoded><![CDATA[[vc_row css=".vc_custom_1461069173204{margin-top: -40px !important;margin-right: -15px !important;margin-bottom: 30px !important;margin-left: -15px !important;}"][vc_column][rev_slider_vc alias="minimalist-slider"][/vc_column][/vc_row][vc_row css=".vc_custom_1461069179817{margin-bottom: 4% !important;}"][vc_column width="1/3"][promo_banner image="245" alignment="right" hover="1" basel_color_scheme="dark" img_size="full" link="http://demo.xtemos.com/basel/shop/"]
<h3 style="font-weight: bold; font-size: 20px; margin-bottom: 10px;">AUTUMN COLLECTION</h3>
<a class="btn btn-style-link" href="#">Shop Now</a>[/promo_banner][/vc_column][vc_column width="1/3"][promo_banner image="244" alignment="center" hover="1" basel_color_scheme="dark" img_size="full" link="http://demo.xtemos.com/basel/shop/"]
<h2 style="font-weight: 600; font-size: 20px; margin-bottom: 10px;">#YOUMUSTHAVE</h2>
<a class="btn btn-style-link" href="#">Shop Now</a>[/promo_banner][/vc_column][vc_column width="1/3"][promo_banner image="246" hover="1" basel_color_scheme="dark" img_size="full" link="http://demo.xtemos.com/basel/shop/"]
<h3 style="font-weight: bold; font-size: 19px; margin-bottom: 10px; color: #ff6464;">HOT SALE <em>30%</em></h3>
<a class="btn btn-style-link" href="#">Shop Now</a>[/promo_banner][/vc_column][/vc_row][vc_row css=".vc_custom_1461061107781{margin-bottom: 5% !important;}"][vc_column][basel_title style="bordered" title="FEATURED PRODUCTS" css=".vc_custom_1461064823083{margin-bottom: 35px !important;padding-top: 5px !important;padding-bottom: 10px !important;}" subtitle="AMAZING SHOP"][basel_products items_per_page="8" pagination="more-btn" columns="4" orderby="rand" order="ASC"][/vc_column][/vc_row][vc_row css=".vc_custom_1461090459580{margin-right: 5px !important;margin-bottom: 40px !important;margin-left: 5px !important;padding-top: 15px !important;padding-bottom: 30px !important;background-color: #f7f7f7 !important;}"][vc_column width="1/3"][vc_icon type="linecons" icon_linecons="vc_li vc_li-truck" color="black" size="lg" align="center" css=".vc_custom_1461064632878{margin-bottom: -30px !important;}"][basel_info_box btn_position="static" alignment="center" btn_text="View Products"]
<h3>Free Shipping &amp; Delivery</h3>
Quam natoque magna conubia odio
vestibulum dui sagittis.[/basel_info_box][/vc_column][vc_column width="1/3"][vc_icon type="linecons" icon_linecons="vc_li vc_li-diamond" color="black" size="lg" align="center" css=".vc_custom_1461064766225{margin-bottom: -30px !important;}"][basel_info_box btn_position="static" alignment="center" btn_text="View Products"]
<h3>Brilliant Quality Items</h3>
Quam natoque magna conubia odio
vestibulum dui sagittis.[/basel_info_box][/vc_column][vc_column width="1/3"][vc_icon type="linecons" icon_linecons="vc_li vc_li-camera" color="black" size="lg" align="center" css=".vc_custom_1461064777033{margin-bottom: -30px !important;}"][basel_info_box btn_position="static" alignment="center" btn_text="View Products"]
<h3>Awesome Products Photo</h3>
Quam natoque magna conubia odio
vestibulum dui sagittis.[/basel_info_box][/vc_column][/vc_row][vc_row][vc_column][basel_title style="bordered" title="FEATURED POSTS" css=".vc_custom_1461092154371{margin-bottom: 35px !important;padding-top: 5px !important;padding-bottom: 10px !important;}" subtitle="FROM OUR BLOG"][basel_posts slides_per_view="3" posts_query="size:4|order_by:ID|order:DESC|post_type:post" img_size="367x225"][/vc_column][/vc_row]]]></content:encoded>
		<excerpt:encoded><![CDATA[]]></excerpt:encoded>
		<wp:post_id>241</wp:post_id>
		<wp:post_date>2016-04-19 20:09:54</wp:post_date>
		<wp:post_date_gmt>2016-04-19 20:09:54</wp:post_date_gmt>
		<wp:comment_status>closed</wp:comment_status>
		<wp:ping_status>closed</wp:ping_status>
		<wp:post_name>home-minimalist</wp:post_name>
		<wp:status>publish</wp:status>
		<wp:post_parent>0</wp:post_parent>
		<wp:menu_order>0</wp:menu_order>
		<wp:post_type>page</wp:post_type>
		<wp:post_password></wp:post_password>
		<wp:is_sticky>0</wp:is_sticky>
		<wp:postmeta>
			<wp:meta_key>_wp_page_template</wp:meta_key>
			<wp:meta_value><![CDATA[default]]></wp:meta_value>
		</wp:postmeta>
		<wp:postmeta>
			<wp:meta_key>_basel_main_layout</wp:meta_key>
			<wp:meta_value><![CDATA[full-width]]></wp:meta_value>
		</wp:postmeta>
		<wp:postmeta>
			<wp:meta_key>_basel_header</wp:meta_key>
			<wp:meta_value><![CDATA[simple]]></wp:meta_value>
		</wp:postmeta>
		<wp:postmeta>
			<wp:meta_key>_basel_title_off</wp:meta_key>
			<wp:meta_value><![CDATA[on]]></wp:meta_value>
		</wp:postmeta>
		<wp:postmeta>
			<wp:meta_key>_wpb_shortcodes_custom_css</wp:meta_key>
			<wp:meta_value><![CDATA[.vc_custom_1461069173204{margin-top: -40px !important;margin-right: -15px !important;margin-bottom: 30px !important;margin-left: -15px !important;}.vc_custom_1461069179817{margin-bottom: 4% !important;}.vc_custom_1461061107781{margin-bottom: 5% !important;}.vc_custom_1461090459580{margin-right: 5px !important;margin-bottom: 40px !important;margin-left: 5px !important;padding-top: 15px !important;padding-bottom: 30px !important;background-color: #f7f7f7 !important;}.vc_custom_1461064823083{margin-bottom: 35px !important;padding-top: 5px !important;padding-bottom: 10px !important;}.vc_custom_1461064632878{margin-bottom: -30px !important;}.vc_custom_1461064766225{margin-bottom: -30px !important;}.vc_custom_1461064777033{margin-bottom: -30px !important;}.vc_custom_1461092154371{margin-bottom: 35px !important;padding-top: 5px !important;padding-bottom: 10px !important;}]]></wp:meta_value>
		</wp:postmeta>
	</item>
	<item>
		<title>baner-1</title>
		<link>http://xtemos.com/dummy/basel3/home-minimalist/baner-1/</link>
		<pubDate>Tue, 19 Apr 2016 20:16:49 +0000</pubDate>
		<dc:creator><![CDATA[admin]]></dc:creator>
		<guid isPermaLink="false">http://xtemos.com/dummy/basel3/wp-content/uploads/2016/04/baner-1.jpg</guid>
		<description></description>
		<content:encoded><![CDATA[]]></content:encoded>
		<excerpt:encoded><![CDATA[]]></excerpt:encoded>
		<wp:post_id>244</wp:post_id>
		<wp:post_date>2016-04-19 20:16:49</wp:post_date>
		<wp:post_date_gmt>2016-04-19 20:16:49</wp:post_date_gmt>
		<wp:comment_status>open</wp:comment_status>
		<wp:ping_status>closed</wp:ping_status>
		<wp:post_name>baner-1</wp:post_name>
		<wp:status>inherit</wp:status>
		<wp:post_parent>241</wp:post_parent>
		<wp:menu_order>0</wp:menu_order>
		<wp:post_type>attachment</wp:post_type>
		<wp:post_password></wp:post_password>
		<wp:is_sticky>0</wp:is_sticky>
		<wp:attachment_url>http://xtemos.com/dummy/basel3/wp-content/uploads/2016/04/baner-1.jpg</wp:attachment_url>
		<wp:postmeta>
			<wp:meta_key>_wp_attached_file</wp:meta_key>
			<wp:meta_value><![CDATA[2016/04/baner-1.jpg]]></wp:meta_value>
		</wp:postmeta>
	</item>
	<item>
		<title>baner-2</title>
		<link>http://xtemos.com/dummy/basel3/home-minimalist/baner-2/</link>
		<pubDate>Tue, 19 Apr 2016 20:16:52 +0000</pubDate>
		<dc:creator><![CDATA[admin]]></dc:creator>
		<guid isPermaLink="false">http://xtemos.com/dummy/basel3/wp-content/uploads/2016/04/baner-2.jpg</guid>
		<description></description>
		<content:encoded><![CDATA[]]></content:encoded>
		<excerpt:encoded><![CDATA[]]></excerpt:encoded>
		<wp:post_id>245</wp:post_id>
		<wp:post_date>2016-04-19 20:16:52</wp:post_date>
		<wp:post_date_gmt>2016-04-19 20:16:52</wp:post_date_gmt>
		<wp:comment_status>open</wp:comment_status>
		<wp:ping_status>closed</wp:ping_status>
		<wp:post_name>baner-2</wp:post_name>
		<wp:status>inherit</wp:status>
		<wp:post_parent>241</wp:post_parent>
		<wp:menu_order>0</wp:menu_order>
		<wp:post_type>attachment</wp:post_type>
		<wp:post_password></wp:post_password>
		<wp:is_sticky>0</wp:is_sticky>
		<wp:attachment_url>http://xtemos.com/dummy/basel3/wp-content/uploads/2016/04/baner-2.jpg</wp:attachment_url>
		<wp:postmeta>
			<wp:meta_key>_wp_attached_file</wp:meta_key>
			<wp:meta_value><![CDATA[2016/04/baner-2.jpg]]></wp:meta_value>
		</wp:postmeta>
	</item>
	<item>
		<title>baner-3</title>
		<link>http://xtemos.com/dummy/basel3/home-minimalist/baner-3/</link>
		<pubDate>Tue, 19 Apr 2016 20:17:00 +0000</pubDate>
		<dc:creator><![CDATA[admin]]></dc:creator>
		<guid isPermaLink="false">http://xtemos.com/dummy/basel3/wp-content/uploads/2016/04/baner-3.jpg</guid>
		<description></description>
		<content:encoded><![CDATA[]]></content:encoded>
		<excerpt:encoded><![CDATA[]]></excerpt:encoded>
		<wp:post_id>246</wp:post_id>
		<wp:post_date>2016-04-19 20:17:00</wp:post_date>
		<wp:post_date_gmt>2016-04-19 20:17:00</wp:post_date_gmt>
		<wp:comment_status>open</wp:comment_status>
		<wp:ping_status>closed</wp:ping_status>
		<wp:post_name>baner-3</wp:post_name>
		<wp:status>inherit</wp:status>
		<wp:post_parent>241</wp:post_parent>
		<wp:menu_order>0</wp:menu_order>
		<wp:post_type>attachment</wp:post_type>
		<wp:post_password></wp:post_password>
		<wp:is_sticky>0</wp:is_sticky>
		<wp:attachment_url>http://xtemos.com/dummy/basel3/wp-content/uploads/2016/04/baner-3.jpg</wp:attachment_url>
		<wp:postmeta>
			<wp:meta_key>_wp_attached_file</wp:meta_key>
			<wp:meta_value><![CDATA[2016/04/baner-3.jpg]]></wp:meta_value>
		</wp:postmeta>
	</item>
</channel>
</rss>
